ano,uf,sq_candidato,nome,cargo,partido,documentos,reviewed_documents,pending_documents,positive_documents,numbered_processes,records_without_number,provisional_processes,has_reviewed_record_preliminary
2026,AC,10002532416,ADGICLEIA DOS SANTOS GUIMARÃES,DEPUTADO FEDERAL,MDB,1,0,0,0,0,0,0,False
2026,AC,10002532418,JOZINEY ALVES AMORIM,DEPUTADO FEDERAL,MDB,2,2,0,1,1,0,0,True
2026,AC,10002532421,VAGNER JOSÉ SALES,DEPUTADO FEDERAL,MDB,1,0,0,0,0,0,0,False
2026,AC,10002532489,ROBERTO DUARTE JUNIOR,DEPUTADO FEDERAL,REPUBLICANOS,1,1,0,0,0,0,0,False
2026,AC,10002533896,RAIMUNDO NONATO MOREIRA DA SILVA,1º SUPLENTE,REPUBLICANOS,2,0,0,0,0,0,0,False
2026,AC,10002533995,MARIA HORLEIZIA DE OLIVEIRA,DEPUTADO ESTADUAL,NOVO,2,0,0,0,0,0,0,False
2026,AC,10002534775,ANTONIO PEDRO MENDONÇA,DEPUTADO ESTADUAL,PSD,2,0,0,0,0,0,0,False
2026,AC,10002534776,MARIA ELIZABETE DE OLIVEIRA LIMA,DEPUTADO ESTADUAL,PSD,2,1,0,0,0,0,0,False
2026,AC,10002534778,MAYCON MOREIRA DA SILVA,DEPUTADO ESTADUAL,PSD,2,1,0,0,0,0,0,False
2026,AC,10002534779,JOELSO DOS SANTOS PONTES,DEPUTADO ESTADUAL,PSD,2,1,0,0,0,0,0,False
2026,AC,10002534781,JOZIMILDO GOMES DA SILVA,DEPUTADO ESTADUAL,PSD,2,2,0,0,0,0,0,False
2026,AC,10002534783,ELTER DE QUEIROZ NOBREGA,DEPUTADO ESTADUAL,PSD,2,0,0,0,0,0,0,False
2026,AC,10002534784,JAILSON PONTES DE AMORIM,DEPUTADO ESTADUAL,PSD,2,1,0,0,0,0,0,False
2026,AC,10002534785,JAMYL ASFURY MARTINS OLIVEIRA,DEPUTADO ESTADUAL,PSD,2,0,0,0,0,0,0,False
2026,AC,10002534786,MOISÉS DINIZ LIMA,DEPUTADO ESTADUAL,PSD,2,1,0,0,0,0,0,False
2026,AC,10002534787,LUELI FIESCA FERREIRA,DEPUTADO ESTADUAL,PSD,2,0,0,0,0,0,0,False
2026,AC,10002534788,FRANCISCO DE PAIVA MELO JUNIOR,DEPUTADO ESTADUAL,PSD,2,0,0,0,0,0,0,False
2026,AC,10002534790,PAULO JEAN DA SILVA XIMENES,DEPUTADO ESTADUAL,PSD,2,1,0,0,0,0,0,False
2026,AC,10002534791,JEFRSON DA SILVA MENDONCA,DEPUTADO ESTADUAL,PSD,2,0,0,0,0,0,0,False
2026,AC,10002534792,DANIEL DORZILA DE OLIVEIRA,DEPUTADO ESTADUAL,PSD,2,1,0,0,0,0,0,False
2026,AC,10002534793,BRUNA FERNANDES DIAS,DEPUTADO ESTADUAL,PSD,2,0,0,0,0,0,0,False
2026,AC,10002534794,MARILETE VITORINO DE SIQUEIRA,DEPUTADO ESTADUAL,PSD,2,0,0,0,0,0,0,False
2026,AC,10002536298,DAIANE FONTINELE COELHO,DEPUTADO FEDERAL,AVANTE,1,0,0,0,0,0,0,False
2026,AC,10002536299,NAUAN DA COSTA ARAGÃO FREIRES,DEPUTADO FEDERAL,AVANTE,1,1,0,0,0,0,0,False
2026,AC,10002536300,CLAUDEMIR VICENTE FERREIRA JUNIOR PARFAN,DEPUTADO FEDERAL,AVANTE,1,0,0,0,0,0,0,False
2026,AC,10002536301,ROSA MARIA DE LIMA,DEPUTADO FEDERAL,AVANTE,1,0,0,0,0,0,0,False
2026,AC,10002536323,LICURGO TADEU DE SOUZA HASSEM,DEPUTADO ESTADUAL,REPUBLICANOS,2,1,0,0,0,0,0,False
2026,AC,10002536331,GENE GLENN DINIZ ANDRADE,DEPUTADO ESTADUAL,REPUBLICANOS,2,0,0,0,0,0,0,False
2026,AC,10002538356,VIRGÍLIO OLIVEIRA MACEDO NEVES VIANA,DEPUTADO FEDERAL,PV,1,1,0,0,0,0,0,False
2026,AC,10002544015,SEBASTIAO BOCALOM RODRIGUES,GOVERNADOR,PSDB,2,0,0,0,0,0,0,False
2026,AC,10002544016,ADONIS FRANCISCO DE ALMEIDA SOUZA,VICE-GOVERNADOR,PSDB,2,0,0,0,0,0,0,False
2026,AC,10002544018,PATRÍCIA PARENTE DE CARVALHO PASCOAL,DEPUTADO ESTADUAL,PSDB,1,0,0,0,0,0,0,False
2026,AC,10002544019,FRANCISCO BRIGIDO DA COSTA,DEPUTADO ESTADUAL,PSDB,2,1,0,0,0,0,0,False
2026,AC,10002544021,FRANCISCO SIDENELIO DE SOUZA PEDROSA,DEPUTADO ESTADUAL,PSDB,1,0,0,0,0,0,0,False
2026,AC,10002544022,GEORGIA CRISTINA HERNANDEZ MICHELETTI,DEPUTADO ESTADUAL,PSDB,2,0,0,0,0,0,0,False
2026,AC,10002544023,VALTEMIR EVANGELISTA DE SOUZA,DEPUTADO ESTADUAL,PSDB,2,0,0,0,0,0,0,False
2026,AC,10002544025,JOSE AGAMEDES OLIVEIRA DE SOUZA,DEPUTADO ESTADUAL,PSDB,6,2,0,1,1,0,0,True
2026,AC,10002544026,JOSE CAVALCANTE DAMASCENO JUNIOR,DEPUTADO ESTADUAL,PSDB,1,0,0,0,0,0,0,False
2026,AC,10002544028,SARA GALVÃO DIAS,DEPUTADO ESTADUAL,PSDB,2,1,0,0,0,0,0,False
2026,AC,10002544029,CARLOS LEANDRO DA COSTA SOUSA,DEPUTADO ESTADUAL,CIDADANIA,2,1,0,0,0,0,0,False
2026,AC,10002544030,MARIA ODETE OLIVEIRA DA CONCEICAO,DEPUTADO ESTADUAL,CIDADANIA,3,2,0,2,1,0,0,True
2026,AC,10002544032,ANTONIO SILVA LIMA,DEPUTADO ESTADUAL,PSDB,1,0,0,0,0,0,0,False
2026,AC,10002544034,ANTONIO JOSE DO NASCIMENTO,DEPUTADO ESTADUAL,CIDADANIA,1,1,0,0,0,0,0,False
2026,AC,10002544035,EMERSON LEÃO PEREIRA DA SILVA,DEPUTADO ESTADUAL,PSDB,1,1,0,0,0,0,0,False
2026,AC,10002544036,ANTONIO TORRES AMARAL,DEPUTADO ESTADUAL,PSDB,2,0,0,0,0,0,0,False
2026,AC,10002544037,RAIMUNDO NONATO SOUZA DOS SANTOS,DEPUTADO ESTADUAL,PSDB,1,0,0,0,0,0,0,False
2026,AC,10002544038,ANTONIO MARAZONA DE SOUZA NASCIMENTO,DEPUTADO ESTADUAL,CIDADANIA,2,1,0,0,0,0,0,False
2026,AC,10002544039,EDIGLEY DE SOUZA ROSENDO,DEPUTADO ESTADUAL,PSDB,3,0,0,0,0,0,0,False
2026,AC,10002544040,CRISTIANE DE SOUZA DA ROCHA,DEPUTADO ESTADUAL,CIDADANIA,1,1,0,0,0,0,0,False
2026,AC,10002544109,JANAINA SILVA DE ALMEIDA QUEIROZ,2º SUPLENTE,REDE,2,1,0,0,0,0,0,False
2026,AC,10002544110,INACIO ALVES MOREIRA NETTO,SENADOR,PSOL,2,1,0,0,0,0,0,False
2026,AC,10002544111,SOLEANE DE SOUZA BRASIL MANCHINERI,1º SUPLENTE,REDE,2,0,0,0,0,0,0,False
2026,AC,10002544277,JOÃO MARCOS DE SOUZA DA LUZ,DEPUTADO FEDERAL,PSDB,3,2,0,2,1,0,0,True
2026,AC,10002544278,FRANCISCO LEANDRO COSTA,DEPUTADO FEDERAL,CIDADANIA,1,0,0,0,0,0,0,False
2026,AC,10002544283,IRINEIA BARBOSA GOMES AIELO,DEPUTADO FEDERAL,PSDB,2,0,0,0,0,0,0,False
2026,AC,10002544284,ROGER CORREA DE OLIVEIRA,DEPUTADO FEDERAL,PSDB,1,1,0,0,0,0,0,False
2026,AC,10002544291,EDEN ALVES AZEVEDO,DEPUTADO FEDERAL,PL,1,0,0,0,0,0,0,False
2026,AC,10002544535,MARTA DE FIGUEIREDO,DEPUTADO ESTADUAL,UNIÃO,1,0,0,0,0,0,0,False
2026,AC,10002544595,ISAAC DA SILVA PIYÂKO,DEPUTADO ESTADUAL,PT,1,0,0,0,0,0,0,False
2026,AC,10002545230,LETICIA CRISTINE DA COSTA RIBEIRO,DEPUTADO FEDERAL,UNIÃO,1,0,0,0,0,0,0,False
2026,AC,10002545647,RAIANE SOARES DO Ó DIAS,DEPUTADO ESTADUAL,PL,1,0,0,0,0,0,0,False
2026,AC,10002545651,CHARLENE MARIA DE LIMA,DEPUTADO ESTADUAL,PL,3,1,0,1,1,0,0,True
2026,AC,10002545654,BENEDITO CAVALCANTE DAMASCENO,DEPUTADO ESTADUAL,PL,4,2,0,1,1,0,0,True
2026,AC,10002545655,RAIMUNDO NONATO FERREIRA DA SILVA,DEPUTADO ESTADUAL,PL,1,0,0,0,0,0,0,False
2026,AC,10002545659,GIOVANNI BADY CASSEB,DEPUTADO ESTADUAL,PL,2,2,0,0,0,0,0,False
2026,AC,10002545661,SERGIO LOPES DE SOUZA,DEPUTADO ESTADUAL,PL,2,0,0,0,0,0,0,False
2026,AC,10002545664,JOSÉ CARLOS MARTINEZ FEITOSA,DEPUTADO FEDERAL,PSOL,1,0,0,0,0,0,0,False
2026,AC,10002545665,RISOMALIA DE PAULA SOUZA,DEPUTADO FEDERAL,PSOL,1,0,0,0,0,0,0,False
2026,AC,10002545666,MARCOS ALEXANDRE DOS ANJOS,DEPUTADO FEDERAL,PSOL,1,1,0,0,0,0,0,False
2026,AC,10002545667,AMANDA SOUZA DA COSTA,DEPUTADO FEDERAL,PSOL,1,1,0,0,0,0,0,False
2026,AC,10002545668,JOSE DE SOUZA ROCHA,DEPUTADO FEDERAL,PSOL,1,1,0,0,0,0,0,False
2026,AC,10002548046,GLADSON DE LIMA CAMELÍ,SENADOR,PP,7,3,0,3,4,0,0,True
2026,AC,10002548047,LIVIO VERAS,2º SUPLENTE,PP,9,8,0,4,2,0,0,True
2026,AC,10002549500,EUDO RAFFAEL LIMA DA SILVA,GOVERNADOR,PCB,1,0,0,0,0,0,0,False
2026,AC,10002549501,CESAR AUGUSTO FELIX DA SILVA,VICE-GOVERNADOR,PCB,1,1,0,0,0,0,0,False
2026,AC,10002550650,ANA PAULA RODRIGUES FEITOSA DO NASCIMENTO,DEPUTADO ESTADUAL,PDT,1,0,0,0,0,0,0,False
2026,AC,10002550656,FLAVIA SOUSA DA SILVA,DEPUTADO ESTADUAL,PDT,1,0,0,0,0,0,0,False
2026,AC,10002550659,MARIA APARECIDA RIBEIRO DA SILVA,DEPUTADO ESTADUAL,PDT,2,1,0,0,0,0,0,False
2026,AC,10002550660,FABIO SANTOS DE SANTANA,DEPUTADO ESTADUAL,PDT,1,0,0,0,0,0,0,False
2026,AC,10002550662,ALDENIZA RODRIGUES DE LIMA,DEPUTADO ESTADUAL,PDT,3,2,0,0,0,0,0,False
2026,AC,10002550667,ANTONIO ROSENIR SILVA ARCÊNIO,DEPUTADO ESTADUAL,PDT,1,0,0,0,0,0,0,False
2026,AC,10002550668,MARCIO ANDRE MARINHO DE ALMEIDA,DEPUTADO ESTADUAL,PDT,3,2,0,2,1,0,0,True
2026,AC,10002550671,MARIA DE JESUS GOMES DA SILVA CAVALCANTE,DEPUTADO FEDERAL,PDT,1,0,0,0,0,0,0,False
2026,AC,10002550719,THOR OLIVEIRA DANTAS,GOVERNADOR,PSB,2,1,0,0,0,0,0,False
2026,AC,10002550720,MARIA DO PERPETUO SOCORRO RODRIGUES DE SOUZA,VICE-GOVERNADOR,PODE,2,1,0,0,0,0,0,False
2026,AC,10002550801,FRANCISCO LOPES PESSOA,DEPUTADO FEDERAL,PSB,1,1,0,0,0,0,0,False
2026,AC,10002551865,JEAN GONÇALVES DE HOLANDA,DEPUTADO FEDERAL,SOLIDARIEDADE,1,0,0,0,0,0,0,False
2026,AC,10002551868,MARCIO ARAUJO DE ALMEIDA,DEPUTADO FEDERAL,SOLIDARIEDADE,1,0,0,0,0,0,0,False
2026,AC,10002551870,RAIMUNDO NONATO DE CASTRO,DEPUTADO FEDERAL,SOLIDARIEDADE,1,1,0,0,0,0,0,False
2026,AC,10002551871,JOSE CARLOS PINTO FURTADO,DEPUTADO FEDERAL,PRD,1,1,0,0,0,0,0,False
2026,AC,10002551873,MARCOS ANTONIO SILVA TORRES,DEPUTADO FEDERAL,SOLIDARIEDADE,1,0,0,0,0,0,0,False
2026,AC,10002552388,GILSOMAR OLIVEIRA GOMES,DEPUTADO ESTADUAL,PRD,1,0,0,0,0,0,0,False
2026,AC,10002552389,ANDREIA NASCIMENTO DE LIMA,DEPUTADO ESTADUAL,SOLIDARIEDADE,1,0,0,0,0,0,0,False
2026,AC,10002552390,ANGELINO FEITOZA DA SILVA,DEPUTADO ESTADUAL,SOLIDARIEDADE,2,0,0,0,0,0,0,False
2026,AC,10002552392,CLEINTON ALVES DO NASCIMENTO,DEPUTADO ESTADUAL,SOLIDARIEDADE,1,0,0,0,0,0,0,False
2026,AC,10002552393,PEDRO FERREIRA BENEVIDES NETO,DEPUTADO ESTADUAL,PRD,1,1,0,0,0,0,0,False
2026,AC,10002552394,DEMILSON SILVA DOS SANTOS,DEPUTADO ESTADUAL,SOLIDARIEDADE,1,0,0,0,0,0,0,False
2026,AC,10002552395,WALDI SILVA JARDIM DE ARAUJO,DEPUTADO ESTADUAL,SOLIDARIEDADE,1,0,0,0,0,0,0,False
2026,AC,10002552397,JOSE RAIMUNDO PINHEIRO FELIX,DEPUTADO ESTADUAL,SOLIDARIEDADE,2,0,0,0,0,0,0,False
2026,AC,10002552398,JOSSICLEUDO SAMPAIO DE MELO,DEPUTADO ESTADUAL,PRD,2,1,0,0,0,0,0,False
2026,AC,10002552400,JOAO BATISTA PEREIRA DA SILVA,DEPUTADO FEDERAL,PODE,1,0,0,0,0,0,0,False
2026,AC,10002552401,RUDSON DOS SANTOS RIBEIRO,DEPUTADO FEDERAL,PODE,1,0,0,0,0,0,0,False
2026,AC,10002552402,WSTANY WIRLEY DA SILVA,DEPUTADO FEDERAL,PODE,1,0,0,0,0,0,0,False
2026,AC,10002552404,FERNANDO MELO DA COSTA,DEPUTADO FEDERAL,PODE,2,0,0,0,0,0,0,False
2026,AC,10002552609,FRANCISCO UBIRACY MACHADO DE VASCONCELOS,1º SUPLENTE,PT,1,0,0,0,0,0,0,False
2026,AC,10002552778,MARIA OLINDA ROCHA ANDRADE,DEPUTADO ESTADUAL,PSOL,1,1,0,0,0,0,0,False
2026,AC,10002552832,NILSON DOS SANTOS MOTA,DEPUTADO ESTADUAL,PODE,1,0,0,0,0,0,0,False
2026,AC,10002552837,FRANCINEIDE DA SILVA,DEPUTADO ESTADUAL,PODE,1,1,0,0,0,0,0,False
2026,AC,10002552838,LUCAS DOS SANTOS PEREIRA ROGGE,DEPUTADO ESTADUAL,PODE,2,0,0,0,0,0,0,False
2026,AC,10002552839,EROS ASFURI BARROSO,DEPUTADO ESTADUAL,PODE,2,1,0,0,0,0,0,False
2026,AC,10002552840,MARCOS ALEXANDRE BARBOSA BEZERRA,DEPUTADO ESTADUAL,PODE,1,1,0,0,0,0,0,False
2026,AC,10002552843,GRACIETE CAVALCANTE DA SILVA,DEPUTADO ESTADUAL,PODE,1,0,0,0,0,0,0,False
2026,AC,10002552845,MARIA LUDIENE BRAGA DE LIMA,DEPUTADO ESTADUAL,PODE,1,0,0,0,0,0,0,False
2026,AC,10002552847,EDNAIRA CAMPOS RAULINO,DEPUTADO ESTADUAL,PODE,2,2,0,0,0,0,0,False
2026,AC,10002552850,FRANCISCO ANGELO FREITAS,DEPUTADO ESTADUAL,PODE,1,1,0,0,0,0,0,False
2026,AC,10002553953,ANDREIA NASCIMENTO DE LIMA,DEPUTADO FEDERAL,SOLIDARIEDADE,2,1,0,0,0,0,0,False
2026,AC,10002553974,JÉSSICA DAS NEVES ALEXANDRINO,DEPUTADO FEDERAL,PODE,2,0,0,0,0,0,0,False
2026,AC,10002553976,RIVELINO CAVALCANTE ALEXANDRINO,DEPUTADO ESTADUAL,PODE,2,0,0,0,0,0,0,False
2026,AC,10002553977,ALYNE VITÓRIA FERREIRA ARAÚJO,DEPUTADO ESTADUAL,PODE,1,0,0,0,0,0,0,False
2026,AC,10002553978,EVA MATOS DE ANDRADE,DEPUTADO ESTADUAL,PODE,1,1,0,0,0,0,0,False
2026,AC,10002553980,FRANCIMAR FERNANDES DE ALBUQUERQUE,DEPUTADO ESTADUAL,PODE,1,0,0,0,0,0,0,False
2026,AL,20002538153,MARIA JOSE DOS SANTOS,DEPUTADO ESTADUAL,UP,1,0,0,0,0,0,0,False
2026,AL,20002538203,GERVASIO RAIMUNDO DOS SANTOS NETO,DEPUTADO FEDERAL,PRD,2,0,0,0,0,0,0,False
2026,AL,20002538204,JOAO FRANCISCO DE ASSIS NETO,DEPUTADO FEDERAL,SOLIDARIEDADE,2,0,0,0,0,0,0,False
2026,AL,20002538205,HELOANE GABRIELE LOURENÇO BEZERRA COSTA,DEPUTADO FEDERAL,SOLIDARIEDADE,2,0,0,0,0,0,0,False
2026,AL,20002538206,LAUDICEIA DE HOLANDA DA SILVA,DEPUTADO FEDERAL,SOLIDARIEDADE,2,0,0,0,0,0,0,False
2026,AL,20002538207,IVON BERTO TIBURCIO DE LIMA,DEPUTADO FEDERAL,PRD,2,0,0,0,0,0,0,False
2026,AL,20002538208,MARCELO GOUVEIA DE OLIVEIRA,DEPUTADO FEDERAL,PRD,2,0,0,0,0,0,0,False
2026,AL,20002538209,JOANA DARC GOMES DE OLIVEIRA,DEPUTADO FEDERAL,PRD,2,0,0,0,0,0,0,False
2026,AL,20002538210,AFRANIO DE MENDONÇA ALVES NETO,DEPUTADO FEDERAL,SOLIDARIEDADE,2,0,0,0,0,0,0,False
2026,AL,20002538211,EUCÊNIA MARIA VIEIRA,DEPUTADO FEDERAL,PRD,2,0,0,0,0,0,0,False
2026,AL,20002538212,JOSE CICERO DA CONCEICAO SANTOS,DEPUTADO FEDERAL,SOLIDARIEDADE,2,0,0,0,0,0,0,False
2026,AL,20002538376,ANTONIO MARCOS DA SILVA,DEPUTADO ESTADUAL,SOLIDARIEDADE,3,0,0,0,0,0,0,False
2026,AL,20002538377,EVERALDO GOMES CANABARRO,DEPUTADO ESTADUAL,SOLIDARIEDADE,2,0,0,0,0,0,0,False
2026,AL,20002538378,MARIA NATALIA DO NASCIMENTO ALVES,DEPUTADO ESTADUAL,PRD,2,0,0,0,0,0,0,False
2026,AL,20002538379,CELIO HERCULANO DA SILVA,DEPUTADO ESTADUAL,SOLIDARIEDADE,2,0,0,0,0,0,0,False
2026,AL,20002538380,ISRAEL JOSE DOS SANTOS,DEPUTADO ESTADUAL,SOLIDARIEDADE,2,0,0,0,0,0,0,False
2026,AL,20002538381,ZENILDES BORGES DA SILVA,DEPUTADO ESTADUAL,SOLIDARIEDADE,2,0,0,0,0,0,0,False
2026,AL,20002538382,GENILDA RAIMUNDO DA SILVA,DEPUTADO ESTADUAL,SOLIDARIEDADE,2,0,0,0,0,0,0,False
2026,AL,20002538383,IVELISE PINHEIRO DE OLIVEIRA,DEPUTADO ESTADUAL,PRD,2,0,0,0,0,0,0,False
2026,AL,20002538384,JOSE GOMES ALVES,DEPUTADO ESTADUAL,PRD,2,0,0,0,0,0,0,False
2026,AL,20002538385,LYARA PATRICIA DA SILVA SALUSTIANO,DEPUTADO ESTADUAL,PRD,4,0,0,0,0,0,0,False
2026,AL,20002538386,DELAN OLIVEIRA CAMPOS,DEPUTADO ESTADUAL,PRD,2,0,0,0,0,0,0,False
2026,AL,20002538387,ERICK VIEIRA DE BRITO,DEPUTADO ESTADUAL,PRD,2,0,0,0,0,0,0,False
2026,AL,20002538388,JANIERI FERREIRA DE SOUZA,DEPUTADO ESTADUAL,PRD,4,0,0,0,0,0,0,False
2026,AL,20002538389,DEBORA DA SILVA BARBOSA LIMA,DEPUTADO ESTADUAL,PRD,2,0,0,0,0,0,0,False
2026,AL,20002538390,EDILSON DE LIMA SANTOS,DEPUTADO ESTADUAL,PRD,2,0,0,0,0,0,0,False
2026,AL,20002538391,SANDRA PATRICIA CARVALHO MEDEIROS,DEPUTADO ESTADUAL,SOLIDARIEDADE,2,0,0,0,0,0,0,False
2026,AL,20002538392,JOSÉ WILLAMES CORDEIRO SANTOS,DEPUTADO ESTADUAL,SOLIDARIEDADE,2,0,0,0,0,0,0,False
2026,AL,20002538393,FRANCELINO JOSE DE BRITO NETO,DEPUTADO ESTADUAL,PRD,2,0,0,0,0,0,0,False
2026,AL,20002538394,CAMILLE DA COSTA NUNES,DEPUTADO ESTADUAL,SOLIDARIEDADE,2,0,0,0,0,0,0,False
2026,AL,20002538395,DANILO FREITAS DA SILVA,DEPUTADO ESTADUAL,PRD,2,0,0,0,0,0,0,False
2026,AL,20002538396,RENATA TAISLANE SILVA CUNHA GUEDES DE MELO,DEPUTADO ESTADUAL,SOLIDARIEDADE,2,0,0,0,0,0,0,False
2026,AL,20002538397,JOSÉ LUIS DOS SANTOS,DEPUTADO ESTADUAL,PRD,2,0,0,0,0,0,0,False
2026,AL,20002538398,JOSE FERNANDO DA SILVA JUNIOR,DEPUTADO ESTADUAL,SOLIDARIEDADE,2,0,0,0,0,0,0,False
2026,AL,20002538399,JAUDENI DA SILVA COUTINHO,DEPUTADO ESTADUAL,SOLIDARIEDADE,2,0,0,0,0,0,0,False
2026,AL,20002538400,IVANILDO GOMES DO NASCIMENTO,DEPUTADO ESTADUAL,PRD,2,0,0,0,0,0,0,False
2026,AL,20002538401,ROMULO JOSE MOTTA MEDEIROS,DEPUTADO ESTADUAL,SOLIDARIEDADE,2,0,0,0,0,0,0,False
2026,AL,20002538402,GIVONALDO SILVA,DEPUTADO ESTADUAL,PRD,2,0,0,0,0,0,0,False
2026,AL,20002538403,WADSON REGIS VIEIRA DA SILVA,DEPUTADO ESTADUAL,SOLIDARIEDADE,2,0,0,0,0,0,0,False
2026,AL,20002539461,LUCIANO VENTURA SILVA LINS,DEPUTADO ESTADUAL,MISSÃO,2,2,0,0,0,0,0,False
2026,AL,20002539462,FELIPE RODRIGO SILVA XAVIER,DEPUTADO ESTADUAL,MISSÃO,2,0,0,0,0,0,0,False
2026,AL,20002539463,KATIA KELLYANE MARQUES DA SILVA DOS SANTOS,DEPUTADO ESTADUAL,MISSÃO,2,0,0,0,0,0,0,False
2026,AL,20002539464,RONALD SANTOS ALVES,DEPUTADO FEDERAL,MISSÃO,2,1,0,0,0,0,0,False
2026,AL,20002539465,ERIC JOHNSON FERREIRA DA SILVA,DEPUTADO FEDERAL,MISSÃO,2,0,0,0,0,0,0,False
2026,AL,20002539466,YRLA OLIVEIRA,DEPUTADO FEDERAL,MISSÃO,2,1,0,0,0,0,0,False
2026,AL,20002539467,MARIA DO SOCORRO VENTURA SILVA LINS,DEPUTADO FEDERAL,MISSÃO,2,1,0,0,0,0,0,False
2026,AL,20002539468,JOÃO VITOR ANDRÉ FERREIRA,DEPUTADO FEDERAL,MISSÃO,2,0,0,0,0,0,0,False
2026,AL,20002539469,IVANILDO MARQUES DE SOUZA,DEPUTADO FEDERAL,MISSÃO,3,1,0,0,0,0,0,False
2026,AL,20002540103,JEFFERSON SIMOES MARCELINO,DEPUTADO ESTADUAL,PV,2,0,0,0,0,0,0,False
2026,AL,20002540104,SILVIO ROGERIO DIAS CAMELO,DEPUTADO ESTADUAL,PV,2,0,0,0,0,0,0,False
2026,AL,20002540105,TEREZA NELMA PORTO VIANA SOARES,DEPUTADO ESTADUAL,PT,2,0,0,0,0,0,0,False
2026,AL,20002540106,SALETE MARIA BERNARDO DOS SANTOS CORREIA,DEPUTADO ESTADUAL,PT,2,0,0,0,0,0,0,False
2026,AL,20002540107,HULDA ALVES DE ARAUJO TENORIO,DEPUTADO ESTADUAL,PCDOB,3,0,0,0,0,0,0,False
2026,AL,20002540110,REINALDO DE LIMA OLIVEIRA JUNIOR,DEPUTADO ESTADUAL,PT,2,0,0,0,0,0,0,False
2026,AL,20002540111,SILOANE PEREIRA DA SILVA,DEPUTADO ESTADUAL,PT,4,2,0,0,0,0,0,False
2026,AL,20002540112,PAULO ROBERTO NUNES CALAÇA,DEPUTADO ESTADUAL,PCDOB,2,0,0,0,0,0,0,False
2026,AL,20002540113,LERIDA LOBO GOMES VITORINO,DEPUTADO ESTADUAL,PV,1,0,0,0,0,0,0,False
2026,AL,20002540114,TARCIZO SAMPAIO FREIRE,DEPUTADO ESTADUAL,PV,2,0,0,0,0,0,0,False
2026,AL,20002540115,BRENO COUTO DE ALBUQUERQUE MELO,DEPUTADO ESTADUAL,PT,3,0,0,0,0,0,0,False
2026,AL,20002540116,DANIEL VIEIRA DA SILVA,DEPUTADO ESTADUAL,PT,2,0,0,0,0,0,0,False
2026,AL,20002540117,TIAGO CORRÊA BARBOSA SOUZA,DEPUTADO ESTADUAL,PT,2,0,0,0,0,0,0,False
2026,AL,20002540118,MARCONDES RICARDSON TORRES COSTA,DEPUTADO ESTADUAL,PT,2,0,0,0,0,0,0,False
2026,AL,20002540120,DILSON BATISTA FERREIRA,DEPUTADO ESTADUAL,PT,2,0,0,0,0,0,0,False
2026,AL,20002540121,JOSE RONALDO MEDEIROS,DEPUTADO ESTADUAL,PT,2,0,0,0,0,0,0,False
2026,AL,20002540122,ELIDA RACHEL MIRANDA SOUSA,DEPUTADO ESTADUAL,PT,2,0,0,0,0,0,0,False
2026,AL,20002540123,JUDSON CABRAL DE SANTANA,DEPUTADO ESTADUAL,PT,2,0,0,0,0,0,0,False
2026,AL,20002540491,MARIA GABRIELLA MARTINS COELHO DA PAZ MACHADO,DEPUTADO FEDERAL,PSD,2,0,0,0,0,0,0,False
2026,AL,20002540670,IZAEL RIBEIRO GOMES,DEPUTADO FEDERAL,PT,2,0,0,0,0,0,0,False
2026,AL,20002540671,MONICA CARVALHO DE ALMEIDA,DEPUTADO FEDERAL,PT,2,0,0,0,0,0,0,False
2026,AL,20002540672,FLAVIA ROBERTA DA SILVA VASCONCELOS,DEPUTADO FEDERAL,PV,2,0,0,0,0,0,0,False
2026,AL,20002540673,FLAVIA REJANE CARDOSO FERREIRA,DEPUTADO FEDERAL,PCDOB,3,0,0,0,0,0,0,False
2026,AL,20002540674,DAFNE ORION CERES DA SILVA,DEPUTADO FEDERAL,PT,4,0,0,0,0,0,0,False
2026,AL,20002540675,JORGE SEIXAS SERAPIÃO,DEPUTADO FEDERAL,PT,4,0,0,0,0,0,0,False
2026,AL,20002540676,CHARLES HEBERT CAVALCANTE FERREIRA,DEPUTADO FEDERAL,PCDOB,3,0,0,0,0,0,0,False
2026,AL,20002540677,WELLINGTON SANTOS,DEPUTADO FEDERAL,PT,2,0,0,0,0,0,0,False
2026,AL,20002540678,PAULO FERNANDO DOS SANTOS,DEPUTADO FEDERAL,PT,2,0,0,0,0,0,0,False
2026,AL,20002546939,RAFAEL DE GOES BRITO,DEPUTADO FEDERAL,MDB,6,0,0,0,0,0,0,False
2026,AL,20002546940,GALBA NOVAIS DE CASTRO JUNIOR,DEPUTADO FEDERAL,MDB,2,0,0,0,0,0,0,False
2026,AL,20002546942,AMARIDES HENRIQUE DE ARAUJO,DEPUTADO FEDERAL,MDB,1,0,0,0,0,0,0,False
2026,AL,20002546944,TEREZA NELMA DA SILVA PORTO VIANA SOARES,DEPUTADO FEDERAL,MDB,2,0,0,0,0,0,0,False
2026,AL,20002546945,GILBERTO GONCALVES DA SILVA,DEPUTADO FEDERAL,MDB,2,0,0,0,0,0,0,False
2026,AL,20002546946,RENATO REZENDE ROCHA FILHO,DEPUTADO FEDERAL,MDB,2,0,0,0,0,0,0,False
2026,AL,20002546947,CLÁUDIA PINTO ALVES BALBINO,DEPUTADO FEDERAL,MDB,2,0,0,0,0,0,0,False
2026,AL,20002547841,DANIEL BARBOSA DE ALMEIDA SILVA,DEPUTADO FEDERAL,PP,3,0,0,0,0,0,0,False
2026,AL,20002547843,ALVARO LINS PEREIRA DE LIRA,DEPUTADO FEDERAL,PP,1,0,0,0,0,0,0,False
2026,AL,20002547844,MARX BELTRÃO LIMA SIQUEIRA,DEPUTADO FEDERAL,UNIÃO,2,0,0,0,0,0,0,False
2026,AL,20002547846,NIVALDO FERREIRA DE ALBUQUERQUE NETO,DEPUTADO FEDERAL,UNIÃO,1,0,0,0,0,0,0,False
2026,AL,20002548088,ANDRE LUIZ PEREIRA DA SILVA FILHO,DEPUTADO ESTADUAL,MDB,2,0,0,0,0,0,0,False
2026,AL,20002548089,CIBELE CORADO DE MOURA FERRAZ,DEPUTADO ESTADUAL,MDB,2,0,0,0,0,0,0,False
2026,AL,20002548091,REMI VASCONCELOS CALHEIROS,DEPUTADO ESTADUAL,MDB,2,0,0,0,0,0,0,False
2026,AL,20002548092,HENRIQUE DE CARVALHO BELTRÃO,DEPUTADO ESTADUAL,MDB,2,0,0,0,0,0,0,False
2026,AL,20002548093,FABRICIA FERREIRA CARVALHO,DEPUTADO ESTADUAL,MDB,6,1,0,0,0,0,0,False
2026,AL,20002548094,CLÁUDIO ALEXANDRE AYRES DA COSTA,DEPUTADO ESTADUAL,MDB,4,0,0,0,0,0,0,False
2026,AL,20002548095,JOAO EDUARDO RONALSA MARTINS COELHO DA PAZ,DEPUTADO ESTADUAL,MDB,2,0,0,0,0,0,0,False
2026,AL,20002548096,GILVAN GOMES BARROS FILHO,DEPUTADO ESTADUAL,MDB,2,0,0,0,0,0,0,False
2026,AL,20002548097,RICARDO PEREIRA MELO,DEPUTADO ESTADUAL,MDB,2,0,0,0,0,0,0,False
2026,AL,20002548098,CRIS DE MADRI,DEPUTADO ESTADUAL,MDB,2,0,0,0,0,0,0,False
2026,AL,20002548099,MARCELO VICTOR CORREIA DOS SANTOS,DEPUTADO ESTADUAL,MDB,3,0,0,0,0,0,0,False
2026,AL,20002548100,HUGO WANDERLEY CAJU,DEPUTADO ESTADUAL,MDB,2,0,0,0,0,0,0,False
2026,AL,20002548101,GABRIELA CRISTINA GONÇALVES DA SILVA CORDEIRO,DEPUTADO ESTADUAL,MDB,3,1,0,1,1,0,0,True
2026,AL,20002548102,MARIA DE FATIMA MOREIRA CANUTO ROCHA,DEPUTADO ESTADUAL,MDB,2,0,0,0,0,0,0,False
2026,AL,20002548103,ANIVALDO LUIZ DA SILVA,DEPUTADO ESTADUAL,MDB,2,0,0,0,0,0,0,False
2026,AL,20002548104,ANA CECILIA LOPES DA ROCHA SILVA,DEPUTADO ESTADUAL,MDB,2,0,0,0,0,0,0,False
2026,AL,20002548105,GUILHERME RESSURREIÇÃO LOPES,DEPUTADO ESTADUAL,MDB,2,0,0,0,0,0,0,False
2026,AL,20002548106,CICERO CAVALCANTI DE ARAUJO,DEPUTADO ESTADUAL,MDB,2,0,0,0,0,0,0,False
2026,AL,20002548108,KAROL DIAS ALVES,DEPUTADO ESTADUAL,MDB,2,0,0,0,0,0,0,False
2026,AL,20002548109,BARBARA FAUSTINO BRAGA GATTO,DEPUTADO ESTADUAL,MDB,4,0,0,0,0,0,0,False
2026,AL,20002548110,MARCOS BELTRÃO SIQUEIRA,DEPUTADO ESTADUAL,MDB,2,0,0,0,0,0,0,False
2026,AL,20002548111,ALINE RODRIGUES DOS SANTOS,DEPUTADO ESTADUAL,MDB,2,0,0,0,0,0,0,False
2026,AL,20002548112,FABIO GUEDES GOMES,DEPUTADO ESTADUAL,MDB,2,0,0,0,0,0,0,False
2026,AL,20002548113,INACIO LOIOLA DAMASCENO FREITAS,DEPUTADO ESTADUAL,MDB,2,0,0,0,0,0,0,False
2026,AL,20002548114,JOSE FRANCISCO CERQUEIRA TENORIO,DEPUTADO ESTADUAL,MDB,4,0,0,0,0,0,0,False
2026,AL,20002548333,PAULO ROBERTO PEREIRA DE ARAUJO,DEPUTADO ESTADUAL,PP,4,0,0,0,0,0,0,False
2026,AL,20002548335,ROSEMARY MIRANDA DAVINO,DEPUTADO ESTADUAL,PP,2,1,0,0,0,0,0,False
2026,AL,20002550546,ALCIDES DE ANDRADE NETO,DEPUTADO FEDERAL,PL,2,0,0,0,0,0,0,False
2026,AL,20002550547,ALEX ANSELMO DA SILVA,DEPUTADO FEDERAL,PL,2,0,0,0,0,0,0,False
2026,AL,20002550548,FLAVIO ANTONIO MORENO DA SILVA,DEPUTADO FEDERAL,PL,2,0,0,0,0,0,0,False
2026,AL,20002550549,HENRIQUE DE OLIVEIRA COSTA,DEPUTADO FEDERAL,PL,2,0,0,0,0,0,0,False
2026,AL,20002550550,VALGETAN FERREIRA DE OLIVEIRA,DEPUTADO FEDERAL,PL,2,0,0,0,0,0,0,False
2026,AL,20002550551,FABIANO SOUZA COSTA,DEPUTADO FEDERAL,PL,3,0,0,0,0,0,0,False
2026,AL,20002550552,MARIA CRISTINA DA SILVA,DEPUTADO FEDERAL,PL,2,0,0,0,0,0,0,False
2026,AL,20002550553,RAPHAELA FERNANDA PEREIRA DA SILVA,DEPUTADO FEDERAL,PL,3,0,0,0,0,0,0,False
2026,AL,20002550554,WALTER DO VALLE DE MELO JÚNIOR,DEPUTADO FEDERAL,PL,2,0,0,0,0,0,0,False
2026,AL,20002550555,TERESA CRISTINA BARBOSA SARMENTO MACHADO,DEPUTADO FEDERAL,PL,2,0,0,0,0,0,0,False
2026,AL,20002550914,WALKIRIA CAMELO FERREIRA,DEPUTADO ESTADUAL,PL,2,0,0,0,0,0,0,False
2026,AL,20002550916,ANTONIO MARCOS DA ROCHA LIMA,DEPUTADO ESTADUAL,PL,2,0,0,0,0,0,0,False
2026,AL,20002550918,MARIZE CRISTINA CARNEIRO RODRIGUES DE BARROS,DEPUTADO ESTADUAL,PL,2,0,0,0,0,0,0,False
2026,AL,20002550919,GILVAN DA SILVA MENEZES,DEPUTADO ESTADUAL,PL,1,0,0,0,0,0,0,False
2026,AL,20002550920,ISAVAN LINS PEIXOTO JUNIOR,DEPUTADO ESTADUAL,PL,2,0,0,0,0,0,0,False
2026,AL,20002550941,CLEONETE SILVA DA COSTA,DEPUTADO ESTADUAL,PL,2,0,0,0,0,0,0,False
2026,AL,20002550942,IRANILDO LEITE DA SILVA,DEPUTADO ESTADUAL,PL,2,0,0,0,0,0,0,False
2026,AL,20002550943,ADALBERTO DE OLIVEIRA JORDAO,DEPUTADO ESTADUAL,PL,2,0,0,0,0,0,0,False
2026,AL,20002550944,BRIVALDO MARQUES SILVA NETO,DEPUTADO ESTADUAL,PL,2,0,0,0,0,0,0,False
2026,AL,20002550945,JAMMES STENIO SOBREIRA,DEPUTADO ESTADUAL,PL,2,0,0,0,0,0,0,False
2026,AL,20002552572,LUCAS OLIVEIRA DA SILVA,DEPUTADO FEDERAL,AVANTE,3,1,0,0,0,0,0,False
2026,AL,20002552574,LUIZ TEODORO DOS SANTOS,DEPUTADO FEDERAL,AVANTE,2,0,0,0,0,0,0,False
2026,AL,20002552575,ISRAEL AUGUSTO SANTOS DA SILVA,DEPUTADO FEDERAL,AVANTE,2,0,0,0,0,0,0,False
2026,AL,20002552610,MARCOS PEREIRA ALVES,DEPUTADO ESTADUAL,AVANTE,2,0,0,0,0,0,0,False
2026,AL,20002552711,MILTON LUCAS SOARES PORCIUNCULA,DEPUTADO FEDERAL,DC,3,0,0,0,0,0,0,False
2026,AL,20002552723,JOSE ALBERTO DOS SANTOS,DEPUTADO ESTADUAL,DC,2,0,0,0,0,0,0,False
2026,AL,20002552851,AFRANIO DE MENDONÇA  ALVES NETO,DEPUTADO FEDERAL,SOLIDARIEDADE,2,0,0,0,0,0,0,False
2026,AL,20002552852,EUCÊNIA MARIA VIEIRA,DEPUTADO FEDERAL,PRD,2,0,0,0,0,0,0,False
2026,AL,20002552853,GERVASIO RAIMUNDO DOS SANTOS NETO,DEPUTADO FEDERAL,PRD,2,0,0,0,0,0,0,False
2026,AL,20002552854,IVON BERTO TIBURCIO DE LIMA,DEPUTADO FEDERAL,PRD,2,0,0,0,0,0,0,False
2026,AL,20002552855,HELOANE GABRIELE LOURENÇO BEZERRA COSTA,DEPUTADO FEDERAL,SOLIDARIEDADE,2,0,0,0,0,0,0,False
2026,AL,20002552856,LAUDICEIA DE HOLANDA DA SILVA,DEPUTADO FEDERAL,SOLIDARIEDADE,2,0,0,0,0,0,0,False
2026,AL,20002552857,JOAO FRANCISCO DE ASSIS NETO,DEPUTADO FEDERAL,SOLIDARIEDADE,3,1,0,0,0,0,0,False
2026,AL,20002553253,LUCAS BARBOSA DE ALMEIDA SILVA,DEPUTADO ESTADUAL,PSDB,2,0,0,0,0,0,0,False
2026,AL,20002553254,ALDO ALVES ROSA,DEPUTADO ESTADUAL,PSDB,2,0,0,0,0,0,0,False
2026,AL,20002553256,AILTA RODRIGUES DA SILVA,DEPUTADO ESTADUAL,PSDB,2,0,0,0,0,0,0,False
2026,AL,20002553257,FRANCISCO MARCOS SARMENTO RAMOS,DEPUTADO ESTADUAL,PSDB,2,0,0,0,0,0,0,False
2026,AL,20002553258,MARIA APARECIDA DA SILVA MARTINS,DEPUTADO ESTADUAL,PSDB,1,0,0,0,0,0,0,False
2026,AL,20002553259,RONALDO LUZ,DEPUTADO ESTADUAL,PSDB,1,0,0,0,0,0,0,False
2026,AL,20002553260,AMANDA LARYSSA PAULINO DOS SANTOS,DEPUTADO ESTADUAL,PSDB,1,0,0,0,0,0,0,False
2026,AL,20002553261,WELLINGTON RODRIGUES FRAGÔSO,DEPUTADO ESTADUAL,PSDB,2,0,0,0,0,0,0,False
2026,AL,20002553262,LUIZ CELSO MALTA BRANDÃO FILHO,DEPUTADO ESTADUAL,PSDB,2,0,0,0,0,0,0,False
2026,AL,20002553272,ARTHUR CESAR PEREIRA DE LIRA,SENADOR,PP,2,0,0,0,0,0,0,False
2026,AL,20002553274,GUSTAVO DANTAS FEIJÓ,2º SUPLENTE,PP,2,0,0,0,0,0,0,False
2026,AL,20002553584,ALESSON LOUREIRO CAVALCANTE,DEPUTADO ESTADUAL,PSDB,2,1,0,0,0,0,0,False
2026,AL,20002553585,JOSE LAERSON DE LIRA,DEPUTADO ESTADUAL,PSDB,2,0,0,0,0,0,0,False
2026,AL,20002553588,LINDOMAR FERREIRA DE QUEIROZ,DEPUTADO ESTADUAL,PSDB,2,0,0,0,0,0,0,False
2026,AL,20002553590,VALBERTSON DE BRITO LYRA SANTOS,DEPUTADO ESTADUAL,PSDB,1,0,0,0,0,0,0,False
2026,AL,20002553592,LUANA RODRIGUES DE ARAUJO,DEPUTADO ESTADUAL,PSDB,1,0,0,0,0,0,0,False
2026,AL,20002553677,JOSE EDUARDO ACCIOLY CANUTO,DEPUTADO FEDERAL,PSDB,2,0,0,0,0,0,0,False
2026,AL,20002553678,LUIZ GUSTAVO DA SILVA LIMA,DEPUTADO FEDERAL,PSDB,1,0,0,0,0,0,0,False
2026,AL,20002553679,CLAUDIO PEREIRA DE ANDRADE NETO,DEPUTADO FEDERAL,PSDB,2,0,0,0,0,0,0,False
2026,AL,20002553680,MARIA APARECIDA DA SILVA MARTINS,DEPUTADO FEDERAL,PSDB,1,0,0,0,0,0,0,False
2026,AL,20002553681,GILVAN GOMES BARROS,DEPUTADO FEDERAL,PSDB,4,2,0,0,0,0,0,False
2026,AL,20002553682,FRANCISCO HOLANDA COSTA FILHO,DEPUTADO FEDERAL,PSDB,2,0,0,0,0,0,0,False
2026,AL,20002553684,IVANA FORTES PEIXOTO TOLEDO,DEPUTADO FEDERAL,PSDB,1,0,0,0,0,0,0,False
2026,AL,20002553712,EUDOCIA MARIA HOLANDA DE ARAUJO CALDAS,1º SUPLENTE,PSDB,1,0,0,0,0,0,0,False
2026,AL,20002553727,JOSE RENAN VASCONCELOS CALHEIROS,SENADOR,MDB,1,0,0,0,0,0,0,False
2026,AL,20002553745,JOSÉ RENAN VASCONCELOS CALHEIROS FILHO,GOVERNADOR,MDB,2,0,0,0,0,0,0,False
2026,AL,20002553746,YALE BARBOSA FERNANDES,VICE-GOVERNADOR,MDB,2,0,0,0,0,0,0,False
2026,AL,20002553946,MARCIA DANIELLI SILVA DE ASSUNCAO,DEPUTADO ESTADUAL,PSDB,1,0,0,0,0,0,0,False
2026,AL,20002553970,CARLOS GUSTAVO FERNANDES HOLMES BURITI,DEPUTADO FEDERAL,AVANTE,7,1,0,0,0,0,0,False
2026,AM,40002531443,NATHAN MACENA DE SOUZA,DEPUTADO FEDERAL,MDB,5,5,0,5,5,0,0,True
2026,AM,40002532758,NATHALIA RACHEL SILVA NASCIMENTO,DEPUTADO FEDERAL,PSD,1,0,0,0,0,0,0,False
2026,AM,40002532760,ANA PAULA MESQUITA DE ARAUJO,DEPUTADO FEDERAL,PSD,2,0,0,0,0,0,0,False
2026,AM,40002532761,SIDNEY RICARDO DE OLIVEIRA LEITE,DEPUTADO FEDERAL,PSD,1,0,0,0,0,0,0,False
2026,AM,40002532762,PAUDERNEY TOMAZ AVELINO,DEPUTADO FEDERAL,PSD,1,0,0,0,0,0,0,False
2026,AM,40002532763,ATILA SIDNEY LINS DE ALBUQUERQUE,DEPUTADO FEDERAL,PSD,1,0,0,0,0,0,0,False
2026,AM,40002532764,LAZARO SEBASTIAO SANTIAGO MENDES NETO,DEPUTADO FEDERAL,PSD,2,1,0,0,0,0,0,False
2026,AM,40002532765,DÉBORA CRISTINA PEREIRA MAFRA,DEPUTADO FEDERAL,PSD,2,0,0,0,0,0,0,False
2026,AM,40002532766,AMAURI GOMES DOS SANTOS,DEPUTADO FEDERAL,PSD,1,0,0,0,0,0,0,False
2026,AM,40002532773,RENATO DE SOUZA MARQUES,DEPUTADO ESTADUAL,PSD,1,0,0,0,0,0,0,False
2026,AM,40002532776,NADIA SALDANHA CASTRO,DEPUTADO ESTADUAL,PSD,1,0,0,0,0,0,0,False
2026,AM,40002532780,SANDOVAL FERNANDO CARDOSO DE FREITAS,DEPUTADO ESTADUAL,PSD,8,6,0,5,5,0,0,True
2026,AM,40002532782,MAYRA BENITA ALVES DIAS GARCIA,DEPUTADO ESTADUAL,PSD,1,1,0,0,0,0,0,False
2026,AM,40002532783,SIDINEI TAVARES DE SOUZA,DEPUTADO ESTADUAL,PSD,1,0,0,0,0,0,0,False
2026,AM,40002533207,AMOM MANDEL LINS FILHO,DEPUTADO FEDERAL,REPUBLICANOS,1,0,0,0,0,0,0,False
2026,AM,40002537345,JUDITE DA SILVA PINHO,2º SUPLENTE,PSDB,1,0,0,0,0,0,0,False
2026,AM,40002537346,JOÃO ROBERTO DA SILVA,DEPUTADO ESTADUAL,AVANTE,4,1,0,0,0,0,0,False
2026,AM,40002537351,GILMAR DE OLIVEIRA NASCIMENTO,DEPUTADO ESTADUAL,AVANTE,2,1,0,0,0,0,0,False
2026,AM,40002537623,ELAN MARTINS DE ALENCAR,DEPUTADO ESTADUAL,AVANTE,3,0,0,0,0,0,0,False
2026,AM,40002539046,LUCIANA SOARES VIGA,DEPUTADO FEDERAL,MISSÃO,1,0,0,0,0,0,0,False
2026,AM,40002540479,PAULA JUSSARA DOS SANTOS PORTELA,DEPUTADO FEDERAL,PL,1,0,0,0,0,0,0,False
2026,AM,40002540483,PABLO OLIVA SOUZA,DEPUTADO FEDERAL,PL,1,1,0,0,0,0,0,False
2026,AM,40002541607,MARCIO ANDRE BRAGA FERREIRA,DEPUTADO ESTADUAL,PODE,4,1,0,0,0,0,0,False
2026,AM,40002541613,PAULO JOSÉ BATISTA ALMEIDA,DEPUTADO ESTADUAL,PODE,2,1,0,0,0,0,0,False
2026,AM,40002541626,MARIA DO CARMO SEFFAIR LINS DE ALBUQUERQUE,GOVERNADOR,PL,1,0,0,0,0,0,0,False
2026,AM,40002542956,JOZILEIA FERNANDES DE OLIVEIRA,DEPUTADO ESTADUAL,PL,1,0,0,0,0,0,0,False
2026,AM,40002542961,MARCELLO FREIRE DEMASI,DEPUTADO ESTADUAL,PL,2,1,0,0,0,0,0,False
2026,AM,40002542964,FRANK RODRIGUES DA SILVA,DEPUTADO ESTADUAL,PL,2,1,0,0,0,0,0,False
2026,AM,40002545606,CLOVIS MOREIRA SALDANHA,DEPUTADO ESTADUAL,PT,1,0,0,0,0,0,0,False
2026,AM,40002545609,ERONILDO BRAGA BEZERRA,DEPUTADO ESTADUAL,PCDOB,1,0,0,0,0,0,0,False
2026,AM,40002546994,ADEMIR PRINCIPE DE ROJAS,DEPUTADO ESTADUAL,PDT,2,0,0,0,0,0,0,False
2026,AM,40002547001,LUIZ CASTRO ANDRADE NETO,DEPUTADO ESTADUAL,PDT,1,0,0,0,0,0,0,False
2026,AM,40002549899,DENIS DA SILVA FIGUEIROA,DEPUTADO FEDERAL,SOLIDARIEDADE,1,0,0,0,0,0,0,False
2026,AM,40002549900,GIVANILDO MARQUES MAIA,DEPUTADO FEDERAL,SOLIDARIEDADE,1,0,0,0,0,0,0,False
2026,AM,40002549903,KAROLA KAREN PONTES CALDAS,DEPUTADO FEDERAL,SOLIDARIEDADE,1,0,0,0,0,0,0,False
2026,AM,40002549904,KEYLLA MARIA DE OLIVEIRA MARINHO,DEPUTADO FEDERAL,SOLIDARIEDADE,1,0,0,0,0,0,0,False
2026,AM,40002549905,LUCILENE RODRIGUES DE SOUZA,DEPUTADO FEDERAL,SOLIDARIEDADE,1,0,0,0,0,0,0,False
2026,AM,40002549906,CARLES WALDEMAR CORREA DOS SANTOS,DEPUTADO FEDERAL,SOLIDARIEDADE,1,0,0,0,0,0,0,False
2026,AM,40002551278,RENAN NOGUEIRA ROTONDANO,1º SUPLENTE,PSOL,1,1,0,0,0,0,0,False
2026,AM,40002554165,ADRIANA DE ALMEIDA NEVES XAVIER,DEPUTADO FEDERAL,PT,1,0,0,0,0,0,0,False
2026,AP,30002530509,DIENY KAMILLE LIMA DE ALMEIDA COIMBRA,DEPUTADO FEDERAL,PODE,1,1,0,0,0,0,0,False
2026,AP,30002532240,PAULO ROGÉRIO DA COSTA SERRÃO,DEPUTADO ESTADUAL,PSD,1,1,0,0,0,0,0,False
2026,AP,30002532426,GILDOVAL FARIAS BARBOSA,DEPUTADO FEDERAL,PSOL,1,0,0,0,0,0,0,False
2026,AP,30002532427,RAMONA TAYNÁ PANTOJA FERREIRA,DEPUTADO FEDERAL,PSOL,1,0,0,0,0,0,0,False
2026,AP,30002532428,ANDREW AURÉLIO PINTO DE ALMEIDA COSTA,DEPUTADO FEDERAL,PSOL,2,0,0,0,0,0,0,False
2026,AP,30002532842,DORINALDO BARBOSA MALAFAIA,DEPUTADO FEDERAL,PDT,3,2,0,1,2,0,0,True
2026,AP,30002532843,SOLANGELO FONSECA DA COSTA,DEPUTADO FEDERAL,PDT,1,0,0,0,0,0,0,False
2026,AP,30002533034,FABRICIO BEVILACQUA FURLAN,DEPUTADO ESTADUAL,REDE,2,0,0,0,0,0,0,False
2026,AP,30002533100,PAULO CESAR LEMOS DE OLIVEIRA,DEPUTADO FEDERAL,PT,2,0,0,0,0,0,0,False
2026,AP,30002533102,VIVIAN REGIA BANDEIRA DA SILVA,DEPUTADO FEDERAL,PCDOB,1,0,0,0,0,0,0,False
2026,AP,30002533104,CARLOS CAMILO GOES CAPIBERIBE,DEPUTADO FEDERAL,PT,1,0,0,0,0,0,0,False
2026,AP,30002533106,JARDEL ELIEZER OLIVEIRA SILVA,DEPUTADO ESTADUAL,PT,2,0,0,0,0,0,0,False
2026,AP,30002533108,EDNA AUZIER,DEPUTADO ESTADUAL,PV,2,1,0,0,0,0,0,False
2026,AP,30002533111,ALCINETE FERREIRA DOS SANTOS,DEPUTADO ESTADUAL,PT,1,0,0,0,0,0,0,False
2026,AP,30002533113,LILIANE CORDEIRO DE ABREU,DEPUTADO ESTADUAL,PV,2,2,0,0,0,0,0,False
2026,AP,30002533114,ELINDOMAR SILVA DA SILVA,DEPUTADO ESTADUAL,PV,1,0,0,0,0,0,0,False
2026,AP,30002533115,MARCOS DE MORAIS,DEPUTADO ESTADUAL,PCDOB,1,0,0,0,0,0,0,False
2026,AP,30002533119,SEBASTIAO DA SILVA LEITAO,DEPUTADO ESTADUAL,PT,3,1,0,1,1,0,0,True
2026,AP,30002533120,RAUDISON SENA DOS SANTOS,DEPUTADO ESTADUAL,PCDOB,1,0,0,0,0,0,0,False
2026,AP,30002533121,JOSÉ CARLOS SILVA CARMEZIM,DEPUTADO ESTADUAL,PT,1,1,0,0,0,0,0,False
2026,AP,30002533720,JACK HOUAT HARB,DEPUTADO ESTADUAL,PDT,2,2,0,1,1,0,0,True
2026,AP,30002536303,LUIZ CARLOS GOMES DOS SANTOS JUNIOR,DEPUTADO FEDERAL,UNIÃO,1,0,0,0,0,0,0,False
2026,AP,30002536306,FELIPE EDSON PINTO,DEPUTADO FEDERAL,UNIÃO,1,1,0,1,1,0,0,True
2026,AP,30002538088,RONDINELE MARQUES DOS SANTOS,DEPUTADO FEDERAL,PL,2,1,0,0,0,0,0,False
2026,AP,30002538136,GIANCARLO DARLA PINON NERY,DEPUTADO ESTADUAL,PL,4,3,0,3,3,0,0,True
2026,AP,30002538137,EDUARDO HENRIQUE ANDRADE DE SIQUEIRA,DEPUTADO ESTADUAL,PL,3,2,0,2,2,0,0,True
2026,AP,30002538143,JORIELSON BRITO NASCIMENTO,DEPUTADO ESTADUAL,PL,2,1,0,1,1,0,0,True
2026,AP,30002539114,ROSELI DE ARAUJO CORREA TEIXEIRA,DEPUTADO ESTADUAL,UNIÃO,1,0,0,0,0,0,0,False
2026,AP,30002539116,JOAO ALVARO ROCHA RODRIGUES,DEPUTADO ESTADUAL,UNIÃO,1,1,0,0,0,0,0,False
2026,AP,30002549848,FRANCISCA FERREIRA FAVACHO,DEPUTADO FEDERAL,MDB,1,0,0,0,0,0,0,False
2026,AP,30002549878,EDUARDO DOS SANTOS TAVARES,DEPUTADO ESTADUAL,REPUBLICANOS,1,1,0,1,1,0,0,True
2026,AP,30002549883,ODILSON SERRA NUNES,DEPUTADO ESTADUAL,REPUBLICANOS,1,1,0,1,2,0,0,True
2026,AP,30002549894,TELMA ADRIANA NERY PAIVA,DEPUTADO ESTADUAL,REPUBLICANOS,2,1,0,0,0,0,0,False
2026,AP,30002551385,VILMAR LAURINDO,2º SUPLENTE,DC,1,0,0,0,0,0,0,False
2026,AP,30002553597,CLAUDIO JORGE SILVA COSTA,DEPUTADO ESTADUAL,PCO,1,1,0,0,0,0,0,False
2026,AP,30002553707,IRIS MONTEIRO SILVA,1º SUPLENTE,PCO,1,1,0,0,0,0,0,False
2026,AP,30002553709,JAZIEL MAGALHAES DE SOUZA,2º SUPLENTE,PCO,1,0,0,0,0,0,0,False
2026,BA,50002531404,PAULO CEZAR SIMÕES SILVA,DEPUTADO FEDERAL,PDT,8,7,0,7,7,0,0,True
2026,BA,50002531411,WILLIAN ROBERTO FOLTRAN,DEPUTADO FEDERAL,PDT,2,1,0,0,0,0,0,False
2026,BA,50002532501,ROGERIA DE ALMEIDA PEREIRA DOS SANTOS,DEPUTADO FEDERAL,REPUBLICANOS,2,0,0,0,0,0,0,False
2026,BA,50002532502,DIEGO HENRIQUE SILVA CERQUEIRA MARTINS,DEPUTADO FEDERAL,REPUBLICANOS,1,1,0,1,1,0,0,True
2026,BA,50002532514,ADALBERTO LELIS FILHO,DEPUTADO FEDERAL,REPUBLICANOS,1,0,0,0,0,0,0,False
2026,BA,50002532523,JULIANA ALVES PRATES CAMINHA DE CASTRO,DEPUTADO FEDERAL,REPUBLICANOS,1,0,0,0,0,0,0,False
2026,BA,50002532529,CRISTIANE SANTOS DA SILVA,DEPUTADO ESTADUAL,REPUBLICANOS,1,0,0,0,0,0,0,False
2026,BA,50002532559,NORMELIA MARIA ROCHA CORREIA,DEPUTADO ESTADUAL,REPUBLICANOS,2,1,0,0,0,0,0,False
2026,BA,50002532565,TIAGO SILVA SANTOS,DEPUTADO ESTADUAL,REPUBLICANOS,2,0,0,0,0,0,0,False
2026,BA,50002532623,ADALBERTO SOUZA GALVÃO,DEPUTADO FEDERAL,PSD,1,0,0,0,0,0,0,False
2026,BA,50002532658,MARCELO RODRIGUES DOS SANTOS,DEPUTADO FEDERAL,PSDB,1,1,0,0,0,0,0,False
2026,BA,50002532666,MARCELL CARVALHO DE MORAES,DEPUTADO FEDERAL,PSDB,2,0,0,0,0,0,0,False
2026,BA,50002532677,LUCIANO ANTONIO PINHEIRO,DEPUTADO FEDERAL,PSDB,2,2,0,2,2,0,0,True
2026,BA,50002532678,SOLON PINHEIRO DE BRITO LIMA,DEPUTADO FEDERAL,PSDB,1,0,0,0,0,0,0,False
2026,BA,50002532691,ALEX LOPES DA SILVA,DEPUTADO ESTADUAL,PSD,2,0,0,0,0,0,0,False
2026,BA,50002532694,JOSE RICARDO RODRIGUES BARBOSA,DEPUTADO ESTADUAL,PSD,1,1,0,0,0,0,0,False
2026,BA,50002532899,JOÃO CARLOS PAOLILO BACELAR FILHO,DEPUTADO FEDERAL,PL,2,0,0,0,0,0,0,False
2026,BA,50002534759,FERNANDO MACHADO SANTOS,DEPUTADO FEDERAL,AVANTE,1,1,0,0,0,0,0,False
2026,BA,50002534760,IRANEY ARAÚJO SOUZA,DEPUTADO FEDERAL,AVANTE,1,0,0,0,0,0,0,False
2026,BA,50002534961,EDNALDO DOS SANTOS,DEPUTADO FEDERAL,PODE,1,0,0,0,0,0,0,False
2026,BA,50002534962,LUCIANO SILVA SANTOS,DEPUTADO FEDERAL,PODE,1,0,0,0,0,0,0,False
2026,BA,50002534966,DEIZE MARA DO NASCIMENTO RODRIGUES,DEPUTADO FEDERAL,PODE,2,1,0,0,0,0,0,False
2026,BA,50002534980,LUIS VASCONCELOS MELO,DEPUTADO FEDERAL,UNIÃO,1,0,0,0,0,0,0,False
2026,BA,50002534985,DAYANE JAMILLE CARNEIRO DOS SANTOS PIMENTEL,DEPUTADO FEDERAL,UNIÃO,1,0,0,0,0,0,0,False
2026,BA,50002534991,ARTHUR BARBOSA DOS SANTOS,DEPUTADO FEDERAL,UNIÃO,1,0,0,0,0,0,0,False
2026,BA,50002535038,MARCOS DA SILVA PEREIRA,DEPUTADO ESTADUAL,UNIÃO,1,0,0,0,0,0,0,False
2026,BA,50002535039,ADELSON CIRILO DOS SANTOS,DEPUTADO ESTADUAL,UNIÃO,2,0,0,0,0,0,0,False
2026,BA,50002535042,EDICLEY SOUZA BARRETO,DEPUTADO ESTADUAL,UNIÃO,3,3,0,3,3,0,0,True
2026,BA,50002535043,ANTONELE MENEZES BELEM,DEPUTADO ESTADUAL,UNIÃO,1,0,0,0,0,0,0,False
2026,BA,50002535047,JULIANO DE CARVALHO CRUZ,DEPUTADO ESTADUAL,UNIÃO,1,1,0,0,0,0,0,False
2026,BA,50002535050,ANTONIO ELINALDO ARAUJO DA SILVA,DEPUTADO ESTADUAL,UNIÃO,1,0,0,0,0,0,0,False
2026,BA,50002535064,ALESSANDRO SILVA DE JESUS,DEPUTADO ESTADUAL,PP,2,0,0,0,0,0,0,False
2026,BA,50002535083,ADSON SOUZA DE JESUS,DEPUTADO ESTADUAL,PL,2,0,0,0,0,0,0,False
2026,BA,50002535087,LENILDO PEREIRA DE SOUZA,DEPUTADO ESTADUAL,PL,1,0,0,0,0,0,0,False
2026,BA,50002535114,EKIO ALVES BOMFIM DA SILVA,DEPUTADO ESTADUAL,PL,1,1,0,1,1,0,0,True
2026,BA,50002535123,FABIO SOUZA DOS SANTOS,DEPUTADO ESTADUAL,PL,1,1,0,0,0,0,0,False
2026,BA,50002535151,MARCIEL HENRIQUE REGO VIANA,DEPUTADO FEDERAL,PSOL,1,1,0,0,0,0,0,False
2026,BA,50002535253,ARIEL DA SILVA CAPISTRANO,GOVERNADOR,DC,4,0,0,0,0,0,0,False
2026,BA,50002535254,JOSE AUGUSTO MACIEL TORRES,VICE-GOVERNADOR,DC,4,0,0,0,0,0,0,False
2026,BA,50002535398,BERNADETH ALVES DA SILVA,DEPUTADO FEDERAL,SOLIDARIEDADE,1,0,0,0,0,0,0,False
2026,BA,50002535420,JULIO BOMFIM SANTANA DE JESUS,DEPUTADO FEDERAL,SOLIDARIEDADE,1,1,0,1,1,0,0,True
2026,BA,50002535541,LUCIANO ARAUJO DE OLIVEIRA,DEPUTADO ESTADUAL,AVANTE,1,0,0,0,0,0,0,False
2026,BA,50002535544,RAFAEL FERREIRA LIMA,DEPUTADO ESTADUAL,AVANTE,1,0,0,0,0,0,0,False
2026,BA,50002535558,ANTONIO CARVALHO DA SILVA NETO,DEPUTADO ESTADUAL,AVANTE,1,0,0,0,0,0,0,False
2026,BA,50002535560,SUELI SOARES DA SILVA,DEPUTADO ESTADUAL,AVANTE,1,0,0,0,0,0,0,False
2026,BA,50002535563,PATRICK GILBERTO RODRIGUES LOPES,DEPUTADO ESTADUAL,AVANTE,1,0,0,0,0,0,0,False
2026,BA,50002535567,JULIO CÉSAR MASCARENHAS DOS SANTOS,DEPUTADO ESTADUAL,AVANTE,1,1,0,0,0,0,0,False
2026,BA,50002535568,FELIPE GABRIEL DUARTE,DEPUTADO ESTADUAL,AVANTE,1,0,0,0,0,0,0,False
2026,BA,50002535570,JOÃO PEDRO LABRIOLA CARDOZO,DEPUTADO ESTADUAL,AVANTE,1,0,0,0,0,0,0,False
2026,BA,50002535578,MARCO AURELIO SILVA FARIAS,DEPUTADO ESTADUAL,AVANTE,1,0,0,0,0,0,0,False
2026,BA,50002535853,EDMO DEL REI LIMA,DEPUTADO FEDERAL,PSOL,1,0,0,0,0,0,0,False
2026,BA,50002535871,MAGNO ROGERIO CARVALHO LAVIGNE,DEPUTADO ESTADUAL,REDE,1,0,0,0,0,0,0,False
2026,BA,50002535873,MARIA LUCIANNE LOBATO FERREIRA,DEPUTADO ESTADUAL,PSOL,1,0,0,0,0,0,0,False
2026,BA,50002535882,ANTONISMAR MEIRELES MAGALHAES,DEPUTADO ESTADUAL,PSOL,1,0,0,0,0,0,0,False
2026,BA,50002535885,DIEGO ANTUNES DA SILVA,DEPUTADO ESTADUAL,PSOL,1,0,0,0,0,0,0,False
2026,BA,50002536320,JAILMA DANTAS GAMA ALVES,2º SUPLENTE,PT,3,0,0,0,0,0,0,False
2026,BA,50002536634,ARLINDO LIMA JUNIOR,DEPUTADO FEDERAL,MDB,1,0,0,0,0,0,0,False
2026,BA,50002536639,ALEXANDRO ARAUJO DOS SANTOS,DEPUTADO FEDERAL,MDB,3,3,0,0,0,0,0,False
2026,BA,50002536642,ISIS SAMANTA NASCIMENTO TEIXEIRA,DEPUTADO FEDERAL,MDB,1,1,0,0,0,0,0,False
2026,BA,50002536650,EDUARDO CRUZ DE SANTANA,DEPUTADO FEDERAL,MDB,1,0,0,0,0,0,0,False
2026,BA,50002536661,AMARO PINTO SILVA JUNIOR,DEPUTADO FEDERAL,MDB,3,3,0,3,2,0,0,True
2026,BA,50002536663,AILTON PASTORA DOS SANTOS,DEPUTADO FEDERAL,MDB,1,0,0,0,0,0,0,False
2026,BA,50002536665,MONICA CORREA MARAPARA,DEPUTADO FEDERAL,MDB,2,1,0,0,0,0,0,False
2026,BA,50002537403,JOSÉ RAIMUNDO OLIVEIRA DOS SANTOS,DEPUTADO FEDERAL,PSB,1,1,0,0,0,0,0,False
2026,BA,50002537407,JEFERSON COSTA DOS SANTOS,DEPUTADO FEDERAL,PSB,1,0,0,0,0,0,0,False
2026,BA,50002537410,BRUNO DA CRUZ CARIANHA,DEPUTADO FEDERAL,PSB,3,1,0,0,0,0,0,False
2026,BA,50002537844,RAIMUNDO NONATO TAVARES DA SILVA,DEPUTADO ESTADUAL,PCDOB,2,2,0,1,2,0,0,True
2026,BA,50002537847,ROBERTO CARLOS ALMEIDA LEAL,DEPUTADO ESTADUAL,PV,5,2,0,1,0,1,0,True
2026,BA,50002537872,MARIA DE FATIMA NUNES DOS ANJOS,DEPUTADO ESTADUAL,PT,2,0,0,0,0,0,0,False
2026,BA,50002538660,GILMAR SOUZA DA SILVA,DEPUTADO ESTADUAL,PSB,4,1,0,0,0,0,0,False
2026,BA,50002538665,JOSÉ MÁRIO DIAS SOARES JÚNIOR,DEPUTADO ESTADUAL,PSB,1,0,0,0,0,0,0,False
2026,BA,50002538668,FLÁVIO ALEXANDRE DA SILVA FILHO,DEPUTADO ESTADUAL,PSB,1,0,0,0,0,0,0,False
2026,BA,50002538670,HILDETE DAVID DOS SANTOS,DEPUTADO ESTADUAL,PSB,1,0,0,0,0,0,0,False
2026,BA,50002538677,MARCOS AGUIAR VIANA,DEPUTADO ESTADUAL,PV,3,1,0,0,0,0,0,False
2026,BA,50002538690,CARLOS TITO MARQUES CORDEIRO,DEPUTADO ESTADUAL,PT,1,1,0,0,0,0,0,False
2026,BA,50002538710,ROMALIO MESSIAS MOURA DOS SANTOS,DEPUTADO ESTADUAL,MDB,1,0,0,0,0,0,0,False
2026,BA,50002538721,CARLOS ROBERTO QUEIROZ DE MELO,DEPUTADO ESTADUAL,MDB,1,1,0,0,0,0,0,False
2026,BA,50002538724,CARLOS AUGUSTO SILVEIRA SOBRAL,DEPUTADO ESTADUAL,MDB,3,3,0,3,3,0,0,True
2026,BA,50002538746,JAIRO MARCOS SANTOS LEITE,DEPUTADO ESTADUAL,MDB,3,0,0,0,0,0,0,False
2026,BA,50002538757,JOSÉ CERQUEIRA DE SANTANA NETO,DEPUTADO FEDERAL,PT,3,1,0,0,0,0,0,False
2026,BA,50002538761,UBERDAN CARDOSO DOS SANTOS,DEPUTADO FEDERAL,PT,1,1,0,0,0,0,0,False
2026,BA,50002538764,ADÉLIA MARIA CARVALHO DE MELO PINHEIRO,DEPUTADO FEDERAL,PT,2,0,0,0,0,0,0,False
2026,BA,50002538781,ELEN DA SILVA COUTINHO,DEPUTADO FEDERAL,PT,1,0,0,0,0,0,0,False
2026,BA,50002538867,WANDERLEY NEVES DE MACEDO NETO,DEPUTADO FEDERAL,MISSÃO,1,0,0,0,0,0,0,False
2026,BA,50002538877,VINICIUS DA SILVA CHAGAS,DEPUTADO FEDERAL,MISSÃO,1,1,0,0,0,0,0,False
2026,BA,50002538879,ANGELICA MATOS AMORIM,DEPUTADO FEDERAL,MISSÃO,2,0,0,0,0,0,0,False
2026,BA,50002543972,IGOR DA MOTA SOARES,DEPUTADO ESTADUAL,DC,1,0,0,0,0,0,0,False
2026,BA,50002543986,JOAO SANTOS DO AMPARO,DEPUTADO ESTADUAL,DC,4,0,0,0,0,0,0,False
2026,BA,50002543994,ERIELSON SILVA DOS SANTOS,DEPUTADO ESTADUAL,DC,1,0,0,0,0,0,0,False
2026,BA,50002544901,RITA DE CASSIA SANTOS CARDOSO,DEPUTADO FEDERAL,SOLIDARIEDADE,1,1,0,0,0,0,0,False
2026,BA,50002548855,JOSE RODRIGUES LIMA,DEPUTADO FEDERAL,AGIR,1,1,0,0,0,0,0,False
2026,BA,50002548857,PAULO KLINGER SANTIAGO PEREIRA,DEPUTADO FEDERAL,AGIR,1,0,0,0,0,0,0,False
2026,BA,50002548859,ALESSANDRA RODRIGUES CARDIM,DEPUTADO FEDERAL,AGIR,1,1,0,0,0,0,0,False
2026,BA,50002549137,ROSANE PRADO SIQUEIRA,DEPUTADO ESTADUAL,MOBILIZA,2,0,0,0,0,0,0,False
2026,BA,50002549138,SANDOVAL DE OLIVEIRA BARRETO,DEPUTADO ESTADUAL,MOBILIZA,1,0,0,0,0,0,0,False
2026,BA,50002549139,DANIELE ALINE SILVEIRA CARDÔSO,DEPUTADO ESTADUAL,MOBILIZA,1,1,0,0,0,0,0,False
2026,BA,50002549140,ARLI PEDREIRA BARRÊTO,DEPUTADO ESTADUAL,MOBILIZA,2,0,0,0,0,0,0,False
2026,BA,50002549141,REGILDO JESUS DE SOUZA COELHO,DEPUTADO ESTADUAL,MOBILIZA,1,1,0,0,0,0,0,False
2026,BA,50002549142,FRANCISCO DE ASSIS DE SOUZA GOMES,DEPUTADO ESTADUAL,MOBILIZA,2,1,0,0,0,0,0,False
2026,BA,50002549144,JOANA ANGELICA DE JESUS ALVES,DEPUTADO ESTADUAL,MOBILIZA,1,0,0,0,0,0,0,False
2026,BA,50002549145,JULIO BATISTA DO NASCIMENTO FILHO,DEPUTADO ESTADUAL,MOBILIZA,1,0,0,0,0,0,0,False
2026,BA,50002549146,REINALDO DA SILVA SANTOS,DEPUTADO ESTADUAL,MOBILIZA,2,1,0,0,0,0,0,False
2026,BA,50002549147,ROBERTO CARLOS BRITO,DEPUTADO ESTADUAL,MOBILIZA,1,0,0,0,0,0,0,False
2026,BA,50002549149,ANDRÉ SANTOS DE OLIVEIRA,DEPUTADO ESTADUAL,MOBILIZA,1,1,0,0,0,0,0,False
2026,BA,50002549150,GILBERTO RAMOS RIBEIRO,DEPUTADO ESTADUAL,MOBILIZA,1,1,0,0,0,0,0,False
2026,BA,50002549151,NILSON ALVES SANTIAGO,DEPUTADO ESTADUAL,MOBILIZA,1,1,0,0,0,0,0,False
2026,BA,50002549152,CLAUDEMIRO SANTOS DE JESUS,DEPUTADO ESTADUAL,MOBILIZA,1,0,0,0,0,0,0,False
2026,BA,50002549153,ELIELSON DE JESUS SANTOS,DEPUTADO ESTADUAL,MOBILIZA,1,0,0,0,0,0,0,False
2026,BA,50002549154,EDILBERTO DE SOUZA RAMOS,DEPUTADO ESTADUAL,MOBILIZA,1,1,0,0,0,0,0,False
2026,BA,50002549155,ANTONIO BATISTA SANTOS,DEPUTADO ESTADUAL,MOBILIZA,1,0,0,0,0,0,0,False
2026,BA,50002549601,CRISTIANE MATOS DE SOUSA,DEPUTADO ESTADUAL,MOBILIZA,1,0,0,0,0,0,0,False
2026,BA,50002549603,UILIA DOS SANTOS MELO,DEPUTADO ESTADUAL,MOBILIZA,4,0,0,0,0,0,0,False
2026,BA,50002549604,CARLOS EDUARDO DOS SANTOS,DEPUTADO ESTADUAL,MOBILIZA,1,1,0,0,0,0,0,False
2026,BA,50002549605,CRISTINA LUCIA DOS SANTOS,DEPUTADO ESTADUAL,MOBILIZA,1,0,0,0,0,0,0,False
2026,BA,50002549606,DOUGLAS JOSE FREIRE DA SILVA,DEPUTADO ESTADUAL,MOBILIZA,1,0,0,0,0,0,0,False
2026,BA,50002549607,EDVALDO FONSECA SANTANA,DEPUTADO ESTADUAL,MOBILIZA,1,1,0,0,0,0,0,False
2026,BA,50002549608,GEOVANA DA SILVA AMENO,DEPUTADO ESTADUAL,MOBILIZA,1,0,0,0,0,0,0,False
2026,BA,50002549609,GEORGE LUIZ SANTANA SANTOS,DEPUTADO ESTADUAL,MOBILIZA,2,0,0,0,0,0,0,False
2026,BA,50002549610,ROSANA ROSARIO DA SILVA,DEPUTADO ESTADUAL,MOBILIZA,1,0,0,0,0,0,0,False
2026,BA,50002549611,BRUNO SANTOS DE JESUS,DEPUTADO ESTADUAL,MOBILIZA,2,1,0,0,0,0,0,False
2026,BA,50002549612,ELIS KAILA LIMA COSTA,DEPUTADO ESTADUAL,MOBILIZA,1,0,0,0,0,0,0,False
2026,BA,50002549613,FRANKLIN PEREIRA ROSA,DEPUTADO ESTADUAL,MOBILIZA,1,0,0,0,0,0,0,False
2026,BA,50002549614,LIGIA DOS SANTOS SIDRONIO,DEPUTADO ESTADUAL,MOBILIZA,1,0,0,0,0,0,0,False
2026,BA,50002549615,MANOEL MESSIAS DE LIMA,DEPUTADO ESTADUAL,MOBILIZA,1,1,0,0,0,0,0,False
2026,BA,50002549616,ROBSON JOSÉ BARBOSA SANTOS,DEPUTADO ESTADUAL,MOBILIZA,1,1,0,0,0,0,0,False
2026,BA,50002549617,ROZENILDA RAMOS DOS SANTOS,DEPUTADO ESTADUAL,MOBILIZA,1,0,0,0,0,0,0,False
2026,BA,50002549618,EDSON SILVA BARBOSA,DEPUTADO ESTADUAL,MOBILIZA,1,1,0,0,0,0,0,False
2026,BA,50002549619,JONATAN GOMES DE JESUS,DEPUTADO ESTADUAL,MOBILIZA,2,1,0,0,0,0,0,False
2026,BA,50002549620,NELSON GONCALVES PINTO,DEPUTADO ESTADUAL,MOBILIZA,1,1,0,0,0,0,0,False
2026,BA,50002549621,ELISANGELA PEREIRA DA SILVA,DEPUTADO ESTADUAL,MOBILIZA,1,0,0,0,0,0,0,False
2026,BA,50002549622,ELIAS DOS SANTOS LOPES,DEPUTADO ESTADUAL,MOBILIZA,1,1,0,0,0,0,0,False
2026,BA,50002549623,JOELSON ALVES SANTANA,DEPUTADO ESTADUAL,MOBILIZA,1,1,0,0,0,0,0,False
2026,BA,50002549624,PAULO RODRIGO SANTOS ARISTIDES,DEPUTADO ESTADUAL,MOBILIZA,1,0,0,0,0,0,0,False
2026,BA,50002549625,ISRAEL DE JESUS BARRETO LOPES,DEPUTADO ESTADUAL,MOBILIZA,1,1,0,0,0,0,0,False
2026,BA,50002549626,LIGISNARA LOPES GUIMARÃES,DEPUTADO ESTADUAL,MOBILIZA,1,0,0,0,0,0,0,False
2026,BA,50002549657,EZEQUIEL FLORENCIO PINHEIRO,DEPUTADO ESTADUAL,AGIR,4,2,0,0,0,0,0,False
2026,BA,50002549661,VALDIR FERREIRA DA SILVA,DEPUTADO ESTADUAL,AGIR,4,0,0,0,0,0,0,False
2026,BA,50002549664,SEBASTIÃO VICENTE DA SILVA,DEPUTADO ESTADUAL,AGIR,1,0,0,0,0,0,0,False
2026,BA,50002549665,MARIO MARCOS DO ESPIRITO SANTO ALVES,DEPUTADO ESTADUAL,AGIR,1,0,0,0,0,0,0,False
2026,BA,50002549667,ISIDRO NASCIMENTO DO AMARAL,DEPUTADO ESTADUAL,AGIR,1,0,0,0,0,0,0,False
2026,BA,50002549669,SHEILA PINHEIRO RESENDE,DEPUTADO ESTADUAL,AGIR,1,0,0,0,0,0,0,False
2026,BA,50002554087,RAIMUNDO NONATO SANTOS DA SILVA,DEPUTADO ESTADUAL,MDB,1,0,0,0,0,0,0,False
2026,BA,50002554171,VALTER NILSON PEREIRA DOS SANTOS FILHO,DEPUTADO FEDERAL,MDB,2,0,0,0,0,0,0,False
2026,CE,60002532463,KEIVILANNY DIAS MOURA GONÇALVES,DEPUTADO ESTADUAL,PRD,1,0,0,0,0,0,0,False
2026,CE,60002532975,FRANCISCO GOMES DE ARAUJO,DEPUTADO FEDERAL,PRD,2,1,0,0,0,0,0,False
2026,CE,60002532982,ROSA MARIA DOS SANTOS BARBOSA,DEPUTADO FEDERAL,PRD,1,0,0,0,0,0,0,False
2026,CE,60002533729,SERLEY DE SOUZA LEAL,GOVERNADOR,UP,2,0,0,0,0,0,0,False
2026,CE,60002533730,CATHERINE MORAIS TELES,VICE-GOVERNADOR,UP,1,0,0,0,0,0,0,False
2026,CE,60002533959,CATARINA DA GRACA ALMEIDA MATOS,SENADOR,UP,1,0,0,0,0,0,0,False
2026,CE,60002533960,EMANUEL ANTONIO MENEZES PEREIRA,1º SUPLENTE,UP,2,0,0,0,0,0,0,False
2026,CE,60002533961,CARLOS AUGUSTO NOGUEIRA FEITOSA,2º SUPLENTE,UP,2,0,0,0,0,0,0,False
2026,CE,60002533962,SUED CARVALHO DA MOTA,DEPUTADO FEDERAL,UP,1,0,0,0,0,0,0,False
2026,CE,60002533963,HAROLDO PEQUENO NETO,DEPUTADO FEDERAL,UP,1,0,0,0,0,0,0,False
2026,CE,60002535617,FERNANDO RODGER PEREIRA AGUIAR,DEPUTADO ESTADUAL,MOBILIZA,1,0,0,0,0,0,0,False
2026,CE,60002535618,JOSÉ GONÇALVES DA SILVA,DEPUTADO ESTADUAL,MOBILIZA,3,1,0,0,0,0,0,False
2026,CE,60002535620,FRANCISCO ANTONIO DE FREITAS,DEPUTADO ESTADUAL,MOBILIZA,1,1,0,0,0,0,0,False
2026,CE,60002535623,CARLOS ALBERTO DO NASCIMENTO,DEPUTADO ESTADUAL,MOBILIZA,1,0,0,0,0,0,0,False
2026,CE,60002535626,ERIVALDO SANTIAGO LOPES,DEPUTADO ESTADUAL,MOBILIZA,1,0,0,0,0,0,0,False
2026,CE,60002535632,GESSILENE PEREIRA ALVES,DEPUTADO ESTADUAL,MOBILIZA,3,1,0,0,0,0,0,False
2026,CE,60002535638,MAFALDA HOLANDA GUERRA NETA SALDANHA,DEPUTADO ESTADUAL,MOBILIZA,2,0,0,0,0,0,0,False
2026,CE,60002535640,CLAUDENOR DE SOUSA VIEIRA,DEPUTADO ESTADUAL,MOBILIZA,1,0,0,0,0,0,0,False
2026,CE,60002535641,MARCUS JOSE DO NASCIMENTO E SILVA,DEPUTADO ESTADUAL,MOBILIZA,1,0,0,0,0,0,0,False
2026,CE,60002535642,JOSEVAN LEITE DE OLIVEIRA,DEPUTADO ESTADUAL,MOBILIZA,3,3,0,0,0,0,0,False
2026,CE,60002535643,JOSE ERIVALDO XAVIER TRAVASSOS,DEPUTADO ESTADUAL,MOBILIZA,1,0,0,0,0,0,0,False
2026,CE,60002535646,JOSE ARLINDO NEVOA,DEPUTADO ESTADUAL,MOBILIZA,4,2,0,0,0,0,0,False
2026,CE,60002535647,ABILIO PEDRO PEREIRA GENTIL ,DEPUTADO ESTADUAL,MOBILIZA,3,0,0,0,0,0,0,False
2026,CE,60002536047,FRANCISCO RICARDO DE SOUSA,DEPUTADO FEDERAL,PDT,2,1,0,0,0,0,0,False
2026,CE,60002536049,LARISSA FREITAS DA SILVA,DEPUTADO FEDERAL,PDT,2,0,0,0,0,0,0,False
2026,CE,60002536050,VALDECI BARBOSA BARROS,DEPUTADO FEDERAL,PDT,2,1,0,0,0,0,0,False
2026,CE,60002536051,LINDOMAR BARBOSA DE MESQUITA,DEPUTADO FEDERAL,PDT,6,1,0,0,0,0,0,False
2026,CE,60002536594,RICARDO JORGE LIMA VIEIRA,DEPUTADO FEDERAL,PDT,2,1,0,0,0,0,0,False
2026,CE,60002536608,HELOISA HELENA FLORENCIO DA SILVA,DEPUTADO FEDERAL,PDT,2,2,0,0,0,0,0,False
2026,CE,60002536609,RAIMUNDO FERREIRA CHAVES FILHO,DEPUTADO ESTADUAL,PDT,3,1,0,0,0,0,0,False
2026,CE,60002536615,JUSCELINA AGOSTINHO TAVARES,DEPUTADO ESTADUAL,PDT,1,0,0,0,0,0,0,False
2026,CE,60002536616,FARLIANNY DA SILVA MAGALHAES,DEPUTADO ESTADUAL,PDT,2,1,0,0,0,0,0,False
2026,CE,60002536620,ANTONIO JOSÉ LACERDA FURTADO,DEPUTADO ESTADUAL,PDT,3,1,0,0,0,0,0,False
2026,CE,60002536691,GUILHERME BISMARCK,DEPUTADO ESTADUAL,PSB,3,2,0,0,0,0,0,False
2026,CE,60002536706,MARCOS ROBERIO RIBEIRO MONTEIRO,DEPUTADO FEDERAL,PSB,1,0,0,0,0,0,0,False
2026,CE,60002536968,JULIERME LIMA DE SENA,DEPUTADO FEDERAL,PL,1,0,0,0,0,0,0,False
2026,CE,60002536988,JOSÉ OTÁVIO MIRANDA DA CONCEIÇÃO,DEPUTADO ESTADUAL,UP,2,0,0,0,0,0,0,False
2026,CE,60002536989,DIANNE GLEBIA DE OLIVEIRA,DEPUTADO ESTADUAL,UP,2,0,0,0,0,0,0,False
2026,CE,60002537015,LUANA REGIA DE FREITAS LIMA RIBEIRO,DEPUTADO FEDERAL,PSD,1,0,0,0,0,0,0,False
2026,CE,60002537017,SANDRO HENRIQUE COSTA MENEZES,DEPUTADO FEDERAL,PSD,2,0,0,0,0,0,0,False
2026,CE,60002537659,ERICH DOUGLAS MOREIRA CHAVES,DEPUTADO ESTADUAL,PSD,1,1,0,0,0,0,0,False
2026,CE,60002537666,FRANCISCO ANTONIO BRITO MONCAO,DEPUTADO ESTADUAL,PSD,2,1,0,0,0,0,0,False
2026,CE,60002538319,FRANCISCO HELIO FERNANDES REBOUCAS,DEPUTADO FEDERAL,REDE,6,0,0,0,0,0,0,False
2026,CE,60002538321,ANNA KARINA CAVALCANTE DE OLIVEIRA,DEPUTADO FEDERAL,PSOL,2,1,0,0,0,0,0,False
2026,CE,60002538323,FRANCISCA BRUNA SILVA,DEPUTADO FEDERAL,PSOL,2,0,0,0,0,0,0,False
2026,CE,60002538324,EXPEDITO GUEDES DA SILVA,DEPUTADO FEDERAL,PSOL,2,0,0,0,0,0,0,False
2026,CE,60002538325,VALMIR ARRUDA DE SOUSA NETO,DEPUTADO FEDERAL,PSOL,2,1,0,0,0,0,0,False
2026,CE,60002538327,MITCHELLE BENEVIDES MEIRA,DEPUTADO FEDERAL,REDE,6,2,0,0,0,0,0,False
2026,CE,60002538328,GERSON GLAYDSON HONORATO DA SILVA,DEPUTADO FEDERAL,PSOL,2,0,0,0,0,0,0,False
2026,CE,60002538329,ANGELA ABUK SHAKUR PEREIRA DA SILVA,DEPUTADO FEDERAL,PSOL,2,0,0,0,0,0,0,False
2026,CE,60002538330,ANDRÉ DE OLIVEIRA COMARU,DEPUTADO FEDERAL,PSOL,2,0,0,0,0,0,0,False
2026,CE,60002538332,LORENA MARIA MOURA DA SILVA,DEPUTADO FEDERAL,PSOL,2,1,0,0,0,0,0,False
2026,CE,60002538334,FRANCISCA NAYLA DA SILVA,DEPUTADO FEDERAL,PSOL,2,0,0,0,0,0,0,False
2026,CE,60002538335,CARLOS ZANDRO PEREIRA DA SILVA,DEPUTADO FEDERAL,REDE,1,1,0,0,0,0,0,False
2026,CE,60002538336,DAUYZIO ALVES DA SILVA,DEPUTADO FEDERAL,PSOL,2,1,0,0,0,0,0,False
2026,CE,60002538337,FRANCISCO JARIR LIMA PEREIRA,DEPUTADO FEDERAL,PSOL,2,0,0,0,0,0,0,False
2026,CE,60002538339,PEDRO WILSON DE SOUSA OLIVEIRA,DEPUTADO FEDERAL,PSOL,2,0,0,0,0,0,0,False
2026,CE,60002538340,RENATO ROSENO DE OLIVEIRA,DEPUTADO FEDERAL,PSOL,2,1,0,0,0,0,0,False
2026,CE,60002538341,CICERO LIMA DE ALMEIDA,DEPUTADO ESTADUAL,PSOL,2,1,0,0,0,0,0,False
2026,CE,60002538342,ITALO COELHO DE ALENCAR,DEPUTADO ESTADUAL,REDE,2,0,0,0,0,0,0,False
2026,CE,60002538343,JERONIMO GONCALVES DA SILVA,DEPUTADO ESTADUAL,PSOL,2,0,0,0,0,0,0,False
2026,CE,60002538344,NESTOR BEZERRA,DEPUTADO ESTADUAL,PSOL,2,0,0,0,0,0,0,False
2026,CE,60002538345,FRANCISCO SABOIA DE LIMA,DEPUTADO ESTADUAL,REDE,4,0,0,0,0,0,0,False
2026,CE,60002538346,JOSE WILSON DA SILVA,DEPUTADO ESTADUAL,REDE,2,1,0,0,0,0,0,False
2026,CE,60002538348,JÚLIA RAQUEL MACEDO BATISTA,DEPUTADO ESTADUAL,PSOL,4,2,0,0,0,0,0,False
2026,CE,60002538349,GLAUCIA ALENCAR LINHARES,DEPUTADO ESTADUAL,PSOL,2,2,0,0,0,0,0,False
2026,CE,60002538350,FRANCISCO CLAUDIO QUEIROZ DE SOUZA,DEPUTADO ESTADUAL,PSOL,2,0,0,0,0,0,0,False
2026,CE,60002538351,PAULO HENRIQUE LIMA DE SOUSA,DEPUTADO ESTADUAL,REDE,3,0,0,0,0,0,0,False
2026,CE,60002538353,LEONARDO DE SOUZA XAVIER,DEPUTADO ESTADUAL,PSOL,2,1,0,0,0,0,0,False
2026,CE,60002538635,ZULEIDE FERNANDES DE QUEIROZ,DEPUTADO ESTADUAL,PSOL,2,0,0,0,0,0,0,False
2026,CE,60002538638,ROBERTA DAMASCENO ALVES,DEPUTADO ESTADUAL,REDE,2,1,0,0,0,0,0,False
2026,CE,60002538639,MARIA CARLA DE SOUSA RODRIGUES,DEPUTADO ESTADUAL,PSOL,2,1,0,0,0,0,0,False
2026,CE,60002538640,LUCIVALTER DE FREITAS VASCONCELOS,DEPUTADO ESTADUAL,PSOL,2,0,0,0,0,0,0,False
2026,CE,60002538642,FRANCISCA MARGARETE NEVES OLIVEIRA SANTOS,DEPUTADO ESTADUAL,REDE,3,2,0,0,0,0,0,False
2026,CE,60002538644,ADAO FERNANDES DA SILVA,DEPUTADO ESTADUAL,PSOL,2,0,0,0,0,0,0,False
2026,CE,60002538645,AILTON CLAECIO LOPES DANTAS,DEPUTADO ESTADUAL,PSOL,4,1,0,0,0,0,0,False
2026,CE,60002538944,LUCAS GONÇALVES MONTE,DEPUTADO FEDERAL,UP,3,0,0,0,0,0,0,False
2026,CE,60002540710,BRUNO TORQUATO PEDROSA,DEPUTADO ESTADUAL,PT,1,0,0,0,0,0,0,False
2026,CE,60002542211,JOSE CLAUDIO MENEZES MARTINS,DEPUTADO FEDERAL,MDB,1,0,0,0,0,0,0,False
2026,CE,60002542443,MARIA GORETE PEREIRA,DEPUTADO FEDERAL,MDB,1,1,0,0,0,0,0,False
2026,CE,60002542447,JESUINO RODRIGUES DE SAMPAIO NETO,DEPUTADO FEDERAL,MDB,1,0,0,0,0,0,0,False
2026,CE,60002542449,PEDRO PAULO DE ARAUJO GOMES,DEPUTADO FEDERAL,MDB,1,0,0,0,0,0,0,False
2026,CE,60002542452,WASHINGTON LUIZ DE OLIVEIRA GOIS,DEPUTADO ESTADUAL,MDB,1,1,0,0,0,0,0,False
2026,CE,60002542460,ANA CASSIA SALDANHA DE SOUZA BERNARDINO,DEPUTADO ESTADUAL,MDB,4,1,0,0,0,0,0,False
2026,CE,60002542476,LUIZIANNE DE OLIVEIRA LINS,SENADOR,REDE,2,1,0,0,0,0,0,False
2026,CE,60002542822,ADLER PRIMEIRO DAMASCENO GIRAO,DEPUTADO ESTADUAL,PL,2,1,0,0,0,0,0,False
2026,CE,60002542827,JOSE NILSON SOARES FROTA NETO,DEPUTADO ESTADUAL,PL,2,0,0,0,0,0,0,False
2026,CE,60002542831,MAYRA ISABEL CORREIA PINHEIRO,DEPUTADO ESTADUAL,PL,2,1,0,0,0,0,0,False
2026,CE,60002542832,SILVANA OLIVEIRA DE SOUSA,DEPUTADO ESTADUAL,PL,2,0,0,0,0,0,0,False
2026,CE,60002542834,DENIS GOMES DA SILVA,DEPUTADO ESTADUAL,PL,2,0,0,0,0,0,0,False
2026,CE,60002542836,JOÃO HENRIQUE SABOYA MARTINS,DEPUTADO ESTADUAL,PL,2,1,0,0,0,0,0,False
2026,CE,60002542840,DANYEL ELLYEZER ARAÚJO SILVA,DEPUTADO ESTADUAL,PL,1,1,0,0,0,0,0,False
2026,CE,60002542844,EGINA MARIA SANTIAGO LOPES,DEPUTADO ESTADUAL,PL,2,0,0,0,0,0,0,False
2026,CE,60002549967,JOSE BATISTA NETO,GOVERNADOR,PSTU,1,0,0,0,0,0,0,False
2026,CE,60002552511,KLEYTON LIMA BATISTA,DEPUTADO FEDERAL,AVANTE,1,1,0,0,0,0,0,False
2026,DF,70002531330,ERICKA SIQUEIRA NOGUEIRA FILIPPELLI,DEPUTADO DISTRITAL,NOVO,1,0,0,0,0,0,0,False
2026,DF,70002531335,JAIRO LUIS FERREIRA SANTOS DE MELO,DEPUTADO DISTRITAL,NOVO,1,1,0,0,0,0,0,False
2026,DF,70002531336,JOSÉ JÉZER DE OLIVEIRA JÚNIOR,DEPUTADO DISTRITAL,NOVO,1,0,0,0,0,0,0,False
2026,DF,70002531340,CAÇULECI PACHECO DA SILVA,DEPUTADO DISTRITAL,NOVO,1,1,0,0,0,0,0,False
2026,DF,70002531343,PETRUS LEONARDO BARRON SANCHEZ,DEPUTADO DISTRITAL,NOVO,1,0,0,0,0,0,0,False
2026,DF,70002531345,CRISLEIDE MOURÃO DOS SANTOS,DEPUTADO DISTRITAL,NOVO,1,1,0,0,0,0,0,False
2026,DF,70002531346,AILUDE ARAUJO MÁXIMO DOS SANTOS,DEPUTADO DISTRITAL,NOVO,1,0,0,0,0,0,0,False
2026,DF,70002531347,TANIA MARIA SOSTER SANTOS,DEPUTADO DISTRITAL,NOVO,1,0,0,0,0,0,0,False
2026,DF,70002532003,FLAVIO HENRIQUE TORMINN FLEURY,DEPUTADO FEDERAL,NOVO,1,0,0,0,0,0,0,False
2026,DF,70002532006,WILKER LEÃO DE SÁ,DEPUTADO FEDERAL,NOVO,1,1,0,1,1,0,0,True
2026,DF,70002533382,KARINE RODRIGUES AFONSECA,DEPUTADO FEDERAL,PSOL,1,1,0,0,0,0,0,False
2026,DF,70002533385,RAQUEL FERREIRA,DEPUTADO FEDERAL,PSOL,1,1,0,0,0,0,0,False
2026,DF,70002533388,RONALDO ADRIANO FIUZA CARDOSO,DEPUTADO FEDERAL,PSOL,1,0,0,0,0,0,0,False
2026,DF,70002533392,MANOEL CORDEIRO LIMA,DEPUTADO DISTRITAL,PSOL,1,0,0,0,0,0,0,False
2026,DF,70002533398,ROMARIO LEAL LOBÃO,DEPUTADO DISTRITAL,PSOL,1,0,0,0,0,0,0,False
2026,DF,70002533400,MARIA EDUARDA KRASNY DE SOUZA DA SILVA,DEPUTADO DISTRITAL,PSOL,2,0,0,0,0,0,0,False
2026,DF,70002533402,MICHEL PLATINI GOMES FERNANDES,DEPUTADO DISTRITAL,PSOL,1,0,0,0,0,0,0,False
2026,DF,70002533403,NATHALIA VIEIRA SOUZA SILVA,DEPUTADO DISTRITAL,PSOL,1,0,0,0,0,0,0,False
2026,DF,70002537106,LEONARDO BEZERRA COELHO,DEPUTADO FEDERAL,UP,1,0,0,0,0,0,0,False
2026,DF,70002537108,BÁRBARA VICENTE CALISTA,DEPUTADO DISTRITAL,UP,1,0,0,0,0,0,0,False
2026,DF,70002537111,SAMARA MINEIRO OLIVEIRA,GOVERNADOR,UP,1,0,0,0,0,0,0,False
2026,DF,70002537112,GUILHERME DE AMORIM LINO,SENADOR,UP,2,0,0,0,0,0,0,False
2026,DF,70002537113,IVONE DE PINHO MINEIRO OLIVEIRA,2º SUPLENTE,UP,1,0,0,0,0,0,0,False
2026,DF,70002538101,MARIA GERCIANE DA CONCEIÇÃO LIMA,DEPUTADO FEDERAL,SOLIDARIEDADE,1,0,0,0,0,0,0,False
2026,DF,70002538103,GILSON AMORIM SOBRINHO,DEPUTADO FEDERAL,PRD,1,1,0,1,1,0,0,True
2026,DF,70002538105,CINTYA MUNIZ ROCHA DA FONSECA SILVA,DEPUTADO FEDERAL,PRD,1,0,0,0,0,0,0,False
2026,DF,70002538128,IRACEMA MARIA DURAO MOREIRA,DEPUTADO DISTRITAL,PRD,1,0,0,0,0,0,0,False
2026,DF,70002538488,DANIEL DE CASTRO SOUSA,DEPUTADO DISTRITAL,PP,1,0,0,0,0,0,0,False
2026,DF,70002538517,ELZIOVAN MATIAS MORENO LIMA,DEPUTADO FEDERAL,PP,1,1,0,1,1,0,0,True
2026,DF,70002538799,IOLANDO ALMEIDA DE SOUZA,DEPUTADO DISTRITAL,MDB,1,0,0,0,0,0,0,False
2026,DF,70002540843,ISMAEL MOTA GOMES DE ALMEIDA,DEPUTADO FEDERAL,PODE,1,0,0,0,0,0,0,False
2026,DF,70002540849,CAROLINE DIAS RIBEIRO,DEPUTADO FEDERAL,PODE,1,1,0,0,0,0,0,False
2026,DF,70002541279,ALESSANDRO GONCALVES DE ALMEIDA,DEPUTADO DISTRITAL,PODE,1,0,0,0,0,0,0,False
2026,DF,70002541288,ALEX DE OLIVEIRA GALVAO,DEPUTADO DISTRITAL,PODE,1,0,0,0,0,0,0,False
2026,DF,70002541293,PRISCILA ALCANFOR BACCILE,DEPUTADO DISTRITAL,PODE,1,1,0,0,0,0,0,False
2026,DF,70002541294,KLEBES REZENDE DA CUNHA,DEPUTADO DISTRITAL,PODE,1,0,0,0,0,0,0,False
2026,DF,70002541299,PATRICIA HELENA AGOSTINHO MARTINS,DEPUTADO DISTRITAL,PODE,1,1,0,0,0,0,0,False
2026,DF,70002542523,FRANCIMAR NAVA VILARINDO,DEPUTADO DISTRITAL,MOBILIZA,1,1,0,0,0,0,0,False
2026,DF,70002542524,THAYS HELENA SILVA MORAES,DEPUTADO DISTRITAL,MOBILIZA,1,0,0,0,0,0,0,False
2026,DF,70002542525,EUDES JUDITH MERCES DE OLIVEIRA FELIX,DEPUTADO DISTRITAL,MOBILIZA,1,1,0,0,0,0,0,False
2026,DF,70002542526,JORGE DE FARIAS PATROCINIO,DEPUTADO DISTRITAL,MOBILIZA,1,1,0,0,0,0,0,False
2026,DF,70002542527,FRANCISCA JUSCICLEIA ARAUJO BRITO,DEPUTADO DISTRITAL,MOBILIZA,1,0,0,0,0,0,0,False
2026,DF,70002542529,CARLOS ALBERTO RODRIGUES TABANEZ,DEPUTADO DISTRITAL,MOBILIZA,1,0,0,0,0,0,0,False
2026,DF,70002542531,ULISSES DA COSTA DIAS,DEPUTADO DISTRITAL,MOBILIZA,1,0,0,0,0,0,0,False
2026,DF,70002542532,ÉVERTON MOTA RESENDE,DEPUTADO DISTRITAL,MOBILIZA,1,1,0,0,0,0,0,False
2026,DF,70002542533,WENDEL ANTONIO ALVES MOREIRA,DEPUTADO DISTRITAL,MOBILIZA,1,0,0,0,0,0,0,False
2026,DF,70002542535,NUCHE MENINO FIGUEIREDO DE CAMARGO,DEPUTADO DISTRITAL,MOBILIZA,1,0,0,0,0,0,0,False
2026,DF,70002542537,PEDRO ANTONIO DOS SANTOS,DEPUTADO DISTRITAL,MOBILIZA,1,0,0,0,0,0,0,False
2026,DF,70002542539,EMANUELL HENRIQUE DA SILVA,DEPUTADO DISTRITAL,MOBILIZA,1,1,0,0,0,0,0,False
2026,DF,70002542540,CRICIA APARECIDA MARTINS DA MATA DE ALMEIDA,DEPUTADO DISTRITAL,MOBILIZA,1,0,0,0,0,0,0,False
2026,DF,70002542541,GUTEMBERG FARIA RIOS,DEPUTADO DISTRITAL,MOBILIZA,1,0,0,0,0,0,0,False
2026,DF,70002542543,ANA CAROLINY DA COSTA CARVALHO NUNES,DEPUTADO DISTRITAL,MOBILIZA,6,1,0,0,0,0,0,False
2026,DF,70002542544,GISLAINE APARECIDA SOARES,DEPUTADO DISTRITAL,MOBILIZA,1,0,0,0,0,0,0,False
2026,DF,70002543443,MARGARIDA MARIA REGIS DE ALMEIDA CHAULET,DEPUTADO DISTRITAL,DC,1,0,0,0,0,0,0,False
2026,DF,70002544462,ANA PAULA FEROLA ARAUJO,DEPUTADO FEDERAL,AVANTE,1,0,0,0,0,0,0,False
2026,DF,70002544463,JEAN VICTOR CHAVES PORTELA,DEPUTADO FEDERAL,AVANTE,1,0,0,0,0,0,0,False
2026,DF,70002545057,AMANDA CAMARGO LEMOS,DEPUTADO DISTRITAL,MISSÃO,1,0,0,0,0,0,0,False
2026,DF,70002545075,CAMILA CORRÊA DE SOUZA,DEPUTADO FEDERAL,MISSÃO,1,0,0,0,0,0,0,False
2026,DF,70002546411,WARLEY REIS RIBEIRO DA SILVA,DEPUTADO FEDERAL,DEMOCRATA,1,1,0,0,0,0,0,False
2026,DF,70002546413,ANTHONY COUTO,DEPUTADO FEDERAL,DEMOCRATA,1,1,0,1,2,0,0,True
2026,DF,70002546418,MATEUS SENA COSTA,DEPUTADO FEDERAL,DEMOCRATA,1,1,0,0,0,0,0,False
2026,DF,70002546722,CLEMILTON SARAIVA DOS SANTOS,DEPUTADO DISTRITAL,AVANTE,1,0,0,0,0,0,0,False
2026,DF,70002546723,MARIA ANGÉLICA BRITO MACHADO,DEPUTADO DISTRITAL,AVANTE,1,0,0,0,0,0,0,False
2026,DF,70002546726,DANIEL DE SOUSA OLIVEIRA,DEPUTADO DISTRITAL,AVANTE,1,0,0,0,0,0,0,False
2026,DF,70002546727,ROGÉRIO ULYSSES TELLES DE MELLO,DEPUTADO DISTRITAL,AVANTE,1,1,0,0,0,0,0,False
2026,DF,70002546728,SANDRA GONÇALVES DA SILVA,DEPUTADO DISTRITAL,AVANTE,1,0,0,0,0,0,0,False
2026,DF,70002546733,MARILANIA TEIXEIRA,DEPUTADO DISTRITAL,AVANTE,1,0,0,0,0,0,0,False
2026,DF,70002546738,LAERCIO DE CARVALHO ALVES,DEPUTADO DISTRITAL,AVANTE,1,1,0,0,0,0,0,False
2026,DF,70002546949,ANTONIA ANGELICA NETA,DEPUTADO DISTRITAL,DEMOCRATA,1,1,0,0,0,0,0,False
2026,DF,70002546952,ALCIVANIO SOARES BOMFIM DE ARAUJO,DEPUTADO DISTRITAL,DEMOCRATA,1,1,0,0,0,0,0,False
2026,DF,70002546954,CLÁUDIO FERREIRA DOMINGUES,DEPUTADO DISTRITAL,DEMOCRATA,2,2,0,0,0,0,0,False
2026,DF,70002546955,ROBÉRIO DE OLIVEIRA MELO JUNIOR,DEPUTADO DISTRITAL,DEMOCRATA,1,0,0,0,0,0,0,False
2026,DF,70002546956,CARLOS ANTONIO DOS SANTOS COSTA,DEPUTADO DISTRITAL,DEMOCRATA,2,0,0,0,0,0,0,False
2026,DF,70002546959,LUIS CLAUDIO FERNANDES MIRANDA,DEPUTADO DISTRITAL,DEMOCRATA,2,1,0,0,0,0,0,False
2026,DF,70002546961,ANDREIA FERREIRA ALVES,DEPUTADO DISTRITAL,DEMOCRATA,1,0,0,0,0,0,0,False
2026,DF,70002546962,ALANNA ALVES AMARAL,DEPUTADO DISTRITAL,DEMOCRATA,2,0,0,0,0,0,0,False
2026,DF,70002546963,SALVADOR DA SILVA CASTRO,DEPUTADO DISTRITAL,DEMOCRATA,2,0,0,0,0,0,0,False
2026,DF,70002546966,ELIZEU DE SOUZA,DEPUTADO DISTRITAL,DEMOCRATA,2,1,0,0,0,0,0,False
2026,DF,70002548624,SEBASTIAO COELHO DA SILVA,SENADOR,NOVO,1,0,0,0,0,0,0,False
2026,DF,70002549999,ANNA CARINA SEBBA JANNUZZI,DEPUTADO DISTRITAL,PL,1,0,0,0,0,0,0,False
2026,DF,70002550003,CARLOS EDUARDO ANTUNES TÔRRES,DEPUTADO DISTRITAL,PL,1,1,0,0,0,0,0,False
2026,DF,70002550006,ANA LUIZA DUARTE DA CUNHA,DEPUTADO DISTRITAL,PL,1,0,0,0,0,0,0,False
2026,DF,70002550007,ALESSANDRO FABRICIO CLEMENTE PAIVA,DEPUTADO DISTRITAL,PL,1,1,0,0,0,0,0,False
2026,DF,70002550008,RICARDO ALMEIDA CASTANHEIRA,DEPUTADO DISTRITAL,PL,1,0,0,0,0,0,0,False
2026,DF,70002550009,ROOSEVELT VILELA PIRES,DEPUTADO DISTRITAL,PL,2,1,0,0,0,0,0,False
2026,DF,70002550010,ANDREIA MOURA ZEMUNER,DEPUTADO DISTRITAL,PL,2,0,0,0,0,0,0,False
2026,DF,70002550012,JOÃO RENATO BORGES ABREU,DEPUTADO DISTRITAL,PL,1,1,0,0,0,0,0,False
2026,DF,70002550015,JULIA LUCY MARQUES ARAUJO,DEPUTADO DISTRITAL,PL,1,0,0,0,0,0,0,False
2026,DF,70002550016,JOAO ALEXANDRE DE LIMA OLIVEIRA,DEPUTADO DISTRITAL,PL,1,0,0,0,0,0,0,False
2026,DF,70002550018,ANDRÉA PONTES E SILVA,DEPUTADO DISTRITAL,PL,1,1,0,0,0,0,0,False
2026,DF,70002550019,JOAQUIM DOMINGOS RORIZ NETO,DEPUTADO DISTRITAL,PL,1,1,0,0,0,0,0,False
2026,DF,70002550319,THIAGO DE ARAUJO MACIEIRA MANZONI,DEPUTADO FEDERAL,PL,1,1,0,0,0,0,0,False
2026,DF,70002550321,AGACIEL DA SILVA MAIA,DEPUTADO FEDERAL,PL,1,0,0,0,0,0,0,False
2026,DF,70002550982,LUCIANA LIMA DA SILVA,DEPUTADO DISTRITAL,PSDB,1,0,0,0,0,0,0,False
2026,DF,70002550994,JAMES MAYNER SILVA,DEPUTADO DISTRITAL,PSDB,1,0,0,0,0,0,0,False
2026,DF,70002551184,JOSE OSCAR DA SILVA,DEPUTADO FEDERAL,PSDB,1,0,0,0,0,0,0,False
2026,DF,70002551186,GERALDO NAVES FILHO,DEPUTADO FEDERAL,PSDB,1,0,0,0,0,0,0,False
2026,DF,70002551188,KARLA VINHAS DE JESUS,DEPUTADO FEDERAL,PSDB,1,0,0,0,0,0,0,False
2026,DF,70002551189,LEIA PEREIRA XAVIER,DEPUTADO FEDERAL,PSDB,1,0,0,0,0,0,0,False
2026,DF,70002551191,LEIRSON TRIGUEIRO MATOS,DEPUTADO FEDERAL,PSDB,1,0,0,0,0,0,0,False
2026,DF,70002551192,ELAINE DE OLIVEIRA BARBOSA,DEPUTADO FEDERAL,PSDB,1,1,0,0,0,0,0,False
2026,DF,70002551324,THIAGO LUIZ DA SILVA MELO,1º SUPLENTE,AGIR,1,0,0,0,0,0,0,False
2026,DF,70002551325,ALEXANDRE NUNES DOS SANTOS,2º SUPLENTE,AGIR,1,0,0,0,0,0,0,False
2026,DF,70002551996,GILBERTO ELIAZARIO DE CAMARGOS,DEPUTADO DISTRITAL,AVANTE,1,1,0,0,0,0,0,False
2026,DF,70002552494,RAPHAEL SODRE CITTADINO,1º SUPLENTE,REDE,1,1,0,0,0,0,0,False
2026,DF,70002552582,MARLEY MENDONCA ALVES,SENADOR,AVANTE,1,0,0,0,0,0,0,False
2026,DF,70002552583,DIEGO RICARDO MARQUES,1º SUPLENTE,AVANTE,1,1,0,0,0,0,0,False
2026,DF,70002552584,REGINALDO SILVA PEREIRA FILHO,2º SUPLENTE,AVANTE,1,0,0,0,0,0,0,False
2026,DF,70002552586,JOSÉ ROBERTO ARRUDA,GOVERNADOR,PSD,1,0,0,0,0,0,0,False
2026,DF,70002552937,RENATO LIMA PAIVA FIGUEIREDO,2º SUPLENTE,PL,1,1,0,0,0,0,0,False
2026,DF,70002553055,CELINA LEAO HIZIM FERREIRA,GOVERNADOR,PP,1,1,0,1,1,0,0,True
2026,DF,70002553297,ANTÔNIO EUSTÁQUIO CORRÊA DA COSTA,2º SUPLENTE,PSDB,1,0,0,0,0,0,0,False
2026,DF,70002553749,ANTONIO RAIMUNDO GOMES SILVA FILHO,2º SUPLENTE,PSD,2,0,0,0,0,0,0,False
2026,ES,80002535611,JOAO GUERINO BALESTRASSI,DEPUTADO FEDERAL,PODE,1,0,0,0,0,0,0,False
2026,ES,80002535612,ALESSANDRO BROEDEL TOREZANI,DEPUTADO FEDERAL,PODE,1,1,0,1,2,0,0,True
2026,ES,80002535776,DOUGLAS BERTAZO MUSSO,DEPUTADO ESTADUAL,AGIR,4,0,0,0,0,0,0,False
2026,ES,80002535789,LUIZ ADRIANO MARTINS RODRIGUES,DEPUTADO ESTADUAL,AGIR,3,0,0,0,0,0,0,False
2026,ES,80002535798,ANGELO ANTONIO CORTELETTI,DEPUTADO ESTADUAL,AGIR,1,1,0,1,1,0,0,True
2026,ES,80002536278,GILSON DANIEL BATISTA,DEPUTADO FEDERAL,PODE,1,0,0,0,0,0,0,False
2026,ES,80002538193,LUCAS DA RÓS RECLA,DEPUTADO FEDERAL,AVANTE,1,0,0,0,0,0,0,False
2026,ES,80002541008,TYAGO RIBEIRO HOFFMANN,DEPUTADO FEDERAL,PSB,2,0,0,0,0,0,0,False
2026,ES,80002541011,JOSE EUSTAQUIO DE FREITAS,DEPUTADO FEDERAL,PSB,1,1,0,1,1,0,0,True
2026,ES,80002541040,JULIO CESAR DE OLIVEIRA,DEPUTADO ESTADUAL,PSB,1,0,0,0,0,0,0,False
2026,ES,80002542409,JOSIAS MARIO DA VITORIA,DEPUTADO FEDERAL,PP,1,0,0,0,0,0,0,False
2026,ES,80002549035,ROSA JULIA GANDINI AMANCIO,DEPUTADO ESTADUAL,PDT,1,0,0,0,0,0,0,False
2026,ES,80002549123,VINICIUS VEIGA VIDAL,DEPUTADO ESTADUAL,MDB,3,3,0,2,1,0,0,True
2026,ES,80002549400,RENAN DE ALMEIDA,DEPUTADO FEDERAL,PSOL,1,0,0,0,0,0,0,False
2026,ES,80002549401,FLAVIO HENRIQUE LAZZARINI PANDOLFI,DEPUTADO FEDERAL,PSOL,1,0,0,0,0,0,0,False
2026,ES,80002549430,LUCINIO CASTELO DE ASSUMÇAO,DEPUTADO ESTADUAL,PL,2,1,0,1,10,0,0,True
2026,ES,80002549433,ARMANDO FONTOURA BORGES FILHO,DEPUTADO ESTADUAL,PL,2,1,0,0,0,0,0,False
2026,ES,80002549440,ALVANIR MAGDA DE MOURA BEZERRA,DEPUTADO ESTADUAL,PP,1,0,0,0,0,0,0,False
2026,ES,80002549445,PETER NOGUEIRA DA COSTA,DEPUTADO ESTADUAL,PP,2,0,0,0,0,0,0,False
2026,ES,80002549454,SIDICLEI GILES DE ANDRADE,DEPUTADO ESTADUAL,PP,1,0,0,0,0,0,0,False
2026,ES,80002549493,LUIZ ALVES DE LIMA,DEPUTADO ESTADUAL,REDE,1,0,0,0,0,0,0,False
2026,ES,80002549494,FRANCISCO DE ASSIS DA SILVA,DEPUTADO ESTADUAL,PSOL,1,0,0,0,0,0,0,False
2026,ES,80002549701,NEUCIMAR FERREIRA FRAGA,DEPUTADO FEDERAL,PL,1,0,0,0,0,0,0,False
2026,ES,80002550824,TIAGO DE CASTRO DA SILVA,DEPUTADO ESTADUAL,SOLIDARIEDADE,1,0,0,0,0,0,0,False
2026,ES,80002550829,ALMIR LORENZON,DEPUTADO ESTADUAL,SOLIDARIEDADE,1,1,0,0,0,0,0,False
2026,GO,90002537389,GISLAINE SILVA MAIA FERREIRA,DEPUTADO FEDERAL,PODE,1,0,0,0,0,0,0,False
2026,GO,90002537390,GLAUSKSTON BATISTA RIOS,DEPUTADO FEDERAL,PODE,2,0,0,0,0,0,0,False
2026,GO,90002537391,JOSE CAMELO NAVES JUNIOR,DEPUTADO FEDERAL,PODE,2,0,0,0,0,0,0,False
2026,GO,90002537392,JOSIANE DA SILVA FERREIRA BUENO,DEPUTADO FEDERAL,PODE,2,0,0,0,0,0,0,False
2026,GO,90002537393,ELAINE RODRIGUES SILVA,DEPUTADO FEDERAL,PODE,2,1,0,0,0,0,0,False
2026,GO,90002537423,SILDIOMAR DE CARVALHO RIBEIRO,DEPUTADO ESTADUAL,PODE,3,3,0,0,0,0,0,False
2026,GO,90002537424,MARCOS GOMES DE OLIVEIRA,DEPUTADO ESTADUAL,PODE,2,0,0,0,0,0,0,False
2026,GO,90002537425,ZILMA FERREIRA ALMEIDA,DEPUTADO ESTADUAL,PODE,2,0,0,0,0,0,0,False
2026,GO,90002537426,LARISSA LAFAIETE DE GODOI,DEPUTADO ESTADUAL,PODE,2,1,0,0,0,0,0,False
2026,GO,90002537428,HENRIQUE CESAR PEREIRA,DEPUTADO ESTADUAL,PODE,1,0,0,0,0,0,0,False
2026,GO,90002537429,MARCOS JERONIMO DIAS JUNIOR,DEPUTADO ESTADUAL,PODE,1,1,0,0,0,0,0,False
2026,GO,90002537432,JOSE BARBOSA DA SILVA,DEPUTADO ESTADUAL,PODE,1,1,0,0,0,0,0,False
2026,GO,90002537433,JUSCELIO DOS SANTOS,DEPUTADO ESTADUAL,PODE,2,1,0,0,0,0,0,False
2026,GO,90002537437,JANAINA DOS SANTOS CANDIDO,DEPUTADO ESTADUAL,PODE,2,0,0,0,0,0,0,False
2026,GO,90002537443,RAFAEL MARRA E SILVA,DEPUTADO ESTADUAL,PODE,1,0,0,0,0,0,0,False
2026,GO,90002537448,DENIS BENTO DA SILVA,DEPUTADO ESTADUAL,PODE,1,0,0,0,0,0,0,False
2026,GO,90002537449,FABIANA VIEIRA GONCALVES ALCANFOR,DEPUTADO ESTADUAL,PODE,1,0,0,0,0,0,0,False
2026,GO,90002537450,RALWENDER CAETANO DE MELO,DEPUTADO ESTADUAL,PODE,2,0,0,0,0,0,0,False
2026,GO,90002537451,RAMON FERREIRA LIMA,DEPUTADO ESTADUAL,PODE,2,0,0,0,0,0,0,False
2026,GO,90002537452,CLEIA PEDROZO DA SILVEIRA SANTOS,DEPUTADO ESTADUAL,PODE,1,0,0,0,0,0,0,False
2026,GO,90002537458,EDER GEAN SILVA,DEPUTADO ESTADUAL,PODE,2,1,0,0,0,0,0,False
2026,GO,90002537634,GABRIELA RODART LOPES,DEPUTADO FEDERAL,PODE,1,0,0,0,0,0,0,False
2026,GO,90002537635,IGOR RECELLY FRANCO DE FREITAS,DEPUTADO FEDERAL,PODE,2,0,0,0,0,0,0,False
2026,GO,90002537636,ANGELITA DUARTE,DEPUTADO FEDERAL,PODE,2,0,0,0,0,0,0,False
2026,GO,90002537637,SAMUEL JOSE DOS SANTOS,DEPUTADO FEDERAL,PODE,2,1,0,0,0,0,0,False
2026,GO,90002537638,LEONE RESENDE MACHADO,DEPUTADO FEDERAL,PODE,2,0,0,0,0,0,0,False
2026,GO,90002537639,RICARDO CAIADO VIANA FEITOSA,DEPUTADO FEDERAL,PODE,2,1,0,0,0,0,0,False
2026,GO,90002537640,JOAO CAMPOS DE ARAUJO,DEPUTADO FEDERAL,PODE,1,0,0,0,0,0,0,False
2026,GO,90002537641,VANESSA SILVA DE SOUZA,DEPUTADO FEDERAL,PODE,2,0,0,0,0,0,0,False
2026,GO,90002537642,ROSANGELA MUNIZ DE ARAUJO TOMAZ,DEPUTADO FEDERAL,PODE,2,1,0,0,0,0,0,False
2026,GO,90002537643,LUCIANA CRISTINA SILVA FERREIRA DO SANTOS,DEPUTADO FEDERAL,PODE,2,0,0,0,0,0,0,False
2026,GO,90002538942,GISELE COLLETE CÂNDIDA FRANCES,DEPUTADO ESTADUAL,PODE,1,1,0,0,0,0,0,False
2026,GO,90002538943,THUMILLA BATISTA DE CARVALHO,DEPUTADO ESTADUAL,PODE,2,1,0,0,0,0,0,False
2026,GO,90002539144,MARIA RAILDA DA CONCEICAO OLIVEIRA,DEPUTADO FEDERAL,PT,1,0,0,0,0,0,0,False
2026,GO,90002539145,CARLOS HENRIQUE DA SILVA FERREIRA,DEPUTADO FEDERAL,PT,1,0,0,0,0,0,0,False
2026,GO,90002539146,ANTONIA CLAUDIA TRAJANO NASCIMENTO,DEPUTADO FEDERAL,PCDOB,1,0,0,0,0,0,0,False
2026,GO,90002539147,SUZANA SOUSA CARVALHO FERREIRA,DEPUTADO FEDERAL,PT,1,0,0,0,0,0,0,False
2026,GO,90002539148,DELUBIO SOARES DE CASTRO,DEPUTADO FEDERAL,PT,1,0,0,0,0,0,0,False
2026,GO,90002539149,MAURELIO MOREIRA DE ARAUJO,DEPUTADO FEDERAL,PT,2,0,0,0,0,0,0,False
2026,GO,90002539150,CATARINO JOSE DA SILVA,DEPUTADO FEDERAL,PT,2,0,0,0,0,0,0,False
2026,GO,90002539151,RUBENS OTONI GOMIDE,DEPUTADO FEDERAL,PT,2,0,0,0,0,0,0,False
2026,GO,90002539152,ISABEL CRISTINE DIAS DOS SANTOS,DEPUTADO FEDERAL,PT,1,0,0,0,0,0,0,False
2026,GO,90002539153,EDWARD MADUREIRA BRASIL,DEPUTADO FEDERAL,PT,3,0,0,0,0,0,0,False
2026,GO,90002539154,MARIA JULIA FERRARI DE ARAUJO,DEPUTADO FEDERAL,PT,1,0,0,0,0,0,0,False
2026,GO,90002539155,FLAVIANE DOS SANTOS SILVA,DEPUTADO FEDERAL,PT,2,0,0,0,0,0,0,False
2026,GO,90002539156,VALERIO LUIZ DE OLIVEIRA FILHO,DEPUTADO FEDERAL,PT,1,0,0,0,0,0,0,False
2026,GO,90002539157,ADRIANA SAUTHIER ACCORSI,DEPUTADO FEDERAL,PT,2,0,0,0,0,0,0,False
2026,GO,90002539158,DANIEL RODRIGUES MARTINS FERREIRA,DEPUTADO FEDERAL,PT,2,0,0,0,0,0,0,False
2026,GO,90002539159,WEDER ANTONIO DA SILVA,DEPUTADO FEDERAL,PV,1,0,0,0,0,0,0,False
2026,GO,90002539161,FABIO TOKARSKI,DEPUTADO FEDERAL,PCDOB,1,0,0,0,0,0,0,False
2026,GO,90002540134,YASSER MARTINS YASSINE,DEPUTADO ESTADUAL,PT,2,0,0,0,0,0,0,False
2026,GO,90002540136,WELTON DIVINO DAS DORES DE SOUSA,DEPUTADO ESTADUAL,PT,1,1,0,0,0,0,0,False
2026,GO,90002540137,ISMAEL BELARMINO ROSA,DEPUTADO ESTADUAL,PT,2,0,0,0,0,0,0,False
2026,GO,90002540138,MAURO RUBEM DE MENEZES JONAS,DEPUTADO ESTADUAL,PT,2,1,0,1,1,0,0,True
2026,GO,90002540139,ANTONIO ROBERTO OTONI GOMIDE,DEPUTADO ESTADUAL,PT,2,0,0,0,0,0,0,False
2026,GO,90002540140,ANDREANDO FIRMINO DE OLIVEIRA,DEPUTADO ESTADUAL,PT,2,0,0,0,0,0,0,False
2026,GO,90002540141,WESLEY CORREA DE TOLEDO,DEPUTADO ESTADUAL,PT,2,0,0,0,0,0,0,False
2026,GO,90002540142,KÁTIA MARIA DOS SANTOS,DEPUTADO ESTADUAL,PT,2,0,0,0,0,0,0,False
2026,GO,90002540143,RUBENS SOARES DA SILVA,DEPUTADO ESTADUAL,PT,1,0,0,0,0,0,0,False
2026,GO,90002540144,CLEITON ELEUTERIO DA SILVA,DEPUTADO ESTADUAL,PT,2,0,0,0,0,0,0,False
2026,GO,90002540145,REINALDO ASSIS PANTALEAO,DEPUTADO ESTADUAL,PT,2,1,0,0,0,0,0,False
2026,GO,90002540147,ANA CAROLINE CARMO DA SILVA NUNES,DEPUTADO ESTADUAL,PT,2,0,0,0,0,0,0,False
2026,GO,90002540149,FABRICIO SILVA ROSA,DEPUTADO ESTADUAL,PT,1,0,0,0,0,0,0,False
2026,GO,90002540150,JULIANA DAMANDO VAZ,DEPUTADO ESTADUAL,PT,1,0,0,0,0,0,0,False
2026,GO,90002540151,REGIANE ALVES DO NASCIMENTO FREIRE,DEPUTADO ESTADUAL,PCDOB,1,0,0,0,0,0,0,False
2026,GO,90002540152,CASSIANA VAZ TORMIN,DEPUTADO ESTADUAL,PT,1,0,0,0,0,0,0,False
2026,GO,90002540854,MARIA DE JESUS ALVES BENVINDO,DEPUTADO ESTADUAL,PT,2,0,0,0,0,0,0,False
2026,GO,90002540858,GESSIMONE SANTANA DOS SANTOS,DEPUTADO ESTADUAL,PT,2,0,0,0,0,0,0,False
2026,GO,90002540859,VALDIR MELO SANTOS,DEPUTADO ESTADUAL,PT,2,0,0,0,0,0,0,False
2026,GO,90002540860,SEBASTIAO FERNANDES DE SOUSA,DEPUTADO ESTADUAL,PT,2,0,0,0,0,0,0,False
2026,GO,90002540861,MARIA EUZEBIA DE LIMA,DEPUTADO ESTADUAL,PT,2,1,0,0,0,0,0,False
2026,GO,90002540862,ADEDI JOSE DE SANTANA,DEPUTADO ESTADUAL,PT,2,2,0,0,0,0,0,False
2026,GO,90002540864,WALCY CALIXTO VIEIRA,DEPUTADO ESTADUAL,PT,1,1,0,0,0,0,0,False
2026,GO,90002540865,MARIA ROSALINA DA SILVA PAULA,DEPUTADO ESTADUAL,PT,2,0,0,0,0,0,0,False
2026,GO,90002540866,EVERALDO ANTONIO PASTORE,DEPUTADO ESTADUAL,PV,2,0,0,0,0,0,0,False
2026,GO,90002540868,CICERO ROCHA LEMOS,DEPUTADO ESTADUAL,PT,2,0,0,0,0,0,0,False
2026,GO,90002540964,HEBERT SILVA CARDOSO,DEPUTADO ESTADUAL,NOVO,1,0,0,0,0,0,0,False
2026,GO,90002541453,FERNANDO ISAAC BORGES DE FARIA,1º SUPLENTE,PDT,1,0,0,0,0,0,0,False
2026,GO,90002541455,MARIA ISAURA LEMOS,SENADOR,PSB,1,1,0,0,0,0,0,False
2026,GO,90002541456,PATRICK DE NORONHA,2º SUPLENTE,REDE,1,1,0,0,0,0,0,False
2026,GO,90002542595,ORLANES FERREIRA DE SOUSA,DEPUTADO ESTADUAL,PT,2,0,0,0,0,0,0,False
2026,GO,90002542596,LUCIA APARECIDA TOME,DEPUTADO ESTADUAL,PV,2,0,0,0,0,0,0,False
2026,GO,90002542597,GOIANO SIDNEY COSTA DE SOUSA,DEPUTADO ESTADUAL,PV,2,0,0,0,0,0,0,False
2026,GO,90002542598,JONAS ALVES DA SILVA,DEPUTADO ESTADUAL,PT,2,0,0,0,0,0,0,False
2026,GO,90002542599,LUIZ DO NASCIMENTO CARVALHO,DEPUTADO ESTADUAL,PT,3,0,0,0,0,0,0,False
2026,GO,90002543118,MARIA DILMA DA CRUZ,DEPUTADO ESTADUAL,MOBILIZA,1,0,0,0,0,0,0,False
2026,GO,90002543122,LEANDRO RIBEIRO DA SILVA,DEPUTADO ESTADUAL,MOBILIZA,1,0,0,0,0,0,0,False
2026,GO,90002543127,JOSE BARBOSA DA SILVA,DEPUTADO ESTADUAL,MOBILIZA,1,0,0,0,0,0,0,False
2026,GO,90002543129,SERGIO DE SOUZA BRAVO,DEPUTADO ESTADUAL,MOBILIZA,1,1,0,0,0,0,0,False
2026,GO,90002543136,DENISE MARTINS DA SILVA,DEPUTADO ESTADUAL,MOBILIZA,2,0,0,0,0,0,0,False
2026,GO,90002543141,SILVANIO FRANCISCO DA SILVA,DEPUTADO ESTADUAL,MOBILIZA,2,2,0,0,0,0,0,False
2026,GO,90002543146,MÁRCIO LUÍS DA SILVA,DEPUTADO ESTADUAL,MOBILIZA,2,0,0,0,0,0,0,False
2026,GO,90002543148,NEILA MARIA GONCALVES MARTINS,DEPUTADO ESTADUAL,MOBILIZA,1,0,0,0,0,0,0,False
2026,GO,90002543149,WALDEMIR MALAQUIAS DA SILVA,DEPUTADO ESTADUAL,MOBILIZA,2,2,0,0,0,0,0,False
2026,GO,90002543151,DANIEL MESSAC DE MORAIS,DEPUTADO ESTADUAL,MOBILIZA,4,2,0,1,5,0,0,True
2026,GO,90002543177,MARCELO BRITES DA SILVA,DEPUTADO ESTADUAL,AGIR,2,1,0,0,0,0,0,False
2026,GO,90002543184,ALESSANDRA OLIVEIRA DA CONCEIÇÃO RIBEIRO,DEPUTADO ESTADUAL,AGIR,2,0,0,0,0,0,0,False
2026,GO,90002543185,WESLEY SANDER DA SILVA,DEPUTADO ESTADUAL,AGIR,1,1,0,0,0,0,0,False
2026,GO,90002543215,VANDERLAN VIEIRA CARDOSO,SENADOR,PSD,1,0,0,0,0,0,0,False
2026,GO,90002543216,PEDRO PINHEIRO CHAVES,1º SUPLENTE,PSD,1,1,0,0,0,0,0,False
2026,GO,90002543239,ADRIANO ANTONIO AVELAR,DEPUTADO FEDERAL,PP,2,0,0,0,0,0,0,False
2026,GO,90002543243,SILVYE ALVES DA SILVA,DEPUTADO FEDERAL,UNIÃO,1,1,0,0,0,0,0,False
2026,GO,90002543246,JOSE NELTO LAGARES DAS MERCEZ,DEPUTADO FEDERAL,UNIÃO,1,0,0,0,0,0,0,False
2026,GO,90002543464,JACQUELINE FREITAS NASCIMENTO ZAIDEN,VICE-GOVERNADOR,PSDB,1,1,0,0,0,0,0,False
2026,GO,90002543482,ANTONIO CARLOS CAVALCANTE SOUZA,DEPUTADO ESTADUAL,DEMOCRATA,1,1,0,0,0,0,0,False
2026,GO,90002543483,BARBARA LORRANY CARVALHO DE SOUZA,DEPUTADO ESTADUAL,DEMOCRATA,1,1,0,1,1,0,0,True
2026,GO,90002543489,TAYANNY STEFANY NEVES PAIXÃO,DEPUTADO ESTADUAL,DEMOCRATA,4,1,0,0,0,0,0,False
2026,GO,90002543491,DEOCLECIO PEREIRA DA COSTA,DEPUTADO ESTADUAL,DEMOCRATA,4,2,0,0,0,0,0,False
2026,GO,90002543495,DANIEL SABINO VAZ,DEPUTADO ESTADUAL,DEMOCRATA,1,0,0,0,0,0,0,False
2026,GO,90002543498,RICARDO FORTUNATO DE OLIVEIRA,DEPUTADO ESTADUAL,DEMOCRATA,4,4,0,4,3,0,0,True
2026,GO,90002543499,TARCISIO ALCANTARA,DEPUTADO ESTADUAL,DEMOCRATA,9,6,0,4,3,0,0,True
2026,GO,90002543502,JORGE LUIZ MARREIROS SALDANHA,DEPUTADO ESTADUAL,DEMOCRATA,2,0,0,0,0,0,0,False
2026,GO,90002543504,MARIA COSTA DA SILVA SOUZA,DEPUTADO ESTADUAL,DEMOCRATA,3,0,0,0,0,0,0,False
2026,GO,90002543558,LEONARDO CAIRO RIZZO,1º SUPLENTE,PL,1,0,0,0,0,0,0,False
2026,GO,90002543561,CHRISTOVAM MACHADO DO ESPIRITO SANTO,DEPUTADO FEDERAL,SOLIDARIEDADE,2,1,0,0,0,0,0,False
2026,GO,90002543564,RHAINNA IANNARI GOMES LIMA DE QUEIROZ,DEPUTADO FEDERAL,SOLIDARIEDADE,4,1,0,0,0,0,0,False
2026,GO,90002543568,ACENIL GUERRA DA COSTA,DEPUTADO FEDERAL,PRD,2,1,0,0,0,0,0,False
2026,GO,90002543793,GILSOMAR FERNANDES DIAS BRAVO,DEPUTADO ESTADUAL,PL,2,2,0,2,1,0,0,True
2026,GO,90002543844,JOSE MARIA DE JESUS SILVA,DEPUTADO ESTADUAL,PSOL,1,1,0,0,0,0,0,False
2026,GO,90002543850,VALERIA GONCALVES DA SILVA ANASTACIO,DEPUTADO ESTADUAL,REDE,1,0,0,0,0,0,0,False
2026,GO,90002543852,ANA MARIA SOUZA E SILVA,DEPUTADO ESTADUAL,PSOL,1,0,0,0,0,0,0,False
2026,GO,90002544115,DENES PEREIRA ALVES,DEPUTADO FEDERAL,SOLIDARIEDADE,4,2,0,2,2,0,0,True
2026,GO,90002544867,CLECIO ANTONIO ALVES,DEPUTADO ESTADUAL,PSDB,1,0,0,0,0,0,0,False
2026,GO,90002544868,PEDRO HENRIQUE DE OLIVEIRA ARAÚJO,DEPUTADO ESTADUAL,PSDB,1,0,0,0,0,0,0,False
2026,GO,90002544870,HELIO RODRIGUES DE ALMEIDA,DEPUTADO ESTADUAL,PSDB,1,0,0,0,0,0,0,False
2026,GO,90002544879,MATHEUS ARAUJO RIBEIRO,DEPUTADO ESTADUAL,PSDB,1,0,0,0,0,0,0,False
2026,GO,90002544880,THIAGO RIBEIRO DE SOUZA,DEPUTADO ESTADUAL,PSDB,2,0,0,0,0,0,0,False
2026,GO,90002544892,RUBENS AUGUSTO NADER,DEPUTADO ESTADUAL,PSDB,4,4,0,3,2,0,0,True
2026,GO,90002545243,ERNESTO GUIMARÃES ROLLER,SENADOR,PSDB,1,0,0,0,0,0,0,False
2026,GO,90002545245,DARLENE COSTA AZEVEDO ARAÚJO,1º SUPLENTE,PSDB,1,1,0,0,0,0,0,False
2026,GO,90002545246,LUIZ OTAVIO DO NASCIMENTO,2º SUPLENTE,PSDB,1,0,0,0,0,0,0,False
2026,GO,90002545247,MILTON JOSÉ DAS MERCEZ,1º SUPLENTE,PSDB,1,0,0,0,0,0,0,False
2026,GO,90002545476,LUIS CESAR BUENO E FREITAS,GOVERNADOR,PT,1,0,0,0,0,0,0,False
2026,GO,90002545477,CARLOS GOMES CAVALCANTE MUNDIM,VICE-GOVERNADOR,PDT,3,0,0,0,0,0,0,False
2026,GO,90002545509,ALANMAIM ROBSON DE ORIAS OLIVEIRA,DEPUTADO ESTADUAL,PT,2,0,0,0,0,0,0,False
2026,GO,90002546240,EDILSON GALDINO ROCHA,DEPUTADO ESTADUAL,MDB,4,0,0,0,0,0,0,False
2026,GO,90002546244,GEORGE MORAIS FERREIRA,DEPUTADO ESTADUAL,MDB,2,0,0,0,0,0,0,False
2026,GO,90002546974,ZACARIAS CALIL HAMU,SENADOR,MDB,2,2,0,0,0,0,0,False
2026,GO,90002547006,JOSE EDBERTO GOMES NEVES FILHO,DEPUTADO ESTADUAL,UNIÃO,2,1,0,0,0,0,0,False
2026,GO,90002547007,CAROLINE DE CARLOS MONTEIRO,DEPUTADO ESTADUAL,UNIÃO,2,0,0,0,0,0,0,False
2026,GO,90002547009,NÁRCIA KELLY ALVES DA SILVA,DEPUTADO ESTADUAL,PP,3,2,0,2,1,0,0,True
2026,GO,90002547013,LINCOLN GRAZIANI PEREIRA DA ROCHA TEJOTA,DEPUTADO ESTADUAL,UNIÃO,2,1,0,0,0,0,0,False
2026,GO,90002547017,VIRGINIA VALERIA FERNANDES DE SANTANA,DEPUTADO ESTADUAL,UNIÃO,1,0,0,0,0,0,0,False
2026,GO,90002547020,THAIS DE SOUZA CORREA,DEPUTADO ESTADUAL,UNIÃO,2,0,0,0,0,0,0,False
2026,GO,90002547021,MEIRESLENE LUIZA DE AGUIAR,DEPUTADO ESTADUAL,UNIÃO,2,0,0,0,0,0,0,False
2026,GO,90002547023,MARCIEL FRANCISCO DA SILVA,DEPUTADO ESTADUAL,UNIÃO,2,0,0,0,0,0,0,False
2026,GO,90002547025,MICHELLA RODRIGUES PIRES BANDEIRA,DEPUTADO ESTADUAL,UNIÃO,2,0,0,0,0,0,0,False
2026,GO,90002547029,HIGOR CORREA DA SILVA,DEPUTADO ESTADUAL,UNIÃO,2,1,0,0,0,0,0,False
2026,GO,90002547030,TALLES ALVES BARRETO,DEPUTADO ESTADUAL,UNIÃO,10,6,0,4,3,0,0,True
2026,GO,90002547032,WILDE LOPES RORIZ,DEPUTADO ESTADUAL,UNIÃO,2,0,0,0,0,0,0,False
2026,GO,90002547034,GILBERTO PATRICIO DA SILVA,DEPUTADO ESTADUAL,UNIÃO,2,1,0,0,0,0,0,False
2026,GO,90002547038,MARCIO DE OLIVEIRA PASSOS,DEPUTADO ESTADUAL,UNIÃO,2,0,0,0,0,0,0,False
2026,GO,90002547039,ANDRE LUIZ GOMES GONTIJO,DEPUTADO ESTADUAL,UNIÃO,2,2,0,2,2,0,0,True
2026,GO,90002547042,VALDELICE SILVA RIBEIRO,DEPUTADO ESTADUAL,UNIÃO,2,0,0,0,0,0,0,False
2026,GO,90002547044,CLAYTON FERNANDO DE ARAUJO RESENDE,DEPUTADO ESTADUAL,UNIÃO,2,0,0,0,0,0,0,False
2026,GO,90002547089,SILVANA FERREIRA DE SOUSA MARTINS,DEPUTADO ESTADUAL,PSB,1,0,0,0,0,0,0,False
2026,GO,90002547090,RUBENS MARQUES VIEIRA DOS SANTOS,DEPUTADO ESTADUAL,PSB,1,0,0,0,0,0,0,False
2026,GO,90002547091,ALDENOR CARNEIRO DOS SANTOS,DEPUTADO ESTADUAL,PSB,1,0,0,0,0,0,0,False
2026,GO,90002547103,HENRIQUE PAULISTA ARANTES,DEPUTADO FEDERAL,PSDB,2,2,0,2,1,0,0,True
2026,GO,90002547106,FLÁVIA MODESTO TELES,DEPUTADO FEDERAL,PSDB,1,0,0,0,0,0,0,False
2026,GO,90002547107,MARCOS SANDER FAGUNDES,DEPUTADO FEDERAL,PSDB,1,0,0,0,0,0,0,False
2026,GO,90002547109,ALCIDES RIBEIRO FILHO,DEPUTADO FEDERAL,PSDB,3,3,0,1,1,0,0,True
2026,GO,90002547121,RAFAEL RODRIGUES LOPES,DEPUTADO ESTADUAL,PSD,2,0,0,0,0,0,0,False
2026,GO,90002547127,ALCILENA DO CARMO SILVA,DEPUTADO FEDERAL,PSB,1,0,0,0,0,0,0,False
2026,GO,90002547128,JULIO CESAR BARRETO DE SOUSA,DEPUTADO FEDERAL,PSB,1,0,0,0,0,0,0,False
2026,GO,90002547129,NIXON SOUZA LEITE,DEPUTADO FEDERAL,PSB,1,0,0,0,0,0,0,False
2026,GO,90002547130,NATALIA BRAVIM RINCO,DEPUTADO FEDERAL,PSB,1,0,0,0,0,0,0,False
2026,GO,90002547131,LORENA MARIA SILVA,DEPUTADO FEDERAL,PSB,1,0,0,0,0,0,0,False
2026,GO,90002547132,MAX PAULINO DO NASCIMENTO,DEPUTADO FEDERAL,PSB,1,0,0,0,0,0,0,False
2026,GO,90002547133,HANSMULLER SALOME PEREIRA,DEPUTADO FEDERAL,PSB,1,0,0,0,0,0,0,False
2026,GO,90002547134,MUCIO SANTANA MARTINS,DEPUTADO FEDERAL,PSB,1,0,0,0,0,0,0,False
2026,GO,90002547135,CLAUDIO OLINTO MEIRELLES,DEPUTADO FEDERAL,PSB,1,0,0,0,0,0,0,False
2026,GO,90002547136,SERGIO DE SOUZA BRAVO JUNIOR,DEPUTADO FEDERAL,PSB,1,0,0,0,0,0,0,False
2026,GO,90002547137,WESLEY PEREIRA DA COSTA,DEPUTADO FEDERAL,PSB,1,0,0,0,0,0,0,False
2026,GO,90002547138,EZIZIO ALVES BARBOSA,DEPUTADO FEDERAL,PSB,1,0,0,0,0,0,0,False
2026,GO,90002547139,AAVA SANTIAGO AGUIAR,DEPUTADO FEDERAL,PSB,1,0,0,0,0,0,0,False
2026,GO,90002547140,FELLIPE EDUARDO FARIA FONSECA,DEPUTADO FEDERAL,PSB,1,0,0,0,0,0,0,False
2026,GO,90002547401,IVANE CAMPOS MENDONÇA,DEPUTADO FEDERAL,PSB,1,0,0,0,0,0,0,False
2026,GO,90002547402,ELENIRA TATIANA LEMOS VIEIRA,DEPUTADO FEDERAL,PSB,1,0,0,0,0,0,0,False
2026,GO,90002547403,ADEDY DE SOUSA ALVES SANTANA,DEPUTADO FEDERAL,PSB,1,0,0,0,0,0,0,False
2026,GO,90002547404,TALES DE CASTRO CASSIANO,DEPUTADO FEDERAL,PSB,1,0,0,0,0,0,0,False
2026,GO,90002548052,ELCIMAR SOARES DOS REIS,DEPUTADO ESTADUAL,REPUBLICANOS,1,0,0,0,0,0,0,False
2026,GO,90002548053,PRISCILLA DOS SANTOS MOREIRA,DEPUTADO ESTADUAL,REPUBLICANOS,1,0,0,0,0,0,0,False
2026,GO,90002548054,ALVARO SOARES GUIMARAES,DEPUTADO ESTADUAL,REPUBLICANOS,1,0,0,0,0,0,0,False
2026,GO,90002548055,LUIS ALCI COSTA NETO,DEPUTADO ESTADUAL,REPUBLICANOS,1,0,0,0,0,0,0,False
2026,GO,90002548056,WELITON CARLOS PEREIRA,DEPUTADO ESTADUAL,REPUBLICANOS,1,0,0,0,0,0,0,False
2026,GO,90002548057,LUCIANE DE SOUSA ALMEIDA,DEPUTADO ESTADUAL,REPUBLICANOS,1,0,0,0,0,0,0,False
2026,GO,90002548058,FRANKLIN DE CARVALHO MOURA,DEPUTADO ESTADUAL,REPUBLICANOS,1,0,0,0,0,0,0,False
2026,GO,90002548060,WELLINGTON WALKER LOPES MOREIRA,DEPUTADO ESTADUAL,REPUBLICANOS,1,0,0,0,0,0,0,False
2026,GO,90002548061,GREICIELE ROSA SOUZA ALEXANDRE,DEPUTADO ESTADUAL,REPUBLICANOS,2,1,0,0,0,0,0,False
2026,GO,90002548063,ANA CAROLINA RODRIGUES CAETANO MACHADO,DEPUTADO ESTADUAL,REPUBLICANOS,1,0,0,0,0,0,0,False
2026,GO,90002548067,VICTOR SALATIEL CINTRA,DEPUTADO ESTADUAL,REPUBLICANOS,1,0,0,0,0,0,0,False
2026,GO,90002548069,AIANE GAMA VILAS BOAS,DEPUTADO ESTADUAL,REPUBLICANOS,1,1,0,0,0,0,0,False
2026,GO,90002548070,MARGARTH ALVES LOPES,DEPUTADO ESTADUAL,REPUBLICANOS,1,1,0,0,0,0,0,False
2026,GO,90002548071,MARCELA RODRIGUES DO PATROCINIO,DEPUTADO ESTADUAL,REPUBLICANOS,1,0,0,0,0,0,0,False
2026,GO,90002548072,KESLEY CASSIO DIAS GUIMARAES,DEPUTADO ESTADUAL,REPUBLICANOS,1,0,0,0,0,0,0,False
2026,GO,90002548074,WELLINGTON MARTINS CARDOSO,DEPUTADO ESTADUAL,REPUBLICANOS,1,0,0,0,0,0,0,False
2026,GO,90002548075,ADELSON NIUTON DE MOURA,DEPUTADO ESTADUAL,REPUBLICANOS,1,0,0,0,0,0,0,False
2026,GO,90002548076,HELIO JOSE DE ANDRADE,DEPUTADO ESTADUAL,REPUBLICANOS,1,0,0,0,0,0,0,False
2026,GO,90002548077,JOÃO DA COSTA SOBRINHO,DEPUTADO ESTADUAL,REPUBLICANOS,2,0,0,0,0,0,0,False
2026,GO,90002548078,VALDECY CELIA DOS SANTOS ARAUJO,DEPUTADO ESTADUAL,REPUBLICANOS,1,1,0,0,0,0,0,False
2026,GO,90002548364,LEDA BORGES DE MOURA,DEPUTADO FEDERAL,REPUBLICANOS,4,2,0,1,2,0,0,True
2026,GO,90002548368,EWERTON CORTES GARCIA,DEPUTADO FEDERAL,REPUBLICANOS,1,0,0,0,0,0,0,False
2026,GO,90002548369,ALINE MARIA RODRIGUES DE LIMA,DEPUTADO FEDERAL,REPUBLICANOS,2,0,0,0,0,0,0,False
2026,GO,90002548371,VIRGINIA GOMES PAULINO,DEPUTADO FEDERAL,REPUBLICANOS,1,1,0,0,0,0,0,False
2026,GO,90002548374,PAULO CESAR DA SILVA,DEPUTADO FEDERAL,REPUBLICANOS,2,0,0,0,0,0,0,False
2026,GO,90002548375,CARLOS ROBERTO DE OLIVEIRA BRANQUINHO,DEPUTADO FEDERAL,REPUBLICANOS,2,0,0,0,0,0,0,False
2026,GO,90002548376,MARUSSA CASSIA FAVARO BOLDRIN,DEPUTADO FEDERAL,REPUBLICANOS,1,0,0,0,0,0,0,False
2026,GO,90002548377,FERNANDO JOSE ROSA,DEPUTADO FEDERAL,REPUBLICANOS,1,0,0,0,0,0,0,False
2026,GO,90002548379,ANTONIO WILLIARD PONTES,DEPUTADO FEDERAL,REPUBLICANOS,1,1,0,0,0,0,0,False
2026,GO,90002548854,MAELLA BETHÂNIA DE SOUSA LIMA,DEPUTADO FEDERAL,REPUBLICANOS,2,1,0,0,0,0,0,False
2026,GO,90002549177,MONICLEITON JESUS PEREIRA,DEPUTADO ESTADUAL,PRD,1,1,0,1,1,0,0,True
2026,GO,90002549180,FABRICIO MARQUES CHAVES,DEPUTADO FEDERAL,PODE,2,0,0,0,0,0,0,False
2026,GO,90002549181,MARCOS ROGÉRIO MAIA SILVA,DEPUTADO FEDERAL,PODE,2,0,0,0,0,0,0,False
2026,GO,90002550200,FRANCISCO MOACIR BARROS,DEPUTADO FEDERAL,PDT,1,0,0,0,0,0,0,False
2026,GO,90002550201,LETICIA BASILIO DE SOUZA DA LUZ,DEPUTADO FEDERAL,PDT,1,0,0,0,0,0,0,False
2026,GO,90002550202,HOOVER APARECIDO ROSA BARBOSA,DEPUTADO FEDERAL,PDT,1,0,0,0,0,0,0,False
2026,GO,90002550203,MURILO RENATO PARENTE CARNEIRO,DEPUTADO FEDERAL,PDT,2,1,0,1,1,0,0,True
2026,GO,90002550204,ORLANDO ALVES DE ALMEIDA,DEPUTADO FEDERAL,PDT,1,0,0,0,0,0,0,False
2026,GO,90002550205,ALESSANDRA CARMO SOARES DOS SANTOS,DEPUTADO FEDERAL,PDT,1,0,0,0,0,0,0,False
2026,GO,90002550207,PATRICIA CALIXTO DA MOTA,DEPUTADO FEDERAL,PDT,1,0,0,0,0,0,0,False
2026,GO,90002550208,JESSICA KAROLINE DO CARMO PEREIRA,DEPUTADO FEDERAL,PDT,1,0,0,0,0,0,0,False
2026,GO,90002550209,WALDECY ANDRE DA SILVA,DEPUTADO FEDERAL,PDT,1,0,0,0,0,0,0,False
2026,GO,90002550210,SALMO ALVES CABRAL,DEPUTADO FEDERAL,PDT,1,0,0,0,0,0,0,False
2026,GO,90002550211,ROBERTO JOSE DA SILVA,DEPUTADO FEDERAL,PDT,1,0,0,0,0,0,0,False
2026,GO,90002550212,EDSON CANDIDO DE SOUZA,DEPUTADO FEDERAL,PDT,7,6,0,6,4,0,0,True
2026,GO,90002550214,TALITA SANTANA LEMKE,DEPUTADO FEDERAL,PDT,1,0,0,0,0,0,0,False
2026,GO,90002550215,JUAREZ PEREIRA,DEPUTADO FEDERAL,PDT,1,0,0,0,0,0,0,False
2026,GO,90002550216,LUIZA APARECIDA DA CRUZ,DEPUTADO FEDERAL,PDT,1,0,0,0,0,0,0,False
2026,GO,90002550217,CARLOS ALBERTO GONCALVES,DEPUTADO FEDERAL,PDT,1,0,0,0,0,0,0,False
2026,GO,90002551407,ALISSON SILVA BORGES,DEPUTADO FEDERAL,DC,3,3,0,2,1,0,0,True
2026,GO,90002551437,SAMARA RAYKA MIRANDA DE OLIVEIRA,DEPUTADO ESTADUAL,DC,1,0,0,0,0,0,0,False
2026,GO,90002551734,ADAO ALVES DA SILVA,DEPUTADO ESTADUAL,PSB,1,0,0,0,0,0,0,False
2026,GO,90002551735,HELIO BUENO TEIXEIRA,DEPUTADO ESTADUAL,PSB,1,0,0,0,0,0,0,False
2026,GO,90002551838,AURILENE FERREIRA,DEPUTADO ESTADUAL,PSB,1,0,0,0,0,0,0,False
2026,GO,90002551839,MARCIENE ROBERTO DA COSTA ANDRADE,DEPUTADO ESTADUAL,PSB,1,0,0,0,0,0,0,False
2026,GO,90002551840,PALOMA LUDMYLA MORAIS DE MEDEIROS,DEPUTADO ESTADUAL,PSB,1,0,0,0,0,0,0,False
2026,GO,90002552720,GIZELLE TELES SIMOES,DEPUTADO FEDERAL,PODE,2,0,0,0,0,0,0,False
2026,GO,90002553738,WILSON SILVA DE OLIVEIRA,DEPUTADO ESTADUAL,MDB,1,1,0,0,0,0,0,False
2026,GO,90002554043,ROSA MARIA SILVA DE OLIVEIRA,DEPUTADO ESTADUAL,CIDADANIA,2,0,0,0,0,0,0,False
2026,GO,90002554096,VILMA HELLEM DA COSTA PEREIRA,DEPUTADO ESTADUAL,PT,1,0,0,0,0,0,0,False
2026,MA,100002535219,KARLINE DA SILVA RIBEIRO,DEPUTADO FEDERAL,REPUBLICANOS,1,0,0,0,0,0,0,False
2026,MA,100002535223,JOSE NILTON PINHEIRO CALVET FILHO,DEPUTADO FEDERAL,REPUBLICANOS,7,5,0,5,5,0,0,True
2026,MA,100002535230,ALUISIO GUIMARAES MENDES FILHO,DEPUTADO FEDERAL,REPUBLICANOS,9,3,0,0,0,0,0,False
2026,MA,100002535236,RAIMUNDO MOURA CARVALHO,DEPUTADO FEDERAL,PDT,2,2,0,0,0,0,0,False
2026,MA,100002535238,ARNALDO SAMUEL AMORIM ARAGÃO,DEPUTADO FEDERAL,PDT,1,1,0,0,0,0,0,False
2026,MA,100002535241,RAIMUNDO NONATO COSTA OLIVEIRA,DEPUTADO FEDERAL,PDT,1,0,0,0,0,0,0,False
2026,MA,100002535242,FABIO HENRIQUE COSTA VIEGAS,DEPUTADO FEDERAL,PDT,2,2,0,2,1,0,0,True
2026,MA,100002535243,ANTONIO WILLIAN RAMOS DOS SANTOS,DEPUTADO FEDERAL,PDT,2,2,0,0,0,0,0,False
2026,MA,100002535244,ADRIANA PEREIRA MASCARENHAS,DEPUTADO FEDERAL,PDT,2,0,0,0,0,0,0,False
2026,MA,100002535245,POLIANA SILVA GATINHO,DEPUTADO FEDERAL,PDT,1,0,0,0,0,0,0,False
2026,MA,100002535250,CARLOS ZANGIROLAMI SOUSA SILVA,DEPUTADO FEDERAL,PDT,3,0,0,0,0,0,0,False
2026,MA,100002535252,AMAURI ALBERTO PEREIRA DE SOUSA,DEPUTADO FEDERAL,PDT,1,1,0,0,0,0,0,False
2026,MA,100002535476,WELLRYK OLIVEIRA COSTA DA SILVA,DEPUTADO ESTADUAL,REPUBLICANOS,4,3,0,1,1,0,0,True
2026,MA,100002535484,ALUISIO SILVA SOUSA,DEPUTADO ESTADUAL,REPUBLICANOS,19,5,0,1,1,0,0,True
2026,MA,100002535489,HELENA MARIA DUAILIBE FERREIRA,DEPUTADO ESTADUAL,REPUBLICANOS,10,3,0,0,0,0,0,False
2026,MA,100002535493,FRANCISCO DE ASSIS ANDRADE RAMOS,DEPUTADO ESTADUAL,REPUBLICANOS,13,6,0,0,0,0,0,False
2026,MA,100002535494,MARIA DO SOCORRO ALMEIDA WAQUIM,DEPUTADO ESTADUAL,REPUBLICANOS,2,0,0,0,0,0,0,False
2026,MA,100002535648,ARNALDO GOMES DE SOUSA,DEPUTADO ESTADUAL,PDT,3,0,0,0,0,0,0,False
2026,MA,100002536088,RAYMARA CARVALHO LIMA CRUZ,DEPUTADO FEDERAL,MDB,1,1,0,0,0,0,0,False
2026,MA,100002536089,ANDERSON PIRES FERREIRA,DEPUTADO FEDERAL,MDB,7,1,0,0,0,0,0,False
2026,MA,100002536094,JOSÉ LOURENÇO BONFIM JUNIOR,DEPUTADO FEDERAL,MDB,22,14,0,11,12,0,0,True
2026,MA,100002536095,JEFFERSON TEIXEIRA FURTADO,DEPUTADO FEDERAL,MDB,2,0,0,0,0,0,0,False
2026,MA,100002536096,KARLA DA COSTA BASTOS,DEPUTADO FEDERAL,MDB,8,1,0,0,0,0,0,False
2026,MA,100002536098,HILDO AUGUSTO DA ROCHA NETO,DEPUTADO FEDERAL,MDB,2,0,0,0,0,0,0,False
2026,MA,100002536099,CLAUDIA REGINA DAS CHAGAS SOUSA,DEPUTADO FEDERAL,MDB,1,1,0,0,0,0,0,False
2026,MA,100002536100,ISABELLE PASSINHO DA SILVA,DEPUTADO FEDERAL,MDB,6,3,0,1,1,0,0,True
2026,MA,100002536101,VINICIUS CESAR FERRO CASTRO,DEPUTADO FEDERAL,MDB,2,1,0,0,0,0,0,False
2026,MA,100002537257,FLAVIA TERESA BERTHIER DA SILVA BARROS CUNHA,DEPUTADO FEDERAL,PL,2,0,0,0,0,0,0,False
2026,MA,100002537291,JOSIMAR CUNHA RODRIGUES JÚNIOR,DEPUTADO ESTADUAL,PL,2,0,0,0,0,0,0,False
2026,MA,100002537299,CLAUDIO LUIZ LIMA CUNHA,DEPUTADO ESTADUAL,PL,3,2,0,2,6,1,0,True
2026,MA,100002540262,JOSE CARLOS COSTA ARAUJO JUNIOR,DEPUTADO ESTADUAL,MDB,1,0,0,0,0,0,0,False
2026,MA,100002540264,SEBASTIAO TORRES MADEIRA,DEPUTADO ESTADUAL,MDB,24,9,0,1,1,0,0,True
2026,MA,100002540265,RUI FERNANDES RIBEIRO NETO,DEPUTADO ESTADUAL,MDB,3,0,0,0,0,0,0,False
2026,MA,100002540268,FRANCISCO NAGIB BUZAR DE OLIVEIRA,DEPUTADO ESTADUAL,MDB,12,3,0,1,7,0,0,True
2026,MA,100002540270,ANTONIO ARNALDO ALVES DE MELO,DEPUTADO ESTADUAL,MDB,4,1,0,0,0,0,0,False
2026,MA,100002540271,NATASSIA WEBA DE MACEDO,DEPUTADO ESTADUAL,MDB,5,4,0,0,0,0,0,False
2026,MA,100002540273,RAIMUNDO FLORENCIO MONTEIRO NETO,DEPUTADO ESTADUAL,MDB,5,2,0,0,0,0,0,False
2026,MA,100002540274,TULIO MARTINS REZENDE,DEPUTADO ESTADUAL,MDB,4,0,0,0,0,0,0,False
2026,MA,100002540275,RICARDO JOSÉ SÁ FORTES DE ARRUDA,DEPUTADO ESTADUAL,MDB,1,1,0,0,0,0,0,False
2026,MA,100002540280,GLEYDSON RESENDE DA SILVA,DEPUTADO ESTADUAL,MDB,11,5,0,1,1,0,0,True
2026,MA,100002541462,WESLEY SOUSA CORREA,DEPUTADO FEDERAL,PSB,1,1,0,0,0,0,0,False
2026,MA,100002541465,ALINE DE SOUSA SILVA,DEPUTADO FEDERAL,PSB,1,1,0,1,2,0,0,True
2026,MA,100002541474,MARIA DE LOURDES PEREIRA E PEREIRA,DEPUTADO FEDERAL,PSB,1,0,0,0,0,0,0,False
2026,MA,100002541476,ADRIANO WAQUIM DE ASSUNCAO,DEPUTADO FEDERAL,PSB,1,0,0,0,0,0,0,False
2026,MA,100002541477,ADELMAN GONÇALVES PASSINHO,DEPUTADO FEDERAL,PSB,1,1,0,0,0,0,0,False
2026,MA,100002541478,MARCO AURELIO DA SILVA AZEVEDO,DEPUTADO FEDERAL,PSB,1,0,0,0,0,0,0,False
2026,MA,100002541480,FERNANDO LUIZ RIBEIRO FURTADO,DEPUTADO FEDERAL,PSB,1,0,0,0,0,0,0,False
2026,MA,100002542558,PÁBLO FRANCISCO FERREIRA LIMA,DEPUTADO FEDERAL,PRD,3,3,0,2,1,0,0,True
2026,MA,100002542559,SAMOEL CAMPELO,DEPUTADO FEDERAL,PRD,3,3,0,2,2,0,0,True
2026,MA,100002542560,ANTONIO DA CRUZ FILGUEIRA NETO,DEPUTADO FEDERAL,PRD,6,0,0,0,0,0,0,False
2026,MA,100002542561,KARINA LEDA BORJAS,DEPUTADO FEDERAL,PRD,1,0,0,0,0,0,0,False
2026,MA,100002542565,BIANCA FERRAZ TOMAZ,DEPUTADO FEDERAL,SOLIDARIEDADE,2,2,0,0,0,0,0,False
2026,MA,100002542570,YGLESIO LUCIANO MOYSES SILVA DE SOUZA,DEPUTADO FEDERAL,PRD,3,1,0,0,0,0,0,False
2026,MA,100002542575,MARCIO JOSE HONAISER,DEPUTADO FEDERAL,SOLIDARIEDADE,3,1,0,0,0,0,0,False
2026,MA,100002542577,MARCOS ANTONIO DE CARVALHO CALDAS,DEPUTADO ESTADUAL,PRD,1,1,0,0,0,0,0,False
2026,MA,100002542588,ANTONIO BORBA LIMA,DEPUTADO ESTADUAL,PRD,3,1,0,0,0,0,0,False
2026,MA,100002542592,LEONARDO SARMENTO PIRES DE SÁ,DEPUTADO ESTADUAL,PRD,6,3,0,0,0,0,0,False
2026,MA,100002542594,LORENA AMORIM BATISTA,DEPUTADO ESTADUAL,PRD,2,2,0,0,0,0,0,False
2026,MA,100002542853,PAULO RICARDO DA SILVA OLIVEIRA,DEPUTADO ESTADUAL,UNIÃO,2,2,0,0,0,0,0,False
2026,MA,100002542854,CLAUDIO FERREIRA PAZ,DEPUTADO ESTADUAL,UNIÃO,7,4,0,0,0,0,0,False
2026,MA,100002542856,WELTON SOUSA MARTINS,DEPUTADO ESTADUAL,UNIÃO,2,1,0,0,0,0,0,False
2026,MA,100002542857,VANDERLY DE SOUSA DO NASCIMENTO MONTELES,DEPUTADO ESTADUAL,UNIÃO,38,7,0,0,0,0,0,False
2026,MA,100002542858,MAYARA ARAUJO PINHEIRO,DEPUTADO ESTADUAL,UNIÃO,1,1,0,0,0,0,0,False
2026,MA,100002542864,JUNIA ARYADNE CAVALCANTE NUNES SILVA,DEPUTADO ESTADUAL,UNIÃO,1,0,0,0,0,0,0,False
2026,MA,100002542874,JOSE FRANCISCO LIMA NERES,DEPUTADO FEDERAL,UNIÃO,4,1,0,0,0,0,0,False
2026,MA,100002542879,GILLIANO FRED NASCIMENTO CUTRIM,DEPUTADO FEDERAL,UNIÃO,6,3,0,3,3,0,0,True
2026,MA,100002542880,JOÃO LUCIANO SILVA SOARES,DEPUTADO FEDERAL,UNIÃO,30,21,0,10,6,0,0,True
2026,MA,100002542885,ROMULO AUGUSTO TROVAO MOREIRA LIMA,DEPUTADO FEDERAL,UNIÃO,6,3,0,2,2,0,0,True
2026,MA,100002544444,FERNANDO SALIM BRAIDE,DEPUTADO FEDERAL,PSD,4,1,0,0,0,0,0,False
2026,MA,100002544450,JOSÉ MAURICIO MELO ROCHA FILHO,DEPUTADO FEDERAL,PSD,2,0,0,0,0,0,0,False
2026,MA,100002545254,ROSILENE GUAJAJARA DE SOUSA,DEPUTADO ESTADUAL,PT,1,1,0,0,0,0,0,False
2026,MA,100002545733,WYNDSON CARLOS GOMES CARVALHO,DEPUTADO ESTADUAL,PSB,4,4,0,4,4,0,0,True
2026,MA,100002545737,JULIO CESAR MENDONCA CORREA,DEPUTADO ESTADUAL,PSB,1,1,0,0,0,0,0,False
2026,MA,100002546932,FERNANDA FERREIRA BARROS MUNIZ,DEPUTADO FEDERAL,PT,1,0,0,0,0,0,0,False
2026,MA,100002546938,CARLOS HERMES FERREIRA DA CRUZ,DEPUTADO FEDERAL,PT,1,1,0,0,0,0,0,False
2026,MA,100002548012,FRANCISCO SANTOS SOARES,2º SUPLENTE,PSD,10,5,0,4,3,0,0,True
2026,MA,100002548015,EDNALDO PADILHA,DEPUTADO FEDERAL,PSOL,3,1,0,0,0,0,0,False
2026,MA,100002548016,MARIA ANTONIA TEIXEIRA DIAS,DEPUTADO FEDERAL,PSOL,8,1,0,0,0,0,0,False
2026,MA,100002548017,JOSÉ DE ARIMATEA E SILVA,DEPUTADO FEDERAL,PSOL,5,1,0,0,0,0,0,False
2026,MA,100002548018,EUDIMILSON JOSE FERREIRA CARNEIRO,DEPUTADO FEDERAL,PSOL,4,2,0,0,0,0,0,False
2026,MA,100002548020,MAGNO MACHADO LIMA GUAJAJARA,DEPUTADO FEDERAL,PSOL,3,2,0,0,0,0,0,False
2026,MA,100002548026,ALUIZIO BARROSO DE MELO,DEPUTADO FEDERAL,PSOL,4,2,0,0,0,0,0,False
2026,MA,100002548027,THAYRES DA SILVA PEREIRA,DEPUTADO FEDERAL,PSOL,4,0,0,0,0,0,0,False
2026,MA,100002548028,ESMERALDA LACERDA ARAUJO FRANCA,DEPUTADO FEDERAL,PSOL,4,0,0,0,0,0,0,False
2026,MA,100002548030,PAULO BATISTA COELHO,DEPUTADO FEDERAL,PSOL,6,3,0,0,0,0,0,False
2026,MA,100002548031,ALECIANE DO NASCIMENTO LOPES,DEPUTADO FEDERAL,PSOL,5,1,0,0,0,0,0,False
2026,MA,100002548851,VALDENY BARROS,1º SUPLENTE,PSOL,4,2,0,0,0,0,0,False
2026,MA,100002548852,KELLY CRISTINA SANTOS SILVA,2º SUPLENTE,PSOL,4,2,0,0,0,0,0,False
2026,MA,100002549191,MARIA SILVANETE SOUSA DAMASCENO,DEPUTADO ESTADUAL,PSOL,6,4,0,0,0,0,0,False
2026,MA,100002549192,RAIMUNDO BENTO MORENO LEITE,DEPUTADO ESTADUAL,REDE,2,0,0,0,0,0,0,False
2026,MA,100002549193,GILVANIA DE JESUS CUTRIM PADILHA,DEPUTADO ESTADUAL,PSOL,3,2,0,0,0,0,0,False
2026,MA,100002549195,ROSIMAR LIMA COELHO,DEPUTADO ESTADUAL,PSOL,4,1,0,0,0,0,0,False
2026,MA,100002549196,NERIVALDO DE JESUS MACHADO MONTEIRO,DEPUTADO ESTADUAL,PSOL,3,2,0,0,0,0,0,False
2026,MA,100002549197,SARA VITORIA DE SOUSA FONTINELE,DEPUTADO ESTADUAL,PSOL,4,3,0,0,0,0,0,False
2026,MA,100002549198,LILCIOMAR MARIANO CARNEIRO,DEPUTADO ESTADUAL,PSOL,4,3,0,0,0,0,0,False
2026,MA,100002549200,ROMEU PINTO,DEPUTADO ESTADUAL,PSOL,4,0,0,0,0,0,0,False
2026,MA,100002549201,FRANCISCO DAS CHAGAS ALMEIDA CUNHA,DEPUTADO ESTADUAL,PSOL,4,3,0,0,0,0,0,False
2026,MA,100002549203,PEDRA CELESTINA PINHEIRO COSTA,DEPUTADO ESTADUAL,PSOL,4,2,0,0,0,0,0,False
2026,MA,100002549204,CLAUDEMIR MACHADO LOPES,DEPUTADO ESTADUAL,PSOL,3,1,0,0,0,0,0,False
2026,MA,100002549207,ANTONIO ALAN CARDEK DE JESUS ROCHA,DEPUTADO ESTADUAL,PSOL,3,1,0,0,0,0,0,False
2026,MA,100002549209,MAERBETH NINA GARCEZ,DEPUTADO ESTADUAL,PSOL,4,2,0,0,0,0,0,False
2026,MA,100002549210,BEATRIZ SILVA LIMA MARTINS,DEPUTADO ESTADUAL,PSOL,4,2,0,0,0,0,0,False
2026,MA,100002549211,FRANKLIN DOUGLAS FERREIRA,DEPUTADO ESTADUAL,PSOL,2,0,0,0,0,0,0,False
2026,MA,100002549213,ERNANDE AMORIM FERREIRA,DEPUTADO ESTADUAL,REDE,2,2,0,0,0,0,0,False
2026,MA,100002549214,GLEICK SANTOS MAIA SOUZA,DEPUTADO ESTADUAL,PSOL,4,0,0,0,0,0,0,False
2026,MA,100002549215,DALVILENE DE JESUS CARDOSO,DEPUTADO ESTADUAL,PSOL,3,1,0,0,0,0,0,False
2026,MA,100002549216,NUBIA MARCIA PEREIRA DA CONCEICAO,DEPUTADO ESTADUAL,PSOL,4,2,0,0,0,0,0,False
2026,MA,100002549219,JOSE FRANCISCO SIQUEIRA MACHADO,DEPUTADO ESTADUAL,PSOL,4,2,0,0,0,0,0,False
2026,MA,100002549583,ROSEANA SARNEY MURAD,SENADOR,MDB,2,0,0,0,0,0,0,False
2026,MA,100002549584,MARIA CAROLINA DUAILIBE BARROS GOMES,2º SUPLENTE,MDB,2,0,0,0,0,0,0,False
2026,MA,100002550332,RODRIGO ANTONIO ARANHA ARRAIS E SILVA SANTOS,DEPUTADO ESTADUAL,PSD,1,0,0,0,0,0,0,False
2026,MA,100002550333,VALDECY VIEIRA JUNIOR,DEPUTADO ESTADUAL,PSD,2,1,0,0,0,0,0,False
2026,MA,100002550334,DOUGLAS PINTO DOS SANTOS,DEPUTADO ESTADUAL,PSD,2,0,0,0,0,0,0,False
2026,MA,100002550335,ANTONIO DINO TAVARES,DEPUTADO ESTADUAL,PSD,4,1,0,0,0,0,0,False
2026,MA,100002550336,FREDERIC JOSÉ LIMA TEIXEIRA,DEPUTADO ESTADUAL,PSD,2,0,0,0,0,0,0,False
2026,MA,100002550340,MARIA DE FATIMA SALES,DEPUTADO ESTADUAL,PSD,2,0,0,0,0,0,0,False
2026,MA,100002550341,LUCIANO FERREIRA DE SOUSA,DEPUTADO ESTADUAL,PSD,6,2,0,0,0,0,0,False
2026,MA,100002550343,CARLOS WELLINGTON DE CASTRO BEZERRA,DEPUTADO ESTADUAL,PSD,3,3,0,2,2,0,0,True
2026,MA,100002550344,VIVIANNE MARTINS COELHO E SILVA,DEPUTADO ESTADUAL,PSD,3,1,0,0,0,0,0,False
2026,MA,100002550418,HILTON GONCALO DE SOUSA,SENADOR,MOBILIZA,10,6,0,3,3,0,0,True
2026,MA,100002550956,RAIMUNDO JOSÉ MENDES FILHO,DEPUTADO ESTADUAL,AVANTE,1,1,0,0,0,0,0,False
2026,MA,100002550972,JUVÊNCIO LUSTOSA DE FARIAS JÚNIOR,DEPUTADO ESTADUAL,AVANTE,1,0,0,0,0,0,0,False
2026,MA,100002551518,JAINARA NASCIMENTO COSTA,DEPUTADO ESTADUAL,SOLIDARIEDADE,2,0,0,0,0,0,0,False
2026,MA,100002551519,JOSÉ ELEONILDO SOARES,DEPUTADO ESTADUAL,PRD,2,2,0,1,1,0,0,True
2026,MA,100002553336,JOSÉ SIMPLÍCIO ALVES DE ARAÚJO,SENADOR,DC,2,0,0,0,0,0,0,False
2026,MA,100002553724,LINDENBERG CUNHA BRAGA,DEPUTADO FEDERAL,PSOL,6,3,0,1,1,0,0,True
2026,MG,130002532924,VINICIUS BRAGA SARAIVA DE RESENDE,DEPUTADO ESTADUAL,SOLIDARIEDADE,1,1,0,1,1,0,0,True
2026,MG,130002532932,ANDERSON LUIZ COSTA,DEPUTADO ESTADUAL,PRD,1,1,0,0,0,0,0,False
2026,MG,130002532938,VITORIA DOS SANTOS,DEPUTADO ESTADUAL,SOLIDARIEDADE,3,0,0,0,0,0,0,False
2026,MG,130002532942,NILTON FLAVIO DE OLIVEIRA MARRA,DEPUTADO ESTADUAL,PRD,1,1,0,1,3,0,0,True
2026,MG,130002532944,MÁRCIO LIMA DE PAULA,DEPUTADO ESTADUAL,PRD,1,0,0,0,0,0,0,False
2026,MG,130002532951,ROBERTO DIAS DE ANDRADE,DEPUTADO ESTADUAL,PRD,1,1,0,0,0,0,0,False
2026,MG,130002533218,WELINGTON MOREIRA DE OLIVEIRA,DEPUTADO ESTADUAL,PRD,1,0,0,0,0,0,0,False
2026,MG,130002533219,ANTONIO ADONIS PEREIRA,DEPUTADO ESTADUAL,PRD,5,2,0,2,1,0,0,True
2026,MG,130002533221,ROGERIO CESAR DE MATOS AVELAR,DEPUTADO ESTADUAL,PRD,2,0,0,0,0,0,0,False
2026,MG,130002533222,ANDRÉ VICENTE DE QUADROS LOPES,DEPUTADO ESTADUAL,PRD,1,0,0,0,0,0,0,False
2026,MG,130002533229,JOSÉ VALADARES BAHIA,DEPUTADO ESTADUAL,PRD,2,1,0,0,0,0,0,False
2026,MG,130002533239,EDER FERREIRA RODRIGUES DA SILVA,DEPUTADO FEDERAL,PRD,1,0,0,0,0,0,0,False
2026,MG,130002533240,FREDERICO BORGES DA COSTA,DEPUTADO FEDERAL,PRD,1,1,0,0,0,0,0,False
2026,MG,130002533242,ANTÔNIO CÉSAR BORGES DA MOTA,DEPUTADO FEDERAL,SOLIDARIEDADE,1,1,0,0,0,0,0,False
2026,MG,130002533243,PEDRO HENRIQUE SOARES BRAGA,DEPUTADO FEDERAL,SOLIDARIEDADE,3,2,0,1,2,0,0,True
2026,MG,130002533252,CARLOS RODRIGO FERREIRA DA SILVA,DEPUTADO FEDERAL,PRD,1,0,0,0,0,0,0,False
2026,MG,130002533262,APARECIDA ADRIANA LUCIO,DEPUTADO FEDERAL,PRD,2,1,0,0,0,0,0,False
2026,MG,130002533264,OLAVO KEESEN,DEPUTADO FEDERAL,SOLIDARIEDADE,1,0,0,0,0,0,0,False
2026,MG,130002533266,CARLOS ALBERTO COSTA,DEPUTADO FEDERAL,PRD,1,0,0,0,0,0,0,False
2026,MG,130002533494,DAIANE APARECIDA DOS SANTOS,DEPUTADO ESTADUAL,DEMOCRATA,1,1,0,0,0,0,0,False
2026,MG,130002533498,TIAGO ROCHA DOS SANTOS,DEPUTADO ESTADUAL,DEMOCRATA,4,1,0,0,0,0,0,False
2026,MG,130002533507,WEMERSON SILVA DE OLIVEIRA,DEPUTADO ESTADUAL,DEMOCRATA,1,0,0,0,0,0,0,False
2026,MG,130002533525,FRANKLIN ACACIO RODRIGUES,DEPUTADO ESTADUAL,DEMOCRATA,1,0,0,0,0,0,0,False
2026,MG,130002534429,BARBARA BARROS BOTEGA,DEPUTADO FEDERAL,NOVO,2,1,0,0,0,0,0,False
2026,MG,130002534430,ÁTILA FERREIRA VIEIRA,DEPUTADO FEDERAL,NOVO,2,0,0,0,0,0,0,False
2026,MG,130002534457,BRAULIO ALVES SILVA LARA,DEPUTADO FEDERAL,NOVO,5,0,0,0,0,0,0,False
2026,MG,130002534468,TIRZAH TEIXEIRA DE FREITAS,DEPUTADO FEDERAL,NOVO,1,0,0,0,0,0,0,False
2026,MG,130002534469,GEDEON BATISTA DE ANDRADE,DEPUTADO FEDERAL,NOVO,1,1,0,1,1,0,0,True
2026,MG,130002534471,JACQUELINE QUEIROZ SILVA CORDOVA,DEPUTADO FEDERAL,NOVO,1,0,0,0,0,0,0,False
2026,MG,130002534475,ALAN DE CARVALHO BERNARDES,DEPUTADO FEDERAL,NOVO,1,0,0,0,0,0,0,False
2026,MG,130002534487,FLÁVIO DE CASTRO BARBOSA,DEPUTADO FEDERAL,NOVO,1,1,0,0,0,0,0,False
2026,MG,130002534489,LUCAS GABRIEL EVARISTO GOMES,DEPUTADO FEDERAL,NOVO,1,1,0,0,0,0,0,False
2026,MG,130002534491,ABIGAIL DOS PASSOS DE CARVALHO,DEPUTADO FEDERAL,NOVO,1,0,0,0,0,0,0,False
2026,MG,130002534500,MARIANA ALVES DE ASSIS RIBEIRO,DEPUTADO FEDERAL,NOVO,4,1,0,0,0,0,0,False
2026,MG,130002534502,MARIA DE LOURDES DE OLIVEIRA ALVES,DEPUTADO FEDERAL,NOVO,1,1,0,0,0,0,0,False
2026,MG,130002534509,CESAR AUGUSTO SOARES GOMIDE,DEPUTADO ESTADUAL,NOVO,1,1,0,0,0,0,0,False
2026,MG,130002534513,ALINE GONÇALVES MACHADO,DEPUTADO ESTADUAL,NOVO,1,1,0,0,0,0,0,False
2026,MG,130002534518,MARCELA DE LACERDA TRÓPIA,DEPUTADO ESTADUAL,NOVO,2,0,0,0,0,0,0,False
2026,MG,130002534527,FLAVIO ANTERO DE ALMEIDA,DEPUTADO ESTADUAL,NOVO,2,0,0,0,0,0,0,False
2026,MG,130002534529,BRUNO ARAÚJO OLIVEIRA,DEPUTADO ESTADUAL,NOVO,1,0,0,0,0,0,0,False
2026,MG,130002534530,ALIPIO JOSÉ SOUZA SILVA,DEPUTADO ESTADUAL,NOVO,1,1,0,0,0,0,0,False
2026,MG,130002534534,LAIS CRISTIANE MONTEIRO DRUMOND,DEPUTADO ESTADUAL,NOVO,1,0,0,0,0,0,0,False
2026,MG,130002534535,FLÁVIA APARECIDA FAULSTICH SILVA,DEPUTADO ESTADUAL,NOVO,3,2,0,0,0,0,0,False
2026,MG,130002534554,PITHER ROBSON AMARAL FREITAS,DEPUTADO ESTADUAL,NOVO,2,1,0,0,0,0,0,False
2026,MG,130002534555,CARLA MARIA NOGUEIRA FELIPE HORTA,DEPUTADO ESTADUAL,NOVO,4,3,0,0,0,0,0,False
2026,MG,130002534557,MATEUS NEVES EUGENIO,DEPUTADO ESTADUAL,NOVO,2,1,0,0,0,0,0,False
2026,MG,130002534576,FERNANDO CEZAR JULIATTI,DEPUTADO ESTADUAL,NOVO,3,1,0,0,0,0,0,False
2026,MG,130002535280,ADEMIR DE OLIVEIRA PINTO,DEPUTADO FEDERAL,PT,2,0,0,0,0,0,0,False
2026,MG,130002535281,TELMA MARIA DE OLIVEIRA,DEPUTADO FEDERAL,PCDOB,2,0,0,0,0,0,0,False
2026,MG,130002535290,WADSON NATHANIEL RIBEIRO,DEPUTADO FEDERAL,PCDOB,2,1,0,0,0,0,0,False
2026,MG,130002535297,VIVIANE ROBERTA DOS SANTOS,DEPUTADO FEDERAL,PT,1,0,0,0,0,0,0,False
2026,MG,130002535303,JOAO CARLOS SIQUEIRA,DEPUTADO FEDERAL,PT,4,0,0,0,0,0,0,False
2026,MG,130002535318,ANDERSON ADAUTO PEREIRA,DEPUTADO FEDERAL,PV,6,1,0,1,1,0,0,True
2026,MG,130002535320,ADRIANA CRISTINA FABIANO DE SOUZA,DEPUTADO ESTADUAL,PT,1,1,0,0,0,0,0,False
2026,MG,130002535321,ANA PAULA SIQUEIRA,DEPUTADO ESTADUAL,PT,1,1,0,0,0,0,0,False
2026,MG,130002535326,EDUARDO PEREIRA DE OLIVEIRA,DEPUTADO ESTADUAL,PT,2,1,0,0,0,0,0,False
2026,MG,130002535330,CRISTIANO TADEU DA SILVEIRA,DEPUTADO ESTADUAL,PT,2,2,0,0,0,0,0,False
2026,MG,130002535332,LUCAS PEREIRA DA FONSECA LOPES,DEPUTADO ESTADUAL,PT,1,0,0,0,0,0,0,False
2026,MG,130002535333,GUILHERME ALVES DE OLIVEIRA,DEPUTADO ESTADUAL,PT,2,1,0,0,0,0,0,False
2026,MG,130002535334,WHELTON PIMENTEL DE FREITAS,DEPUTADO ESTADUAL,PT,1,0,0,0,0,0,0,False
2026,MG,130002535335,RONALDO AMELIO FERREIRA,DEPUTADO ESTADUAL,PT,1,0,0,0,0,0,0,False
2026,MG,130002535336,GILSON APARECIDO DOS SANTOS,DEPUTADO ESTADUAL,PT,1,1,0,0,0,0,0,False
2026,MG,130002535339,PAULO CESAR SOARES,DEPUTADO ESTADUAL,PCDOB,4,0,0,0,0,0,0,False
2026,MG,130002535343,ROSANGELA PEREIRA GARCIA,DEPUTADO ESTADUAL,PCDOB,3,1,0,0,0,0,0,False
2026,MG,130002535344,EDMAR MARTINS CABRAL DA CRUZ,DEPUTADO ESTADUAL,PCDOB,2,0,0,0,0,0,0,False
2026,MG,130002535345,ANTÔNIO AUGUSTO GARCIA VERÍSSIMO,DEPUTADO ESTADUAL,PT,2,0,0,0,0,0,0,False
2026,MG,130002535349,FERNANDO VINICIUS AMARAL FERNANDES,DEPUTADO ESTADUAL,PT,1,1,0,1,1,0,0,True
2026,MG,130002535350,ANDRE QUINTAO SILVA,DEPUTADO ESTADUAL,PT,1,0,0,0,0,0,0,False
2026,MG,130002535368,GABRIEL MENDES DE ALMEIDA CARVALHO,DEPUTADO ESTADUAL,PV,2,0,0,0,0,0,0,False
2026,MG,130002535369,LIVIA SILVA MACEDO,DEPUTADO ESTADUAL,PCDOB,2,0,0,0,0,0,0,False
2026,MG,130002535370,JOSE CELIO DE ALVARENGA,DEPUTADO ESTADUAL,PCDOB,5,0,0,0,0,0,0,False
2026,MG,130002535372,TIAGO SANTANA CASSIANO,DEPUTADO ESTADUAL,PCDOB,2,1,0,0,0,0,0,False
2026,MG,130002535376,RICARDO AUGUSTO DA COSTA CAMPOS,DEPUTADO ESTADUAL,PT,2,1,0,0,0,0,0,False
2026,MG,130002535377,PAULO ROBERTO VELOSO,DEPUTADO ESTADUAL,PT,1,1,0,0,0,0,0,False
2026,MG,130002535381,DINEY LENON DE PAULO,DEPUTADO ESTADUAL,PT,2,2,0,1,1,0,0,True
2026,MG,130002537181,DULCE JOANE SOUSA MONTE,DEPUTADO FEDERAL,REPUBLICANOS,1,0,0,0,0,0,0,False
2026,MG,130002537182,JOICE MARTINS SILVA QUIRINO,DEPUTADO FEDERAL,REPUBLICANOS,2,1,0,0,0,0,0,False
2026,MG,130002537183,DARIO JOSÉ DA SILVA FERREIRA,DEPUTADO FEDERAL,REPUBLICANOS,4,0,0,0,0,0,0,False
2026,MG,130002537184,MARCILENE SILVA DE JESUS,DEPUTADO FEDERAL,REPUBLICANOS,1,0,0,0,0,0,0,False
2026,MG,130002537185,DANIELA DE CASSIA LINHARES,DEPUTADO FEDERAL,REPUBLICANOS,2,1,0,0,0,0,0,False
2026,MG,130002537187,ANDRÉ SOL ROCHA MENDES,DEPUTADO FEDERAL,REPUBLICANOS,5,2,0,1,1,0,0,True
2026,MG,130002537188,MAURO DA SILVEIRA CHAVES,DEPUTADO FEDERAL,REPUBLICANOS,1,0,0,0,0,0,0,False
2026,MG,130002537189,RAPHAEL CASTRO MOTA,DEPUTADO FEDERAL,REPUBLICANOS,2,2,0,1,1,0,0,True
2026,MG,130002537190,IRAN ALMEIDA BARBOSA,DEPUTADO FEDERAL,REPUBLICANOS,3,2,0,0,0,0,0,False
2026,MG,130002537191,FERNANDA CAROLINA SOUSA DOS SANTOS SOARES,DEPUTADO FEDERAL,REPUBLICANOS,5,0,0,0,0,0,0,False
2026,MG,130002537192,JOSE EUSTAQUIO MESQUITA,DEPUTADO FEDERAL,REPUBLICANOS,7,3,0,0,0,0,0,False
2026,MG,130002537193,HERCULANO ANGHINETTI,DEPUTADO FEDERAL,REPUBLICANOS,5,0,0,0,0,0,0,False
2026,MG,130002537194,ANA LÚCIA TEIXEIRA DE JESUS,DEPUTADO FEDERAL,REPUBLICANOS,4,0,0,0,0,0,0,False
2026,MG,130002537195,ANDREA ROCHA CARVALHO,DEPUTADO FEDERAL,REPUBLICANOS,2,0,0,0,0,0,0,False
2026,MG,130002537196,FABIO FERREIRA DURAES,DEPUTADO FEDERAL,REPUBLICANOS,2,2,0,1,1,0,0,True
2026,MG,130002537197,JULIENE DE ALMEIDA OLIVEIRA,DEPUTADO FEDERAL,REPUBLICANOS,5,0,0,0,0,0,0,False
2026,MG,130002537199,GLEIDSON GONTIJO AZEVEDO,DEPUTADO FEDERAL,REPUBLICANOS,1,1,0,0,0,0,0,False
2026,MG,130002537200,RODRIGO SAMPAIO MELO,DEPUTADO FEDERAL,REPUBLICANOS,1,1,0,1,1,0,0,True
2026,MG,130002537201,COSME FERREIRA DO NASCIMENTO,DEPUTADO FEDERAL,REPUBLICANOS,5,1,0,0,0,0,0,False
2026,MG,130002537202,BRUNO SOUZA FARIAS,DEPUTADO FEDERAL,REPUBLICANOS,5,2,0,0,0,0,0,False
2026,MG,130002537204,GLEITON PEREIRA SANTANA,DEPUTADO FEDERAL,REPUBLICANOS,1,1,0,0,0,0,0,False
2026,MG,130002537205,MARCIA APARECIDA SANTOS DO CARMO,DEPUTADO FEDERAL,REPUBLICANOS,4,2,0,0,0,0,0,False
2026,MG,130002537206,EUCLYDES MARCOS PETTERSEN NETO,DEPUTADO FEDERAL,REPUBLICANOS,8,3,0,1,1,0,0,True
2026,MG,130002537208,JAIME DANIEL DOS SANTOS,DEPUTADO FEDERAL,REPUBLICANOS,3,1,0,0,0,0,0,False
2026,MG,130002537209,DALMO DE ASSIS PEREIRA,DEPUTADO FEDERAL,REPUBLICANOS,2,0,0,0,0,0,0,False
2026,MG,130002537210,EDIMILSON PEREIRA LIMA,DEPUTADO FEDERAL,REPUBLICANOS,6,3,0,0,0,0,0,False
2026,MG,130002537211,ROBERTO SILVA SOARES,DEPUTADO FEDERAL,REPUBLICANOS,5,2,0,0,0,0,0,False
2026,MG,130002537212,RENATO HERBERT OLIVEIRA,DEPUTADO FEDERAL,REPUBLICANOS,6,3,0,0,0,0,0,False
2026,MG,130002537213,CIBELE MACHADO,DEPUTADO FEDERAL,REPUBLICANOS,3,0,0,0,0,0,0,False
2026,MG,130002537214,ANGELA CRISTINA SOUZA SILVA,DEPUTADO FEDERAL,REPUBLICANOS,5,0,0,0,0,0,0,False
2026,MG,130002537215,EMERSON ROCHA DE AZEVEDO,DEPUTADO FEDERAL,REPUBLICANOS,8,2,0,0,0,0,0,False
2026,MG,130002537216,WEVERTON MARIANO BARBOSA,DEPUTADO FEDERAL,REPUBLICANOS,2,1,0,0,0,0,0,False
2026,MG,130002537218,MARILAINE ISABEL CLARA DE SOUSA,DEPUTADO FEDERAL,REPUBLICANOS,3,1,0,0,0,0,0,False
2026,MG,130002537219,MARCOS EDUARDO DE ANDRADE,DEPUTADO FEDERAL,REPUBLICANOS,5,1,0,0,0,0,0,False
2026,MG,130002537220,VALERIA DOMINGUES OLIVEIRA SANTOS,DEPUTADO FEDERAL,REPUBLICANOS,2,0,0,0,0,0,0,False
2026,MG,130002537221,DENIVAL RODRIGUES DOS SANTOS,DEPUTADO FEDERAL,REPUBLICANOS,5,0,0,0,0,0,0,False
2026,MG,130002537222,JOSE GERALDO CALDEIRA,DEPUTADO FEDERAL,REPUBLICANOS,5,1,0,0,0,0,0,False
2026,MG,130002537223,GILBERTO APARECIDO ABRAMO,DEPUTADO FEDERAL,REPUBLICANOS,3,1,0,0,0,0,0,False
2026,MG,130002537225,AYERTON ROMANO SILVA JUNIOR,DEPUTADO FEDERAL,REPUBLICANOS,4,2,0,0,0,0,0,False
2026,MG,130002537226,ALEX APARECIDO FERNANDES ROSSETI,DEPUTADO FEDERAL,REPUBLICANOS,7,1,0,0,0,0,0,False
2026,MG,130002538254,ADRIANA SILVA MARTINS BARROS,DEPUTADO FEDERAL,PDT,3,0,0,0,0,0,0,False
2026,MG,130002538259,CELTON ROCHA MESQUITA,DEPUTADO FEDERAL,PDT,1,1,0,0,0,0,0,False
2026,MG,130002538261,ALEX TADEU DO AMARAL RIBEIRO,DEPUTADO FEDERAL,PDT,3,1,0,0,0,0,0,False
2026,MG,130002538270,LILIANE FRANCA DA SILVA,DEPUTADO FEDERAL,PDT,4,1,0,0,0,0,0,False
2026,MG,130002538271,AUREO MAURÍCIO DUARTE,DEPUTADO FEDERAL,PDT,4,0,0,0,0,0,0,False
2026,MG,130002538274,ALTAMIRO ALVES DE SOUZA,DEPUTADO FEDERAL,PDT,4,2,0,0,0,0,0,False
2026,MG,130002538276,CRISTIANO CARNEIRO DE SOUZA,DEPUTADO FEDERAL,PDT,1,0,0,0,0,0,0,False
2026,MG,130002538278,ERASMO RODRIGUES DINIZ,DEPUTADO FEDERAL,PDT,5,1,0,0,0,0,0,False
2026,MG,130002538281,DERALDO ROSA,DEPUTADO FEDERAL,PDT,2,0,0,0,0,0,0,False
2026,MG,130002538292,RICARDO MARUM FILHO,DEPUTADO FEDERAL,PDT,3,1,0,0,0,0,0,False
2026,MG,130002538300,ARLAN DIAS MARTINS,DEPUTADO FEDERAL,PDT,4,1,0,0,0,0,0,False
2026,MG,130002538301,MARCIO MACHADO LADEIRA,DEPUTADO FEDERAL,PDT,2,0,0,0,0,0,0,False
2026,MG,130002538303,ILTON SARAIVA DA SILVA FILHO,DEPUTADO FEDERAL,PDT,1,0,0,0,0,0,0,False
2026,MG,130002538304,CAIO LUCIUS VALACE DE OLIVEIRA SILVA,DEPUTADO FEDERAL,PDT,4,0,0,0,0,0,0,False
2026,MG,130002538960,ALFREDO PASTORI NETO,DEPUTADO FEDERAL,REDE,3,2,0,2,1,0,0,True
2026,MG,130002538961,SAULO DE TARSO SILVA,DEPUTADO FEDERAL,REDE,1,0,0,0,0,0,0,False
2026,MG,130002538963,SANDRO HELENO DA SILVA CARVALHO,DEPUTADO FEDERAL,REDE,1,0,0,0,0,0,0,False
2026,MG,130002538965,PATRÍCIA FERREIRA DOS SANTOS,DEPUTADO FEDERAL,PSOL,1,0,0,0,0,0,0,False
2026,MG,130002538966,LUCIANA SILVEIRA FREITAS,DEPUTADO FEDERAL,REDE,4,1,0,0,0,0,0,False
2026,MG,130002538967,PABLO FIGUEIREDO DE SOUSA,DEPUTADO FEDERAL,REDE,1,0,0,0,0,0,0,False
2026,MG,130002538968,LUIZ SAVIO DE SOUZA CRUZ,DEPUTADO FEDERAL,REDE,7,2,0,0,0,0,0,False
2026,MG,130002538969,JOSE MARIA PEREIRA DE AGUILAR,DEPUTADO FEDERAL,REDE,1,0,0,0,0,0,0,False
2026,MG,130002538970,JOSIANE ALVES PEREIRA,DEPUTADO FEDERAL,REDE,4,1,0,0,0,0,0,False
2026,MG,130002538971,MARCIO ANGELES DIAS SILVA,DEPUTADO FEDERAL,REDE,1,0,0,0,0,0,0,False
2026,MG,130002538972,RICARDO ADRIANO VASCONCELLOS DIAS,DEPUTADO FEDERAL,REDE,1,0,0,0,0,0,0,False
2026,MG,130002538973,EVELLYN LOREN GONCALVES RIBEIRO,DEPUTADO FEDERAL,PSOL,1,0,0,0,0,0,0,False
2026,MG,130002539485,MIGUEL DE FREITAS ASSIS ROCHA,DEPUTADO ESTADUAL,REDE,2,1,0,0,0,0,0,False
2026,MG,130002539488,NARA LUCIA DE PAULA FAN,DEPUTADO ESTADUAL,REDE,2,0,0,0,0,0,0,False
2026,MG,130002539492,FELIPE CORREIA DE SOUZA PEREIRA GOMES,DEPUTADO ESTADUAL,PSOL,1,0,0,0,0,0,0,False
2026,MG,130002539496,PEDRO PAULO DOS SANTOS CARVALHO,DEPUTADO ESTADUAL,REDE,4,1,0,0,0,0,0,False
2026,MG,130002539497,WESLEY RODOLPHO BRANDAO GOMES,DEPUTADO ESTADUAL,REDE,1,1,0,0,0,0,0,False
2026,MG,130002539498,JOAQUIM MARCELINO MOREIRA,DEPUTADO ESTADUAL,REDE,3,1,0,0,0,0,0,False
2026,MG,130002539500,LEANDRO CESAR DA SILVA,DEPUTADO ESTADUAL,PSOL,1,0,0,0,0,0,0,False
2026,MG,130002539501,GISELY ANICETA SILVA,DEPUTADO ESTADUAL,REDE,1,0,0,0,0,0,0,False
2026,MG,130002539502,CLAUDIA COSTA GUERRA,DEPUTADO ESTADUAL,REDE,1,0,0,0,0,0,0,False
2026,MG,130002539503,GILSON MARQUES DE MOURA,DEPUTADO ESTADUAL,REDE,1,0,0,0,0,0,0,False
2026,MG,130002539505,ANDRE LUIZ ALMEIDA,DEPUTADO ESTADUAL,REDE,1,0,0,0,0,0,0,False
2026,MG,130002539506,MAGNO NEWTON LUIZ FRANCO,DEPUTADO ESTADUAL,PSOL,1,0,0,0,0,0,0,False
2026,MG,130002539508,VILSON RODRIGUES DA LUZ,DEPUTADO ESTADUAL,PSOL,1,0,0,0,0,0,0,False
2026,MG,130002539510,ELAINE SILVA DE SOUSA,DEPUTADO ESTADUAL,REDE,1,1,0,0,0,0,0,False
2026,MG,130002539512,FERNANDO FERRAZ RÊGO NEIVA,DEPUTADO ESTADUAL,REDE,3,2,0,0,0,0,0,False
2026,MG,130002539513,CEZAR RIBEIRO DE FREITAS,DEPUTADO ESTADUAL,REDE,4,1,0,0,0,0,0,False
2026,MG,130002539514,SHIRLEY ADILSON SILVA,DEPUTADO ESTADUAL,PSOL,1,0,0,0,0,0,0,False
2026,MG,130002539515,FABRICIO REIS PEREIRA,DEPUTADO ESTADUAL,REDE,3,1,0,0,0,0,0,False
2026,MG,130002539516,NUBIA DOS SANTOS CITTY ROSA,DEPUTADO ESTADUAL,REDE,3,1,0,0,0,0,0,False
2026,MG,130002539517,GILSON BARBOSA MEIRELES,DEPUTADO ESTADUAL,REDE,3,1,0,0,0,0,0,False
2026,MG,130002539518,MARCELO DE CASTRO DOCO,DEPUTADO ESTADUAL,REDE,2,0,0,0,0,0,0,False
2026,MG,130002539519,GLEISON JOAO GOMES PEGO,DEPUTADO ESTADUAL,PSOL,2,2,0,2,2,0,0,True
2026,MG,130002539520,MARCELINA LUCIA DA SILVA LIBERATO,DEPUTADO ESTADUAL,REDE,1,0,0,0,0,0,0,False
2026,MG,130002539523,EDUARDO EVANGELISTA FERREIRA,DEPUTADO ESTADUAL,PSOL,1,1,0,1,1,0,0,True
2026,MG,130002539525,MARIA MADALENA SANTOS PACHECO,DEPUTADO ESTADUAL,REDE,3,0,0,0,0,0,0,False
2026,MG,130002539532,SILVIA REGINA DE OLIVEIRA,DEPUTADO ESTADUAL,REDE,3,1,0,0,0,0,0,False
2026,MG,130002539640,AMANTINO SOUZA DE ANDRADE,DEPUTADO FEDERAL,PT,5,1,0,0,0,0,0,False
2026,MG,130002539641,VALCIR DA SILVA,DEPUTADO FEDERAL,PT,5,1,0,0,0,0,0,False
2026,MG,130002539716,ADAUTO PEREIRA DA SILVA,DEPUTADO FEDERAL,REDE,1,0,0,0,0,0,0,False
2026,MG,130002539717,CLAUDETE SILVA TEODORO,DEPUTADO FEDERAL,REDE,1,0,0,0,0,0,0,False
2026,MG,130002539718,GIANCARLO FERREIRA DOS REIS,DEPUTADO FEDERAL,REDE,3,0,0,0,0,0,0,False
2026,MG,130002539719,HIGOR ALESSANDRO MEDEIROS GAMA,DEPUTADO FEDERAL,REDE,4,0,0,0,0,0,0,False
2026,MG,130002539720,CRISTIANE PAULA MARQUES DE CARVALHO NUNES,DEPUTADO FEDERAL,PSOL,1,1,0,0,0,0,0,False
2026,MG,130002539721,EDIVANIA ALVES DE SOUZA,DEPUTADO FEDERAL,REDE,3,2,0,0,0,0,0,False
2026,MG,130002539725,DEGUIMAR APARECIDA DE SOUZA,DEPUTADO FEDERAL,REDE,2,2,0,0,0,0,0,False
2026,MG,130002539728,DUDA SALABERT,DEPUTADO FEDERAL,PSOL,1,0,0,0,0,0,0,False
2026,MG,130002539731,TAMARA OLIVEIRA DE ANDRADE,DEPUTADO FEDERAL,REDE,3,0,0,0,0,0,0,False
2026,MG,130002539736,RAINA MARIA DE FREITAS,DEPUTADO FEDERAL,REDE,1,0,0,0,0,0,0,False
2026,MG,130002539737,FERNANDA MARIA ALVES ARANTES,DEPUTADO FEDERAL,REDE,1,0,0,0,0,0,0,False
2026,MG,130002539738,EDELZUITA FERREIRA DA CRUZ,DEPUTADO FEDERAL,REDE,2,1,0,0,0,0,0,False
2026,MG,130002539774,CARLOS EDUARDO VENTURELLI MOSCONI,VICE-GOVERNADOR,PSDB,1,0,0,0,0,0,0,False
2026,MG,130002539836,BEATRIZ DOS SANTOS SOUZA,DEPUTADO FEDERAL,PSDB,6,0,0,0,0,0,0,False
2026,MG,130002539837,ELIANE SILVA PESSOA,DEPUTADO FEDERAL,PSDB,5,2,0,0,0,0,0,False
2026,MG,130002539838,COSME DE ALMEIDA OLIVEIRA,DEPUTADO FEDERAL,PSDB,3,2,0,0,0,0,0,False
2026,MG,130002539839,ELY MANOEL DUARTE MACHADO,DEPUTADO FEDERAL,PSDB,3,0,0,0,0,0,0,False
2026,MG,130002539840,MARIA SUELI TEIXEIRA SILVA,DEPUTADO FEDERAL,PSDB,5,2,0,0,0,0,0,False
2026,MG,130002539841,LEONARDO JOSE DE MATTOS,DEPUTADO FEDERAL,PSDB,4,1,0,0,0,0,0,False
2026,MG,130002539842,PAULO ABI-ACKEL,DEPUTADO FEDERAL,PSDB,1,0,0,0,0,0,0,False
2026,MG,130002539843,WELLINGTON LUIZ DA CONCEIÇÃO,DEPUTADO FEDERAL,PSDB,4,1,0,1,1,0,0,True
2026,MG,130002539844,SERGIO APARECIDO ALVES BENTO,DEPUTADO FEDERAL,PSDB,4,0,0,0,0,0,0,False
2026,MG,130002539845,PRISCILA MICHELLE RODRIGUES DE SOUZA,DEPUTADO FEDERAL,PSDB,4,0,0,0,0,0,0,False
2026,MG,130002539846,MARLENE TAVARES CARDOSO,DEPUTADO FEDERAL,PSDB,4,0,0,0,0,0,0,False
2026,MG,130002539847,CAIO HEITOR DUARTE,DEPUTADO FEDERAL,PSDB,3,1,0,0,0,0,0,False
2026,MG,130002539848,ADRIANA LIMA,DEPUTADO FEDERAL,PSDB,3,0,0,0,0,0,0,False
2026,MG,130002539849,RODRIGO FERNANDES DA COSTA,DEPUTADO FEDERAL,PSDB,7,3,0,0,0,0,0,False
2026,MG,130002539850,PEDRINHO DA MATA,DEPUTADO FEDERAL,PSDB,4,0,0,0,0,0,0,False
2026,MG,130002539851,GLORIA DE FATIMA LOPES PENA,DEPUTADO FEDERAL,PSDB,3,0,0,0,0,0,0,False
2026,MG,130002539852,JUSSARA SENA SILVA,DEPUTADO FEDERAL,PSDB,3,1,0,0,0,0,0,False
2026,MG,130002539853,BENEDITO DA COSTA FILHO,DEPUTADO FEDERAL,PSDB,3,2,0,0,0,0,0,False
2026,MG,130002539854,ALEKSANDRE ROCHA VIANA,DEPUTADO FEDERAL,PSDB,3,0,0,0,0,0,0,False
2026,MG,130002539855,MASTROIANO DE MENDONCA ALVES,DEPUTADO FEDERAL,PSDB,4,0,0,0,0,0,0,False
2026,MG,130002539856,KATHLEEN CAMPOS REIS DE SOUZA,DEPUTADO FEDERAL,CIDADANIA,4,2,0,0,0,0,0,False
2026,MG,130002539857,LAIZA PAMELA DO CARMO RIBEIRO,DEPUTADO FEDERAL,PSDB,3,1,0,0,0,0,0,False
2026,MG,130002539858,ERICA HELENA DOS SANTOS,DEPUTADO FEDERAL,PSDB,3,0,0,0,0,0,0,False
2026,MG,130002539859,DANIEL FIORAVANTE BARBOSA,DEPUTADO FEDERAL,PSDB,4,1,0,0,0,0,0,False
2026,MG,130002539860,SEBASTIAO PINHEIRO COSTA,DEPUTADO FEDERAL,PSDB,3,1,0,0,0,0,0,False
2026,MG,130002539861,VICTOR MARTINS DE ASSIS,DEPUTADO FEDERAL,PSDB,4,1,0,0,0,0,0,False
2026,MG,130002539862,JOAO LEITE DA SILVA NETO,DEPUTADO FEDERAL,PSDB,3,0,0,0,0,0,0,False
2026,MG,130002539863,GLEICY KERLLY DE SOUZA SULZ SANTOS,DEPUTADO FEDERAL,PSDB,3,0,0,0,0,0,0,False
2026,MG,130002539864,ANA PAULA DE OLIVEIRA COSTA MARTINS,DEPUTADO FEDERAL,PSDB,3,0,0,0,0,0,0,False
2026,MG,130002539865,EDUARDO DA SILVA SANTOS,DEPUTADO FEDERAL,CIDADANIA,2,0,0,0,0,0,0,False
2026,MG,130002539866,CARLOS EDUARDO FONSECA,DEPUTADO FEDERAL,PSDB,8,1,0,0,0,0,0,False
2026,MG,130002539867,BRAULIO MARCOS CARDOSO ALVES,DEPUTADO FEDERAL,PSDB,2,1,0,0,0,0,0,False
2026,MG,130002539868,HELENO JOSE DE BRITO ANTUNES,DEPUTADO FEDERAL,PSDB,5,2,0,0,0,0,0,False
2026,MG,130002539869,SOELSON BARBOSA ARAUJO,DEPUTADO FEDERAL,PSDB,5,2,0,0,0,0,0,False
2026,MG,130002539870,JOAO PAULO LADEIRA SOARES,DEPUTADO FEDERAL,PSDB,4,1,0,0,0,0,0,False
2026,MG,130002539871,JOAO PEDRO MARTINS FLECHA DE LIMA,DEPUTADO FEDERAL,CIDADANIA,4,1,0,0,0,0,0,False
2026,MG,130002539872,ROZIVALDO GERVASIO,DEPUTADO FEDERAL,PSDB,3,0,0,0,0,0,0,False
2026,MG,130002539873,STÉFANY PRISCILA LOPES BARBOSA DE ANDRADE,DEPUTADO FEDERAL,PSDB,5,0,0,0,0,0,0,False
2026,MG,130002539874,GILVAN MASFERRER,DEPUTADO FEDERAL,PSDB,6,1,0,0,0,0,0,False
2026,MG,130002539875,THIAGO MARISCAL DOS SANTOS,DEPUTADO FEDERAL,PSDB,5,1,0,0,0,0,0,False
2026,MG,130002539876,RUI BARBOSA ROSA,DEPUTADO FEDERAL,PSDB,4,2,0,0,0,0,0,False
2026,MG,130002539877,ROGERIO FERREIRA DA SILVA,DEPUTADO FEDERAL,PSDB,9,0,0,0,0,0,0,False
2026,MG,130002539878,JULIO MENDONCA MUNDIM,DEPUTADO FEDERAL,PSDB,4,0,0,0,0,0,0,False
2026,MG,130002539880,CHARLES DOS SANTOS,DEPUTADO ESTADUAL,REPUBLICANOS,2,2,0,0,0,0,0,False
2026,MG,130002539881,CLAUDIA DA CONSOLAÇÃO PINHEIRO SOUSA ALVES E SILVA,DEPUTADO ESTADUAL,REPUBLICANOS,2,0,0,0,0,0,0,False
2026,MG,130002539882,MARCELO DE ARAUJO BATALHA,DEPUTADO ESTADUAL,REPUBLICANOS,2,0,0,0,0,0,0,False
2026,MG,130002539883,MARCOS SARITA,DEPUTADO ESTADUAL,REPUBLICANOS,1,0,0,0,0,0,0,False
2026,MG,130002539885,NEILANDO ALVES PIMENTA,DEPUTADO ESTADUAL,REPUBLICANOS,1,1,0,0,0,0,0,False
2026,MG,130002539886,OZEIAS CIPRIANO DA SILVA,DEPUTADO ESTADUAL,REPUBLICANOS,2,1,0,0,0,0,0,False
2026,MG,130002539887,RENALDO TEIXEIRA SAMPAIO,DEPUTADO ESTADUAL,REPUBLICANOS,1,0,0,0,0,0,0,False
2026,MG,130002539888,ELISABETE MARIA DA SILVA,DEPUTADO ESTADUAL,REPUBLICANOS,1,0,0,0,0,0,0,False
2026,MG,130002539889,FABIANA GOULART DE OLIVEIRA,DEPUTADO ESTADUAL,REPUBLICANOS,2,0,0,0,0,0,0,False
2026,MG,130002539890,MARISTELA DA CONCEICAO OLIVEIRA,DEPUTADO ESTADUAL,REPUBLICANOS,3,1,0,0,0,0,0,False
2026,MG,130002539894,PAULO HENRIQUE DA SILVA COELHO,DEPUTADO ESTADUAL,REPUBLICANOS,1,0,0,0,0,0,0,False
2026,MG,130002539895,CÉLIO RUELA DA SILVA,DEPUTADO ESTADUAL,REPUBLICANOS,4,1,0,0,0,0,0,False
2026,MG,130002539896,ILACIR BICALHO DE BARROS,DEPUTADO ESTADUAL,REPUBLICANOS,3,0,0,0,0,0,0,False
2026,MG,130002539897,AMANDA CRISTINA BONTEMPO DE OLIVEIRA,DEPUTADO ESTADUAL,REPUBLICANOS,2,0,0,0,0,0,0,False
2026,MG,130002539898,RICARDO RODRIGUES DA SILVA,DEPUTADO ESTADUAL,REPUBLICANOS,3,1,0,0,0,0,0,False
2026,MG,130002539900,RONALDO PEREIRA DA SILVA,DEPUTADO ESTADUAL,REPUBLICANOS,2,0,0,0,0,0,0,False
2026,MG,130002539901,JEPHERSON ROCHA MADUREIRA,DEPUTADO ESTADUAL,REPUBLICANOS,2,0,0,0,0,0,0,False
2026,MG,130002539902,MARCOS ALVES FROIS,DEPUTADO ESTADUAL,REPUBLICANOS,1,0,0,0,0,0,0,False
2026,MG,130002539903,MARIA LAURA SIMAO MORAES SILVA,DEPUTADO ESTADUAL,REPUBLICANOS,3,0,0,0,0,0,0,False
2026,MG,130002539904,LUCIANA GONCALVES PRAXEDES,DEPUTADO ESTADUAL,REPUBLICANOS,2,0,0,0,0,0,0,False
2026,MG,130002539906,GUSTAVO HENRIQUE PINHEIRO SOUZA,DEPUTADO ESTADUAL,REPUBLICANOS,1,0,0,0,0,0,0,False
2026,MG,130002539909,ROSANIA APARECIDA RIBEIRO,DEPUTADO ESTADUAL,REPUBLICANOS,2,1,0,0,0,0,0,False
2026,MG,130002539912,MARIA APARECIDA LUIZ,DEPUTADO ESTADUAL,CIDADANIA,6,1,0,0,0,0,0,False
2026,MG,130002539913,MARTA CARVALHO MURTA,DEPUTADO ESTADUAL,PSDB,4,2,0,1,2,0,0,True
2026,MG,130002539914,LUIGI D ANGELO DOS SANTOS,DEPUTADO ESTADUAL,PSDB,6,1,0,0,0,0,0,False
2026,MG,130002539915,FABIANA STEPHANIE DOS SANTOS MACHADO,DEPUTADO ESTADUAL,PSDB,4,1,0,0,0,0,0,False
2026,MG,130002539916,FATIMA APARECIDA DE ARAUJO,DEPUTADO ESTADUAL,PSDB,6,0,0,0,0,0,0,False
2026,MG,130002539917,DORIVAL ALVES DE LIMA,DEPUTADO ESTADUAL,PSDB,8,1,0,0,0,0,0,False
2026,MG,130002539918,EVANDRO ALVES DE ALMEIDA,DEPUTADO ESTADUAL,PSDB,3,1,0,0,0,0,0,False
2026,MG,130002539919,PAULO CELIO DE ALMEIDA HUGO,DEPUTADO ESTADUAL,PSDB,2,1,0,0,0,0,0,False
2026,MG,130002539920,ÁUREA PEREIRA LOPES,DEPUTADO ESTADUAL,PSDB,5,1,0,0,0,0,0,False
2026,MG,130002539921,ADRIANE CRISTINA DA CRUZ,DEPUTADO ESTADUAL,PSDB,3,1,0,0,0,0,0,False
2026,MG,130002539922,DANIELLE CRISTINA DOS SANTOS,DEPUTADO ESTADUAL,PSDB,4,2,0,0,0,0,0,False
2026,MG,130002539923,NATHALIA FAUSTINA ROSA DA SILVA,DEPUTADO ESTADUAL,PSDB,4,1,0,0,0,0,0,False
2026,MG,130002539924,BRENO DIAS CHULA,DEPUTADO ESTADUAL,PSDB,3,2,0,0,0,0,0,False
2026,MG,130002539925,SILVANA DA SILVA LACERDA,DEPUTADO ESTADUAL,PSDB,3,1,0,0,0,0,0,False
2026,MG,130002539926,SAMIRA MALHEIROS DA CRUZ LADEIRA,DEPUTADO ESTADUAL,PSDB,3,0,0,0,0,0,0,False
2026,MG,130002539927,ANA FLAVIA PASSOS DE OLIVEIRA DRUMOND,DEPUTADO ESTADUAL,CIDADANIA,3,0,0,0,0,0,0,False
2026,MG,130002539928,RAFAELA BRUNA DE OLIVEIRA,DEPUTADO ESTADUAL,PSDB,2,0,0,0,0,0,0,False
2026,MG,130002539929,CAMILA GONÇALVES ARAUJO,DEPUTADO ESTADUAL,PSDB,4,1,0,0,0,0,0,False
2026,MG,130002539930,MARIA APARECIDA DA MATA,DEPUTADO ESTADUAL,PSDB,6,1,0,0,0,0,0,False
2026,MG,130002539931,MARIA CLARA MATOS MARRA,DEPUTADO ESTADUAL,PSDB,3,1,0,0,0,0,0,False
2026,MG,130002539932,ANTONIO CARLOS SILVA NUNES,DEPUTADO ESTADUAL,PSDB,4,2,0,0,0,0,0,False
2026,MG,130002539933,CINTIA RENATA DA SILVA MIRANDA,DEPUTADO ESTADUAL,PSDB,5,2,0,0,0,0,0,False
2026,MG,130002540007,CAMILLO VINICIUS CARVALHO E SILVA,DEPUTADO ESTADUAL,PDT,5,0,0,0,0,0,0,False
2026,MG,130002540011,ANYSE TAHAN SAB JÚNIOR,DEPUTADO ESTADUAL,PDT,4,0,0,0,0,0,0,False
2026,MG,130002540013,ALINE DE CASTRO SANTOS,DEPUTADO ESTADUAL,PDT,6,2,0,0,0,0,0,False
2026,MG,130002540014,BRUNA MARQUES VITEBRO,DEPUTADO ESTADUAL,PDT,4,0,0,0,0,0,0,False
2026,MG,130002540023,MOISES GUIMARAES PINHEIRO,DEPUTADO ESTADUAL,PDT,1,0,0,0,0,0,0,False
2026,MG,130002540035,MARCELO MAGNO RIBEIRO,DEPUTADO ESTADUAL,PDT,2,0,0,0,0,0,0,False
2026,MG,130002540037,WALISON COSTA FERREIRA,DEPUTADO ESTADUAL,PDT,3,2,0,0,0,0,0,False
2026,MG,130002540040,TARLEI APARECIDO MOREIRA,DEPUTADO ESTADUAL,PDT,1,0,0,0,0,0,0,False
2026,MG,130002540041,ALVAMIRO ALVES DE SOUSA,DEPUTADO ESTADUAL,PDT,4,0,0,0,0,0,0,False
2026,MG,130002540045,LUCIANA CARLA DE SOUZA PORTES,DEPUTADO ESTADUAL,PDT,3,2,0,0,0,0,0,False
2026,MG,130002540046,VALERIA CRISTINA MARQUES,DEPUTADO ESTADUAL,PDT,2,0,0,0,0,0,0,False
2026,MG,130002540054,LAIS SANTIAGO JORGE,DEPUTADO ESTADUAL,PDT,4,0,0,0,0,0,0,False
2026,MG,130002540061,PEDRO WILSON ROCHA,DEPUTADO ESTADUAL,PDT,1,0,0,0,0,0,0,False
2026,MG,130002540063,DENIS DA SILVA COSTA,DEPUTADO ESTADUAL,PDT,5,0,0,0,0,0,0,False
2026,MG,130002540594,HELY TARQUINIO,DEPUTADO ESTADUAL,PSDB,4,0,0,0,0,0,0,False
2026,MG,130002540595,EDUARDO GOMES DE MAGALHAES,DEPUTADO ESTADUAL,PSDB,3,2,0,0,0,0,0,False
2026,MG,130002540596,GLYCON MOREIRA FRANCO,DEPUTADO ESTADUAL,PSDB,4,2,0,0,0,0,0,False
2026,MG,130002540597,ORLANDO AMORIM CALDEIRA,DEPUTADO ESTADUAL,PSDB,3,1,0,1,2,0,0,True
2026,MG,130002540598,RODRIGO ARAUJO CRUZ,DEPUTADO ESTADUAL,CIDADANIA,3,2,0,0,0,0,0,False
2026,MG,130002540599,JOSE BENEDITO DAMIAO,DEPUTADO ESTADUAL,PSDB,4,1,0,0,0,0,0,False
2026,MG,130002540600,SORAYA ALVES DE SOUZA,DEPUTADO ESTADUAL,PSDB,4,1,0,0,0,0,0,False
2026,MG,130002540601,JOSIELY DOS SANTOS BRANDÃO,DEPUTADO ESTADUAL,PSDB,4,1,0,0,0,0,0,False
2026,MG,130002540602,IVANETE APARECIDA MARTINS XAVIER,DEPUTADO ESTADUAL,PSDB,7,1,0,0,0,0,0,False
2026,MG,130002540603,LEONIDIO HENRIQUE CORREA BOUCAS,DEPUTADO ESTADUAL,PSDB,3,1,0,1,1,0,0,True
2026,MG,130002540604,DORCAS FERREIRA DE MORAIS,DEPUTADO ESTADUAL,PSDB,5,2,0,1,2,0,0,True
2026,MG,130002540605,JENNIFER ANDRESSA DA PAIXÃO,DEPUTADO ESTADUAL,PSDB,3,2,0,0,0,0,0,False
2026,MG,130002540606,MARCO ANTÔNIO GUIMARÃES,DEPUTADO ESTADUAL,PSDB,5,0,0,0,0,0,0,False
2026,MG,130002540607,JOSE LUCIO NETO,DEPUTADO ESTADUAL,PSDB,5,1,0,0,0,0,0,False
2026,MG,130002540608,MARIA DO SOCORRO PACHECO PENA,DEPUTADO ESTADUAL,PSDB,4,1,0,0,0,0,0,False
2026,MG,130002540609,HELENO MARCIO DE MELO BOY,DEPUTADO ESTADUAL,PSDB,7,2,0,1,1,0,0,True
2026,MG,130002540610,IGOR GUSTAVO DIAS,DEPUTADO ESTADUAL,PSDB,5,1,0,0,0,0,0,False
2026,MG,130002540611,ROSILENE SOARES PEGO,DEPUTADO ESTADUAL,PSDB,4,1,0,0,0,0,0,False
2026,MG,130002540612,FERNANDA CIOLFI,DEPUTADO ESTADUAL,PSDB,3,2,0,0,0,0,0,False
2026,MG,130002540613,ZENI FRANCISCA DA SILVA,DEPUTADO ESTADUAL,PSDB,4,0,0,0,0,0,0,False
2026,MG,130002541911,MATEUS SIMÕES DE ALMEIDA,GOVERNADOR,PSD,2,0,0,0,0,0,0,False
2026,MG,130002541912,DANILO DE CASTRO,VICE-GOVERNADOR,UNIÃO,4,2,0,0,0,0,0,False
2026,MG,130002541995,CRISTIANO GERALDO DA SILVA,DEPUTADO FEDERAL,PL,2,0,0,0,0,0,0,False
2026,MG,130002542007,EROS FERREIRA BIONDINI,DEPUTADO FEDERAL,PL,1,1,0,0,0,0,0,False
2026,MG,130002542011,FABIO AUGUSTO RAMALHO DOS SANTOS,DEPUTADO FEDERAL,PL,2,0,0,0,0,0,0,False
2026,MG,130002542013,CLEUSA BERNADETH LARA CORREA,DEPUTADO FEDERAL,PL,2,1,0,0,0,0,0,False
2026,MG,130002542014,ATAIDE VILELA,DEPUTADO FEDERAL,PL,1,1,0,0,0,0,0,False
2026,MG,130002542015,LINCOLN DINIZ PORTELA,DEPUTADO FEDERAL,PL,3,1,0,0,0,0,0,False
2026,MG,130002542025,VITOR PENIDO DE BARROS,DEPUTADO FEDERAL,PL,2,2,0,2,2,0,0,True
2026,MG,130002542030,LETICIA MIRANDA SANTIAGO DE JESUS,DEPUTADO FEDERAL,PL,1,1,0,0,0,0,0,False
2026,MG,130002542031,JOSE VITOR DE RESENDE AGUIAR,DEPUTADO FEDERAL,PL,1,0,0,0,0,0,0,False
2026,MG,130002542033,EDSON MOREIRA DA SILVA,DEPUTADO FEDERAL,PL,2,0,0,0,0,0,0,False
2026,MG,130002542035,GILSON DANIEL DE OLIVEIRA,DEPUTADO FEDERAL,PL,2,0,0,0,0,0,0,False
2026,MG,130002542037,SERGIO ANTONIO CARVALHO DE AZEVEDO,DEPUTADO FEDERAL,PL,5,3,0,3,1,0,0,True
2026,MG,130002542040,WILI DOS SANTOS,DEPUTADO FEDERAL,PL,1,1,0,0,0,0,0,False
2026,MG,130002542051,LUCAS MENDES FERREIRA DE FREITAS,DEPUTADO ESTADUAL,PL,1,0,0,0,0,0,0,False
2026,MG,130002542058,VITTORIO MEDIOLI,DEPUTADO ESTADUAL,PL,1,0,0,0,0,0,0,False
2026,MG,130002542068,DENERVAL GERMANO DA CRUZ,DEPUTADO ESTADUAL,PL,2,0,0,0,0,0,0,False
2026,MG,130002542081,ALESSANDRA DINIZ PORTELA SILVEIRA,DEPUTADO ESTADUAL,PL,1,0,0,0,0,0,0,False
2026,MG,130002542089,VALERIA CRISTINA SILVA REIS,DEPUTADO ESTADUAL,PL,1,1,0,0,0,0,0,False
2026,MG,130002542101,WEBER BERNARDES DE ANDRADE,DEPUTADO ESTADUAL,PL,2,2,0,2,2,0,0,True
2026,MG,130002542693,MARIA JOSÉ MENDES DA CRUZ,DEPUTADO FEDERAL,UNIÃO,2,1,0,0,0,0,0,False
2026,MG,130002542694,RODRIGO SANTIAGO OSSI,DEPUTADO FEDERAL,UNIÃO,2,1,0,0,0,0,0,False
2026,MG,130002542695,SAMUEL JOSÉ RODRIGUES DE VIANA,DEPUTADO FEDERAL,UNIÃO,1,0,0,0,0,0,0,False
2026,MG,130002542697,MOACIR MARTINS DA COSTA JUNIOR,DEPUTADO FEDERAL,PP,4,2,0,1,1,0,0,True
2026,MG,130002542698,NATHANIELLE DE OLIVEIRA GONCALVES ALMEIDA,DEPUTADO FEDERAL,PP,2,1,0,0,0,0,0,False
2026,MG,130002542700,PEDRO DOSHIKAZU PIANCHÃO AIHARA,DEPUTADO FEDERAL,PP,3,1,0,0,0,0,0,False
2026,MG,130002542701,ANTÔNIO PINHEIRO NETO,DEPUTADO FEDERAL,PP,4,1,0,0,0,0,0,False
2026,MG,130002542703,NARCISO JOSE GONCALVES,DEPUTADO FEDERAL,PP,1,1,0,0,0,0,0,False
2026,MG,130002542704,MARIENE PATRÍCIA RODRIGUES,DEPUTADO FEDERAL,UNIÃO,3,1,0,0,0,0,0,False
2026,MG,130002542705,AMANDA DAS NEVES CUNHA DA PAIXÃO,DEPUTADO FEDERAL,UNIÃO,1,1,0,1,1,0,0,True
2026,MG,130002542706,ADAO NUNES DE SOUZA,DEPUTADO FEDERAL,PP,3,1,0,0,0,0,0,False
2026,MG,130002542707,ADEMIR LUCAS GOMES,DEPUTADO FEDERAL,UNIÃO,2,0,0,0,0,0,0,False
2026,MG,130002542708,CLAUDIO MOREIRA RIBEIRO,DEPUTADO FEDERAL,PP,2,1,0,0,0,0,0,False
2026,MG,130002542709,ANTÔNIO DE MIRANDA SILVA,DEPUTADO FEDERAL,UNIÃO,2,0,0,0,0,0,0,False
2026,MG,130002542710,JULIO CESAR DE ARAUJO,DEPUTADO FEDERAL,PP,6,3,0,0,0,0,0,False
2026,MG,130002542711,VINICIUS DE RESENDE,DEPUTADO FEDERAL,PP,2,0,0,0,0,0,0,False
2026,MG,130002542712,ISÁ BATISTA DE SOUZA,DEPUTADO FEDERAL,UNIÃO,5,2,0,1,1,0,0,True
2026,MG,130002542714,ANA PAULA PROCOPIO JUNQUEIRA,DEPUTADO FEDERAL,PP,2,1,0,0,0,0,0,False
2026,MG,130002542715,RODRIGO BATISTA DE CASTRO,DEPUTADO FEDERAL,UNIÃO,3,1,0,0,0,0,0,False
2026,MG,130002542717,JOÃO BATISTA DA SILVA,DEPUTADO FEDERAL,UNIÃO,6,1,0,1,1,0,0,True
2026,MG,130002542718,LUCIANA DE OLIVEIRA RAMPI,DEPUTADO FEDERAL,PP,4,1,0,0,0,0,0,False
2026,MG,130002542719,MARESSA SILVA TABORDA,DEPUTADO FEDERAL,PP,2,1,0,0,0,0,0,False
2026,MG,130002542720,FLAVIA APARECIDA MARTINS NEVES DO VAL,DEPUTADO FEDERAL,PP,2,0,0,0,0,0,0,False
2026,MG,130002542722,CELSO ROBERTO VAZ,DEPUTADO FEDERAL,PP,3,1,0,0,0,0,0,False
2026,MG,130002542723,LIA EUNICE VALECHI DA SILVA,DEPUTADO FEDERAL,UNIÃO,1,0,0,0,0,0,0,False
2026,MG,130002542724,JOSÉ SILVA SOARES,DEPUTADO FEDERAL,UNIÃO,5,1,0,0,0,0,0,False
2026,MG,130002542725,LEILA CORDEIRO DA CRUZ,DEPUTADO FEDERAL,PP,2,1,0,0,0,0,0,False
2026,MG,130002542726,JOSILAINE OLIVEIRA MELO PORTO,DEPUTADO FEDERAL,UNIÃO,1,0,0,0,0,0,0,False
2026,MG,130002542727,SYLVIO MENICUCCI ABREU FRANKLIN DE MIRANDA,DEPUTADO FEDERAL,UNIÃO,1,0,0,0,0,0,0,False
2026,MG,130002542729,JOAO PAULO FERREIRA ALBANO,DEPUTADO FEDERAL,PP,3,0,0,0,0,0,0,False
2026,MG,130002542731,CLARY ANNY BATISTA DA SILVEIRA LEMOS,DEPUTADO FEDERAL,PP,4,1,0,0,0,0,0,False
2026,MG,130002542732,SHIRLEY ROSA DOS SANTOS,DEPUTADO FEDERAL,PP,3,0,0,0,0,0,0,False
2026,MG,130002542734,MARIA DAS GRAÇAS DA SILVA,DEPUTADO FEDERAL,UNIÃO,1,0,0,0,0,0,0,False
2026,MG,130002542735,CLESLE GAMA SIQUEIRA,DEPUTADO FEDERAL,UNIÃO,1,0,0,0,0,0,0,False
2026,MG,130002542738,RAFAEL TADEU SIMÕES,DEPUTADO FEDERAL,UNIÃO,1,0,0,0,0,0,0,False
2026,MG,130002542740,LEONORA ROSA,DEPUTADO FEDERAL,PP,2,1,0,0,0,0,0,False
2026,MG,130002542741,FERNANDO PEREIRA DA SILVA,DEPUTADO FEDERAL,PP,2,0,0,0,0,0,0,False
2026,MG,130002542742,LUIZ FERNANDO RAMOS FARIA,DEPUTADO FEDERAL,UNIÃO,2,2,0,2,2,0,0,True
2026,MG,130002542743,DIMAS FABIANO TOLEDO JUNIOR,DEPUTADO FEDERAL,PP,3,0,0,0,0,0,0,False
2026,MG,130002542744,ELIO ANTONIO LACERDA,DEPUTADO FEDERAL,PP,3,0,0,0,0,0,0,False
2026,MG,130002542748,DOORGAL GUSTAVO SAD LAFAYETTE DE ANDRADA,DEPUTADO ESTADUAL,PP,2,1,0,0,0,0,0,False
2026,MG,130002542752,KARLA FRANCISCA VIEIRA ARAÚJO,DEPUTADO ESTADUAL,UNIÃO,3,2,0,2,2,0,0,True
2026,MG,130002542753,JOSE GUILHERME FERREIRA FILHO,DEPUTADO ESTADUAL,PP,5,2,0,0,0,0,0,False
2026,MG,130002542755,FABIANA BOTELHO PEREIRA,DEPUTADO ESTADUAL,PP,1,0,0,0,0,0,0,False
2026,MG,130002542756,MELCHIADES EFIGÊNIO MELLO,DEPUTADO ESTADUAL,PP,2,0,0,0,0,0,0,False
2026,MG,130002542757,BRUNO BORGES MAGELLA,DEPUTADO ESTADUAL,UNIÃO,2,0,0,0,0,0,0,False
2026,MG,130002542759,IGOR FERREIRA DE JESUS ARAUJO,DEPUTADO ESTADUAL,PP,1,1,0,0,0,0,0,False
2026,MG,130002542760,GILBERTO MOREIRA TEODORO,DEPUTADO ESTADUAL,PP,2,0,0,0,0,0,0,False
2026,MG,130002542762,RANDOLFO JOSE BARBOSA,DEPUTADO ESTADUAL,UNIÃO,2,0,0,0,0,0,0,False
2026,MG,130002542763,RENATA CASSIA FERREIRA DOS SANTOS,DEPUTADO ESTADUAL,PP,1,0,0,0,0,0,0,False
2026,MG,130002542764,VITORIO FILHO RIBEIRO,DEPUTADO ESTADUAL,PP,5,1,0,0,0,0,0,False
2026,MG,130002542765,WANDERLEY WILSON AMARO,DEPUTADO ESTADUAL,PP,3,0,0,0,0,0,0,False
2026,MG,130002542766,NAIARA MARTINS PEREIRA,DEPUTADO ESTADUAL,PP,3,0,0,0,0,0,0,False
2026,MG,130002542767,GERALDO GONCALVES DO VALE,DEPUTADO ESTADUAL,PP,1,1,0,0,0,0,0,False
2026,MG,130002542768,RAFAEL RODRIGUES MOREIRA,DEPUTADO ESTADUAL,PP,2,1,0,0,0,0,0,False
2026,MG,130002542770,ELIZEU SILVA CORDEIRO,DEPUTADO ESTADUAL,PP,1,1,0,0,0,0,0,False
2026,MG,130002542772,GERALDO CRISTIANO ALVES VALENTIM,DEPUTADO ESTADUAL,UNIÃO,1,1,0,0,0,0,0,False
2026,MG,130002542774,VALDIR ANDRADE DA CUNHA,DEPUTADO ESTADUAL,PP,1,0,0,0,0,0,0,False
2026,MG,130002542775,MARIA HILDA ANDRADE JUNQUEIRA LEAO CARNEIRO,DEPUTADO ESTADUAL,PP,2,2,0,0,0,0,0,False
2026,MG,130002542776,HENRYKO BARUKH SILVEIRA ALMEIDA,DEPUTADO ESTADUAL,UNIÃO,1,0,0,0,0,0,0,False
2026,MG,130002542777,GERALDO FAUSTAO VIANA NICODEMOS,DEPUTADO ESTADUAL,PP,2,0,0,0,0,0,0,False
2026,MG,130002542778,MONICA DE OLIVEIRA GONCALVES COSTA,DEPUTADO ESTADUAL,PP,1,1,0,0,0,0,0,False
2026,MG,130002542780,ALINE SOARES DA COSTA,DEPUTADO ESTADUAL,PP,1,0,0,0,0,0,0,False
2026,MG,130002542781,FERNANDA HOMEM DE MELLO DAVID,DEPUTADO ESTADUAL,PP,1,1,0,0,0,0,0,False
2026,MG,130002542782,NAYARA ROCHA PERDIGÃO LARA,DEPUTADO ESTADUAL,PP,1,1,0,0,0,0,0,False
2026,MG,130002542784,BEATRIZ DA SILVA LOURENÇO VELOSO,DEPUTADO ESTADUAL,UNIÃO,1,1,0,0,0,0,0,False
2026,MG,130002542785,EVANIR MIGUEL GONÇALVES,DEPUTADO ESTADUAL,PP,1,0,0,0,0,0,0,False
2026,MG,130002542786,JANAINA KATARI DA SILVA,DEPUTADO ESTADUAL,PP,2,0,0,0,0,0,0,False
2026,MG,130002542787,HERCULES PINHEIRO GOMES,DEPUTADO ESTADUAL,PP,1,0,0,0,0,0,0,False
2026,MG,130002542789,ALICE MARQUEZ PERES DRUMMOND,DEPUTADO ESTADUAL,PP,1,0,0,0,0,0,0,False
2026,MG,130002542791,ERNANDES ALVES DOS SANTOS,DEPUTADO ESTADUAL,PP,2,1,0,0,0,0,0,False
2026,MG,130002542793,PATRÍCIA ABADIA DA MOTA,DEPUTADO ESTADUAL,UNIÃO,1,1,0,0,0,0,0,False
2026,MG,130002542794,ANTONIO SANTOS DE AGUIAR,DEPUTADO ESTADUAL,UNIÃO,2,0,0,0,0,0,0,False
2026,MG,130002542795,YAN HENRIQUE RODRIGUES FERREIRA,DEPUTADO ESTADUAL,PP,1,1,0,0,0,0,0,False
2026,MG,130002542796,HAMILTON DA SILVA,DEPUTADO ESTADUAL,PP,3,0,0,0,0,0,0,False
2026,MG,130002542797,SAMARA ANDRADE RIBEIRO,DEPUTADO ESTADUAL,PP,2,1,0,0,0,0,0,False
2026,MG,130002542799,ANA DAS GRACAS CORTES ROSSIGNOLI,DEPUTADO ESTADUAL,PP,2,2,0,0,0,0,0,False
2026,MG,130002542800,CATIA PEREIRA DA COSTA,DEPUTADO ESTADUAL,PP,2,0,0,0,0,0,0,False
2026,MG,130002542801,ÉDIO VIEIRA DE SOUZA,DEPUTADO ESTADUAL,PP,2,0,0,0,0,0,0,False
2026,MG,130002542802,WALTER FRAGA SANTANA,DEPUTADO ESTADUAL,UNIÃO,1,0,0,0,0,0,0,False
2026,MG,130002542803,CLAUDINEY BARBOSA,DEPUTADO ESTADUAL,PP,1,1,0,0,0,0,0,False
2026,MG,130002542805,MAHAMAT NASER FAKOUO PETOUOCHI,DEPUTADO ESTADUAL,PP,1,0,0,0,0,0,0,False
2026,MG,130002542806,OSAIR JOSE FERNANDES SANTIAGO,DEPUTADO ESTADUAL,PP,1,0,0,0,0,0,0,False
2026,MG,130002542808,JOSE ROBERTO FERREIRA,DEPUTADO ESTADUAL,UNIÃO,1,0,0,0,0,0,0,False
2026,MG,130002542810,OSCAR LISANDRO TEIXEIRA,DEPUTADO ESTADUAL,PP,2,1,0,0,0,0,0,False
2026,MG,130002542811,PAULO VALDIR FERREIRA,DEPUTADO ESTADUAL,UNIÃO,2,0,0,0,0,0,0,False
2026,MG,130002542812,ADRIANO DE ALMEIDA ALVARENGA,DEPUTADO ESTADUAL,PP,1,1,0,0,0,0,0,False
2026,MG,130002542813,LUIZA MARIA FERREIRA PINTO,DEPUTADO ESTADUAL,PP,1,0,0,0,0,0,0,False
2026,MG,130002542815,MARIA VALERIA DA SILVA,DEPUTADO ESTADUAL,PP,5,2,0,0,0,0,0,False
2026,MG,130002542816,SATIRO OLIVEIRA DE JESUS,DEPUTADO ESTADUAL,PP,3,1,0,0,0,0,0,False
2026,MG,130002543106,CAROLINA GILBERTI CHAVES,DEPUTADO FEDERAL,AVANTE,1,0,0,0,0,0,0,False
2026,MG,130002543108,IGOR MASCARENHAS ETO,DEPUTADO FEDERAL,AVANTE,1,0,0,0,0,0,0,False
2026,MG,130002543112,LUIS HENRIQUE DE OLIVEIRA RESENDE,DEPUTADO FEDERAL,AVANTE,1,0,0,0,0,0,0,False
2026,MG,130002543601,ANDRÉIA BARROSO DA SILVA,DEPUTADO FEDERAL,AVANTE,2,1,0,0,0,0,0,False
2026,MG,130002543620,ATALIBA SANTANA PEREIRA DA SILVA,DEPUTADO FEDERAL,AVANTE,1,0,0,0,0,0,0,False
2026,MG,130002543627,STHEFANIE EDUARDA CARVALHO DOS SANTOS,DEPUTADO FEDERAL,AVANTE,2,0,0,0,0,0,0,False
2026,MG,130002543628,ANTONIO CARLOS VIEIRA,DEPUTADO FEDERAL,AVANTE,1,0,0,0,0,0,0,False
2026,MG,130002543629,ALBERTO JUNIO DA SILVA,DEPUTADO FEDERAL,AVANTE,1,1,0,1,5,0,0,True
2026,MG,130002543631,JAIR ALEX GENESIO MAGALHAES,DEPUTADO ESTADUAL,PSB,3,1,0,0,0,0,0,False
2026,MG,130002543632,GERALDO ROQUE DA SILVA,DEPUTADO ESTADUAL,PSB,2,1,0,0,0,0,0,False
2026,MG,130002543633,DANIEL PEREIRA FONSECA SILVA,DEPUTADO ESTADUAL,PSB,1,0,0,0,0,0,0,False
2026,MG,130002543634,MARCO TÚLIO PEREIRA SILVA,DEPUTADO ESTADUAL,PSB,2,0,0,0,0,0,0,False
2026,MG,130002543635,IZABELLA LORENE MURTA RIBEIRO,DEPUTADO ESTADUAL,PSB,1,0,0,0,0,0,0,False
2026,MG,130002543636,CÉSAR AUGUSTO CUNHA DIAS,DEPUTADO ESTADUAL,PSB,1,0,0,0,0,0,0,False
2026,MG,130002543637,MARCELO RODRIGUES DOS SANTOS,DEPUTADO ESTADUAL,PSB,1,1,0,0,0,0,0,False
2026,MG,130002543638,ELIAS DA SILVA MONTEIRO,DEPUTADO ESTADUAL,PSB,1,0,0,0,0,0,0,False
2026,MG,130002543639,GABRIELA LIMA LESSA CARVALHO,DEPUTADO ESTADUAL,PSB,4,1,0,0,0,0,0,False
2026,MG,130002543640,CLÁUDIA LUCIENE FERREIRA DOS SANTOS,DEPUTADO ESTADUAL,PSB,1,1,0,0,0,0,0,False
2026,MG,130002543641,PATRICIA CAETANO MARINS,DEPUTADO ESTADUAL,PSB,1,1,0,0,0,0,0,False
2026,MG,130002543642,ANTONIO ELIZEU DE OLIVEIRA,DEPUTADO ESTADUAL,PSB,1,0,0,0,0,0,0,False
2026,MG,130002543643,GIULIA CARINA SILVESTRE,DEPUTADO ESTADUAL,PSB,1,1,0,0,0,0,0,False
2026,MG,130002543644,GISELE CRISTINA MAGALHAES RODRIGUES,DEPUTADO ESTADUAL,PSB,1,0,0,0,0,0,0,False
2026,MG,130002543645,RICARDO BARBOSA BATISTA,DEPUTADO ESTADUAL,PSB,2,0,0,0,0,0,0,False
2026,MG,130002543646,TEOVALDO JOSE APARECIDO,DEPUTADO ESTADUAL,PSB,2,1,0,0,0,0,0,False
2026,MG,130002543647,LUCIANO COELHO PETTERSEN,DEPUTADO ESTADUAL,PSB,1,0,0,0,0,0,0,False
2026,MG,130002543648,MARIA CRISTINA GURGEL GOMES,DEPUTADO ESTADUAL,PSB,3,1,0,0,0,0,0,False
2026,MG,130002543649,ANA LUISA DE ANDRADE MENEZES,DEPUTADO ESTADUAL,PSB,1,1,0,0,0,0,0,False
2026,MG,130002543650,LUIZ PAULO GLORIA GUIMARAES,DEPUTADO ESTADUAL,PSB,2,2,0,1,1,0,0,True
2026,MG,130002543651,JOSAFA ANDERSON DE OLIVEIRA,DEPUTADO ESTADUAL,PSB,1,0,0,0,0,0,0,False
2026,MG,130002543652,LAZARO TAVARES DE MELO DA SILVA,DEPUTADO ESTADUAL,PSB,1,1,0,0,0,0,0,False
2026,MG,130002543653,PAULO ROBERTO MOTA,DEPUTADO ESTADUAL,PSB,4,2,0,0,0,0,0,False
2026,MG,130002543654,HEVILA APARECIDA AUGUSTA CORREA,DEPUTADO ESTADUAL,PSB,2,1,0,0,0,0,0,False
2026,MG,130002543655,MAICO DO NASCIMENTO CRISTO,DEPUTADO ESTADUAL,PSB,1,0,0,0,0,0,0,False
2026,MG,130002543656,ANDERSON RIBEIRO DA SILVA,DEPUTADO ESTADUAL,PSB,1,0,0,0,0,0,0,False
2026,MG,130002543657,AMANDA THAYLASSA GONDIM FERREIRA,DEPUTADO ESTADUAL,PSB,1,0,0,0,0,0,0,False
2026,MG,130002543658,JOSE LUCAS FAGUNDES DE SOUZA,DEPUTADO ESTADUAL,PSB,1,0,0,0,0,0,0,False
2026,MG,130002543659,FRANCISCO HELVECIO VIEIRA DA SILVA,DEPUTADO ESTADUAL,PSB,2,0,0,0,0,0,0,False
2026,MG,130002543660,WAGNER RODRIGUES CARDOSO,DEPUTADO ESTADUAL,PSB,2,0,0,0,0,0,0,False
2026,MG,130002543661,MARGONARI MARCOS VIEIRA,DEPUTADO ESTADUAL,PSB,1,1,0,0,0,0,0,False
2026,MG,130002543662,EFIGENIO SOARES DE OLIVEIRA,DEPUTADO ESTADUAL,PSB,1,0,0,0,0,0,0,False
2026,MG,130002543663,CARLA CRISTINA SIMONI,DEPUTADO ESTADUAL,PSB,1,0,0,0,0,0,0,False
2026,MG,130002543664,NORALDINO LUCIO DIAS JUNIOR,DEPUTADO ESTADUAL,PSB,1,1,0,0,0,0,0,False
2026,MG,130002543665,JOAO EVANGELISTA DE ALMEIDA,DEPUTADO ESTADUAL,PSB,3,2,0,0,0,0,0,False
2026,MG,130002543666,CRISTIANO VIEIRA DA SILVA,DEPUTADO ESTADUAL,PSB,1,0,0,0,0,0,0,False
2026,MG,130002543667,BRUNO FERNANDO LUIZ,DEPUTADO ESTADUAL,PSB,1,1,0,0,0,0,0,False
2026,MG,130002543668,ELAINE CRISTINA JUNQUEIRA DO PRADO,DEPUTADO ESTADUAL,PSB,3,0,0,0,0,0,0,False
2026,MG,130002543669,JOSE CHEREM,DEPUTADO ESTADUAL,PSB,1,0,0,0,0,0,0,False
2026,MG,130002543670,MARINA ALVES LOPES,DEPUTADO ESTADUAL,PSB,1,1,0,0,0,0,0,False
2026,MG,130002543671,LUCIA HELENA DE OLIVEIRA,DEPUTADO ESTADUAL,PSB,1,1,0,0,0,0,0,False
2026,MG,130002543672,ARIADNA BORGES MUNIZ,DEPUTADO ESTADUAL,PSB,1,1,0,0,0,0,0,False
2026,MG,130002543673,AVILMAR SOARES GUSMAO,DEPUTADO ESTADUAL,PSB,1,0,0,0,0,0,0,False
2026,MG,130002543674,LENDER BATISTA VIEIRA,DEPUTADO ESTADUAL,PSB,6,2,0,0,0,0,0,False
2026,MG,130002543675,VILMONDES FAGUNDES DE OLIVEIRA,DEPUTADO ESTADUAL,PSB,1,0,0,0,0,0,0,False
2026,MG,130002543676,DELIO PINHEIRO NETO,DEPUTADO ESTADUAL,PSB,2,0,0,0,0,0,0,False
2026,MG,130002543677,CARLOS BRUNO ALVES RIBEIRO,DEPUTADO ESTADUAL,PSB,2,0,0,0,0,0,0,False
2026,MG,130002543678,RENATO GUIMARAES LOFFI,DEPUTADO ESTADUAL,PSB,3,1,0,1,3,0,0,True
2026,MG,130002543679,FLAVIA OLIVEIRA SANTOS E CASTRO,DEPUTADO ESTADUAL,PSB,3,1,0,0,0,0,0,False
2026,MG,130002543680,ANTONIO AUGUSTO RESENDE MAIA,DEPUTADO ESTADUAL,PSB,6,1,0,0,0,0,0,False
2026,MG,130002543681,JOHNES HEBERT VICTAL EVANGELISTA,DEPUTADO ESTADUAL,PSB,4,0,0,0,0,0,0,False
2026,MG,130002543682,ABNER SOARES DE SOUZA,DEPUTADO ESTADUAL,PSB,1,0,0,0,0,0,0,False
2026,MG,130002543683,BRUNO GERMANO DE REZENDE,DEPUTADO FEDERAL,PSB,6,2,0,1,1,0,0,True
2026,MG,130002543684,GILDETE ALVES VENENO,DEPUTADO FEDERAL,PSB,1,0,0,0,0,0,0,False
2026,MG,130002543685,ROBERT ADILSON RODRIGUES,DEPUTADO FEDERAL,PSB,3,1,0,0,0,0,0,False
2026,MG,130002543686,EDWIGES REGINA RAMOS DOS SANTOS,DEPUTADO FEDERAL,PSB,1,1,0,0,0,0,0,False
2026,MG,130002543687,RUBIA PAULA MIRANDA,DEPUTADO FEDERAL,PSB,1,0,0,0,0,0,0,False
2026,MG,130002543688,CARLOS WELTH PIMENTA DE FIGUEIREDO,DEPUTADO FEDERAL,PSB,3,2,0,0,0,0,0,False
2026,MG,130002543689,JOÃO PEDRO GOMES DOS REIS,DEPUTADO FEDERAL,PSB,3,0,0,0,0,0,0,False
2026,MG,130002543690,DANIELA REGINA DE JESUS DA SILVA,DEPUTADO FEDERAL,PSB,2,0,0,0,0,0,0,False
2026,MG,130002543691,FERNANDO ANTÔNIO FAGUNDES,DEPUTADO FEDERAL,PSB,1,0,0,0,0,0,0,False
2026,MG,130002543692,IARA ELIZABETE CENDON,DEPUTADO FEDERAL,PSB,1,0,0,0,0,0,0,False
2026,MG,130002543693,GABRIEL CONSTANTINO XAVIER COSTA,DEPUTADO FEDERAL,PSB,1,1,0,0,0,0,0,False
2026,MG,130002543694,LILIAN MARIA CARDOSO SOARES,DEPUTADO FEDERAL,PSB,1,1,0,0,0,0,0,False
2026,MG,130002543695,ISMAEL SILVA CANDIDO,DEPUTADO FEDERAL,PSB,3,0,0,0,0,0,0,False
2026,MG,130002543696,VILSON LUIZ DA SILVA,DEPUTADO FEDERAL,PSB,2,1,0,0,0,0,0,False
2026,MG,130002543697,WALTER DINIZ GUSMAO MACHADO,DEPUTADO FEDERAL,PSB,4,1,0,0,0,0,0,False
2026,MG,130002543698,VANDERLI DE CARVALHO BARBOSA,DEPUTADO FEDERAL,PSB,2,1,0,1,1,0,0,True
2026,MG,130002543699,MAYKON HENRIQUE DELFINO BORGES CRUZ,DEPUTADO FEDERAL,PSB,3,1,0,0,0,0,0,False
2026,MG,130002543700,LOURINEI FRANCISCO DE SOUZA,DEPUTADO FEDERAL,PSB,1,0,0,0,0,0,0,False
2026,MG,130002543701,WARDEM DE SOUZA,DEPUTADO FEDERAL,PSB,1,0,0,0,0,0,0,False
2026,MG,130002543702,CRISTIAN EDUARDO CONDACK,DEPUTADO FEDERAL,PSB,1,0,0,0,0,0,0,False
2026,MG,130002543703,ANA LUCIA DE OLIVEIRA,DEPUTADO FEDERAL,PSB,1,0,0,0,0,0,0,False
2026,MG,130002543704,RAQUELINE BALBINA DA SILVA SOUZA,DEPUTADO FEDERAL,PSB,1,0,0,0,0,0,0,False
2026,MG,130002543705,MILTON PEREIRA DE MOURA,DEPUTADO FEDERAL,PSB,1,1,0,0,0,0,0,False
2026,MG,130002543706,PEDRO RENO GAMA,DEPUTADO FEDERAL,PSB,5,1,0,0,0,0,0,False
2026,MG,130002543707,LUIZ FERNANDO ALVES,DEPUTADO FEDERAL,PSB,1,0,0,0,0,0,0,False
2026,MG,130002543708,NEIDER MOREIRA DE FARIA,DEPUTADO FEDERAL,PSB,6,3,0,2,2,0,0,True
2026,MG,130002543709,MARCOS GOBIRA DAMASCENO,DEPUTADO FEDERAL,PSB,3,0,0,0,0,0,0,False
2026,MG,130002543710,KATIA REGINA OLIVEIRA DIAS,DEPUTADO FEDERAL,PSB,2,0,0,0,0,0,0,False
2026,MG,130002543711,MARIA GORETE RODRIGUES DE OLIVEIRA PAULA,DEPUTADO FEDERAL,PSB,1,1,0,0,0,0,0,False
2026,MG,130002543712,SIRLEY CLECIO DA SILVEIRA,DEPUTADO FEDERAL,PSB,2,0,0,0,0,0,0,False
2026,MG,130002543713,ITAMAR PEREIRA FAUSTINO,DEPUTADO FEDERAL,PSB,3,2,0,1,2,0,0,True
2026,MG,130002543714,DUARTE EUSTAQUIO GONCALVES JUNIOR,DEPUTADO FEDERAL,PSB,2,2,0,1,1,0,0,True
2026,MG,130002543715,FABIANO ROCHA PINTO,DEPUTADO FEDERAL,PSB,2,0,0,0,0,0,0,False
2026,MG,130002543716,KELLY BATISTA FERREIRA,DEPUTADO FEDERAL,PSB,1,1,0,0,0,0,0,False
2026,MG,130002543717,KÁTIA GOMES GAIVOTO,DEPUTADO FEDERAL,PSB,2,1,0,0,0,0,0,False
2026,MG,130002543718,ELIANE JOANA SANTIAGO,DEPUTADO FEDERAL,PSB,1,0,0,0,0,0,0,False
2026,MG,130002543719,DUILIO DE CASTRO FARIA,DEPUTADO FEDERAL,PSB,1,0,0,0,0,0,0,False
2026,MG,130002543720,RENATO BARBOSA DE ANDRADE,DEPUTADO FEDERAL,PSB,3,0,0,0,0,0,0,False
2026,MG,130002544125,JANAINA BARCELOS DE MORAIS,DEPUTADO ESTADUAL,AVANTE,1,1,0,1,1,0,0,True
2026,MG,130002544127,ANA CAROLINA PINTO CARAM GUIMARAES,DEPUTADO ESTADUAL,AVANTE,10,4,0,0,0,0,0,False
2026,MG,130002544128,IVAN JOSÉ LOPES,DEPUTADO ESTADUAL,AVANTE,1,0,0,0,0,0,0,False
2026,MG,130002544131,NEILA SIMONE DA SILVA SCHINEIDER,DEPUTADO ESTADUAL,AVANTE,1,1,0,0,0,0,0,False
2026,MG,130002544132,LUCIANA APARECIDA DE SOUZA,DEPUTADO ESTADUAL,AVANTE,1,0,0,0,0,0,0,False
2026,MG,130002544391,PEDRO DE JESUS PARANHOS,DEPUTADO ESTADUAL,AVANTE,1,0,0,0,0,0,0,False
2026,MG,130002544393,LEANDRO GONCALVES,DEPUTADO ESTADUAL,AVANTE,1,1,0,0,0,0,0,False
2026,MG,130002544395,EDIMEIA VIANA SILVA SANTOS,DEPUTADO ESTADUAL,AVANTE,1,0,0,0,0,0,0,False
2026,MG,130002544397,OZEAS DA SILVA CAMPOS,DEPUTADO ESTADUAL,AVANTE,1,1,0,1,2,0,0,True
2026,MG,130002544399,TATIANE DE OLIVEIRA ELIAS,DEPUTADO ESTADUAL,AVANTE,1,1,0,0,0,0,0,False
2026,MG,130002544411,BENONI BENJAMIN CARDOSO MENDES,GOVERNADOR,MISSÃO,5,2,0,0,0,0,0,False
2026,MG,130002544412,LUANA GOMES DA SILVA,DEPUTADO ESTADUAL,MISSÃO,3,2,0,0,0,0,0,False
2026,MG,130002544413,FELIPE DE SOUZA CRUZ,DEPUTADO ESTADUAL,MISSÃO,3,1,0,0,0,0,0,False
2026,MG,130002544414,FILIPE SPOLADORI SOUZA,DEPUTADO ESTADUAL,MISSÃO,3,0,0,0,0,0,0,False
2026,MG,130002544415,BERNARDO VALLADARES BAHIA SILVA,DEPUTADO ESTADUAL,MISSÃO,3,0,0,0,0,0,0,False
2026,MG,130002544416,PAULO ROBERTO SILVEIRA LEAL,DEPUTADO ESTADUAL,MISSÃO,5,2,0,0,0,0,0,False
2026,MG,130002544417,LILIANE DE REZENDE CARDOSO,DEPUTADO ESTADUAL,MISSÃO,4,1,0,0,0,0,0,False
2026,MG,130002544418,RAFAELA FERNANDA CUPERTINO BRAGA,DEPUTADO ESTADUAL,MISSÃO,3,1,0,0,0,0,0,False
2026,MG,130002544419,ANA MARIA FIALHO LEITE LIMA,DEPUTADO ESTADUAL,MISSÃO,4,1,0,0,0,0,0,False
2026,MG,130002544420,JOSE AREAL MARQUES CORDEIRO,DEPUTADO ESTADUAL,MISSÃO,5,1,0,0,0,0,0,False
2026,MG,130002544421,GUILHERME ANTÔNIO SOARES RESENDE,DEPUTADO ESTADUAL,MISSÃO,3,3,0,0,0,0,0,False
2026,MG,130002544422,GUSTAVO LUIZ ALVES CALDEIRA,DEPUTADO ESTADUAL,MISSÃO,3,1,0,0,0,0,0,False
2026,MG,130002544423,ROBERTA RAYANE SILVEIRA CINCOETTI,DEPUTADO FEDERAL,MISSÃO,3,0,0,0,0,0,0,False
2026,MG,130002544424,FELIPE ALVES DOS SANTOS,DEPUTADO FEDERAL,MISSÃO,4,0,0,0,0,0,0,False
2026,MG,130002544425,LUCAS BRANDÃO PELUCIO,DEPUTADO FEDERAL,MISSÃO,3,1,0,0,0,0,0,False
2026,MG,130002544426,JHONATA JUNIOR FERNANDES DE SOUZA,DEPUTADO FEDERAL,MISSÃO,3,2,0,0,0,0,0,False
2026,MG,130002544427,CRISTIANO ROBSON DE OLIVEIRA,DEPUTADO FEDERAL,MISSÃO,4,2,0,0,0,0,0,False
2026,MG,130002544428,VALDEMAR ABRAO NETO,DEPUTADO FEDERAL,MISSÃO,3,0,0,0,0,0,0,False
2026,MG,130002544429,CARLOS HENRIQUE DIAS DE FREITAS,DEPUTADO FEDERAL,MISSÃO,2,1,0,0,0,0,0,False
2026,MG,130002544430,BETHÂNIA LEITE MANSUR,DEPUTADO FEDERAL,MISSÃO,2,0,0,0,0,0,0,False
2026,MG,130002544431,ELENORA MARTINS DO VALE ARRUDA,DEPUTADO FEDERAL,MISSÃO,3,1,0,0,0,0,0,False
2026,MG,130002544432,JOYCE MARIA APARECIDA PIRES OLIVEIRA,DEPUTADO FEDERAL,MISSÃO,2,2,0,0,0,0,0,False
2026,MG,130002544433,KEREM HADASSA MARTINS SILVEIRA,DEPUTADO FEDERAL,MISSÃO,2,0,0,0,0,0,0,False
2026,MG,130002544434,JOÃO PAULO NAGASHI DE SOUZA,DEPUTADO FEDERAL,MISSÃO,2,0,0,0,0,0,0,False
2026,MG,130002544435,FERNANDO ANTÔNIO PEREIRA,DEPUTADO FEDERAL,MISSÃO,2,0,0,0,0,0,0,False
2026,MG,130002544436,PAULO VÍCTOR MEDINA RODRIGUES,DEPUTADO FEDERAL,MISSÃO,3,2,0,0,0,0,0,False
2026,MG,130002544437,ENZO FERREIRA D ANGELO,DEPUTADO FEDERAL,MISSÃO,5,1,0,0,0,0,0,False
2026,MG,130002544438,EMERSON COSTA CERQUEIRA BARROS,DEPUTADO FEDERAL,MISSÃO,4,1,0,0,0,0,0,False
2026,MG,130002544439,HIGOR LUIZ SILVA DE SOUSA BUIATTI,DEPUTADO FEDERAL,MISSÃO,4,0,0,0,0,0,0,False
2026,MG,130002544441,JULIANA RIOS MONTEIRO,DEPUTADO FEDERAL,MISSÃO,3,1,0,0,0,0,0,False
2026,MG,130002544442,ADRIANO PEREIRA RENNÓ,DEPUTADO FEDERAL,MISSÃO,3,1,0,0,0,0,0,False
2026,MG,130002544443,ANGELO GABRIEL PEDROSA ALVES,DEPUTADO FEDERAL,MISSÃO,2,1,0,0,0,0,0,False
2026,MG,130002545558,FRANCISCO DE ASSIS SANTIAGO,DEPUTADO FEDERAL,PSD,1,0,0,0,0,0,0,False
2026,MG,130002545559,DIEGO LEONARDO DE ANDRADE CARVALHO,DEPUTADO FEDERAL,PSD,2,1,0,0,0,0,0,False
2026,MG,130002545561,VALMIR EMERENCIANO BRAZ,DEPUTADO FEDERAL,PSD,4,1,0,0,0,0,0,False
2026,MG,130002545565,STEFANO AGUIAR DOS SANTOS,DEPUTADO FEDERAL,PSD,5,2,0,0,0,0,0,False
2026,MG,130002545566,FLAMARION EUSTAQUIO SILVA ROLANDO,DEPUTADO FEDERAL,PSD,1,1,0,0,0,0,0,False
2026,MG,130002545577,WELITON FERNANDES PRADO,DEPUTADO FEDERAL,PSD,1,0,0,0,0,0,0,False
2026,MG,130002545587,JÚLIO CÉSAR DE SOUZA,DEPUTADO FEDERAL,PSD,2,1,0,0,0,0,0,False
2026,MG,130002545591,ILCE ALVES ROCHA PERDIGÃO,2º SUPLENTE,PSD,6,2,0,0,0,0,0,False
2026,MG,130002545592,MISAEL ARTUR FERREIRA VARELLA,1º SUPLENTE,PSD,1,1,0,0,0,0,0,False
2026,MG,130002546802,RAFAEL RIBEIRO DE ÁVILA,GOVERNADOR,PSTU,1,0,0,0,0,0,0,False
2026,MG,130002547449,EDSON DOS SANTOS OLIVEIRA,DEPUTADO ESTADUAL,PSTU,1,0,0,0,0,0,0,False
2026,MG,130002547839,LÍLIAN FRANÇA ALBUQUERQUE,DEPUTADO ESTADUAL,PP,3,0,0,0,0,0,0,False
2026,MG,130002547905,ADRIANA PEREIRA RODRIGUES ALMEIDA,DEPUTADO FEDERAL,MDB,4,0,0,0,0,0,0,False
2026,MG,130002547923,ZACARIAS ABRAO PIVA,DEPUTADO FEDERAL,MDB,2,0,0,0,0,0,0,False
2026,MG,130002547931,ALAERTE ANTUNES DA SILVA,DEPUTADO FEDERAL,MDB,1,0,0,0,0,0,0,False
2026,MG,130002547933,GABRIELA ANANDA NEVES BORGES,DEPUTADO FEDERAL,MDB,1,0,0,0,0,0,0,False
2026,MG,130002547935,JOSELIO PEREIRA DOS SANTOS,DEPUTADO ESTADUAL,PODE,1,1,0,0,0,0,0,False
2026,MG,130002547936,SEBASTIAO CESAR GRAZZIA DA SILVA,DEPUTADO ESTADUAL,PODE,1,1,0,0,0,0,0,False
2026,MG,130002547939,MARCOS RENATO COUTINHO DOS REIS,DEPUTADO ESTADUAL,PODE,1,1,0,0,0,0,0,False
2026,MG,130002547940,VANESSA AMARAL LIMA,DEPUTADO ESTADUAL,PODE,1,1,0,0,0,0,0,False
2026,MG,130002548701,ALYSSON NEYLOR TAVARES FACCHERA,DEPUTADO ESTADUAL,PODE,1,0,0,0,0,0,0,False
2026,MG,130002548702,ANDREA VARELLA BRAGA,DEPUTADO ESTADUAL,PODE,1,1,0,0,0,0,0,False
2026,MG,130002548703,LAURIANE RODRIGUES ALVES,DEPUTADO ESTADUAL,PODE,1,1,0,0,0,0,0,False
2026,MG,130002548704,WARLEY BATISTA DE SOUZA,DEPUTADO ESTADUAL,PODE,1,0,0,0,0,0,0,False
2026,MG,130002548705,TELRRY ROBERT DESMOLINS,DEPUTADO ESTADUAL,PODE,1,0,0,0,0,0,0,False
2026,MG,130002548707,ROBSON DE ASSIS CARVALHO,DEPUTADO ESTADUAL,PODE,1,0,0,0,0,0,0,False
2026,MG,130002548708,ELLEN DE SOUZA SILVERIO,DEPUTADO ESTADUAL,PODE,1,0,0,0,0,0,0,False
2026,MG,130002548711,ANGELA CRISTINA SILVA SOUZA,DEPUTADO ESTADUAL,PODE,1,0,0,0,0,0,0,False
2026,MG,130002548712,FERNANDO ANTÔNIO RIBEIRO,DEPUTADO ESTADUAL,PODE,5,1,0,0,0,0,0,False
2026,MG,130002548714,RONALDO WILLIAN CLAUDINO,DEPUTADO ESTADUAL,PODE,1,0,0,0,0,0,0,False
2026,MG,130002548715,ALESSANDRO JUNIO DE SOUZA OLIVEIRA,DEPUTADO ESTADUAL,PODE,1,0,0,0,0,0,0,False
2026,MG,130002548717,OSVALDO LOPES DE OLIVEIRA JUNIOR,DEPUTADO ESTADUAL,PODE,1,0,0,0,0,0,0,False
2026,MG,130002548718,PAULO VITOR FERREIRA DA SILVA,DEPUTADO ESTADUAL,PODE,1,1,0,0,0,0,0,False
2026,MG,130002548719,JOSE DE JESUS FERREIRA,DEPUTADO ESTADUAL,PODE,4,2,0,0,0,0,0,False
2026,MG,130002548720,LUCAS JARDIM PRATES,DEPUTADO ESTADUAL,PODE,1,0,0,0,0,0,0,False
2026,MG,130002548722,FAGNER DANIEL DA SILVA,DEPUTADO ESTADUAL,PODE,1,0,0,0,0,0,0,False
2026,MG,130002548723,ALINE BRITO DO NASCIMENTO,DEPUTADO ESTADUAL,PODE,1,0,0,0,0,0,0,False
2026,MG,130002548724,JOYCE ALINE ROCHA SANTOS DE OLIVEIRA,DEPUTADO ESTADUAL,PODE,1,0,0,0,0,0,0,False
2026,MG,130002548726,JOSE DE ARIMATEIA DE OLIVEIRA,DEPUTADO ESTADUAL,PODE,1,1,0,0,0,0,0,False
2026,MG,130002548727,MATEUS NATAN NOGUEIRA SILVA,DEPUTADO ESTADUAL,PODE,1,1,0,0,0,0,0,False
2026,MG,130002548729,PATRICIA TOBIAS SANTOS,DEPUTADO ESTADUAL,PODE,1,0,0,0,0,0,0,False
2026,MG,130002548730,JULIANO LOPES LOBATO,DEPUTADO ESTADUAL,PODE,1,0,0,0,0,0,0,False
2026,MG,130002548731,MARCIO GONCALVES PINTO,DEPUTADO ESTADUAL,PODE,1,0,0,0,0,0,0,False
2026,MG,130002548732,SCHEILE APARECIDA SOARES BRANDAO,DEPUTADO ESTADUAL,PODE,1,0,0,0,0,0,0,False
2026,MG,130002548733,REINALDO LÚCIO DA SILVA,DEPUTADO ESTADUAL,PODE,1,0,0,0,0,0,0,False
2026,MG,130002548734,WAKTER JUNIOR VIEIRA DE OLIVEIRA,DEPUTADO ESTADUAL,PODE,1,0,0,0,0,0,0,False
2026,MG,130002548735,ADRIANA MARIA TEIXEIRA RESENDE,DEPUTADO ESTADUAL,PODE,1,0,0,0,0,0,0,False
2026,MG,130002548736,RONIVON BORGES MAIA,DEPUTADO ESTADUAL,PODE,1,0,0,0,0,0,0,False
2026,MG,130002548738,LUCIENE ABADIA DIAS DE SOUZA,DEPUTADO ESTADUAL,PODE,1,1,0,0,0,0,0,False
2026,MG,130002548739,JONAS MICHARLANE VILAR DA SILVA,DEPUTADO ESTADUAL,PODE,1,0,0,0,0,0,0,False
2026,MG,130002548741,LUIZ CARLOS DE SOUZA,DEPUTADO ESTADUAL,PODE,1,0,0,0,0,0,0,False
2026,MG,130002548742,SERAFIM DE SOUSA JUNIOR,DEPUTADO ESTADUAL,PODE,1,0,0,0,0,0,0,False
2026,MG,130002548745,JOSE REIS NOGUEIRA DE BARROS,DEPUTADO ESTADUAL,PODE,1,1,0,0,0,0,0,False
2026,MG,130002548749,JAIR ALVES DE SOUZA,DEPUTADO ESTADUAL,PODE,1,0,0,0,0,0,0,False
2026,MG,130002548750,JAREDE GONÇALVES DOS SANTOS,DEPUTADO ESTADUAL,PODE,1,0,0,0,0,0,0,False
2026,MG,130002548751,SILVANIA GUTZ PEREIRA FAGUNDES,DEPUTADO ESTADUAL,PODE,1,0,0,0,0,0,0,False
2026,MG,130002548753,WESLEY APARECIDO DA SILVA,DEPUTADO ESTADUAL,PODE,1,0,0,0,0,0,0,False
2026,MG,130002548754,CASTELO BRANCO DE SOUSA,DEPUTADO ESTADUAL,PODE,1,1,0,0,0,0,0,False
2026,MG,130002548755,GEOVANE DA CONCEICAO ESTANISLAU,DEPUTADO ESTADUAL,PODE,1,1,0,0,0,0,0,False
2026,MG,130002548757,ADAO CAETANO DA SILVA,DEPUTADO ESTADUAL,PODE,1,0,0,0,0,0,0,False
2026,MG,130002548758,SILESIA VERSIANI MAGALHAES,DEPUTADO ESTADUAL,PODE,1,0,0,0,0,0,0,False
2026,MG,130002548759,SARITA DE JESUS SALLES FERREIRA,DEPUTADO ESTADUAL,PODE,1,0,0,0,0,0,0,False
2026,MG,130002548760,SERGIO SILVA BALBINO,DEPUTADO ESTADUAL,PODE,1,0,0,0,0,0,0,False
2026,MG,130002548761,RUBIA MARA FERREIRA CARNEIRO,DEPUTADO ESTADUAL,PODE,1,0,0,0,0,0,0,False
2026,MG,130002548762,HELEN DE SOUSA SMITH,DEPUTADO ESTADUAL,PODE,1,1,0,0,0,0,0,False
2026,MG,130002548764,HELDER PAULO CARNEIRO,DEPUTADO ESTADUAL,PODE,1,1,0,1,1,0,0,True
2026,MG,130002548765,FRANCISCO RANIELE ALVES DE OLIVEIRA,DEPUTADO ESTADUAL,PODE,1,1,0,0,0,0,0,False
2026,MG,130002548768,JOSIMEIRE FIGUEIREDO ROCHA PEIXOTO,DEPUTADO ESTADUAL,PODE,1,0,0,0,0,0,0,False
2026,MG,130002548770,ADRIANO MAXIMIANO DA SILVA,DEPUTADO ESTADUAL,PODE,1,0,0,0,0,0,0,False
2026,MG,130002548771,CARLOS HEITOR PIOLI FILHO,DEPUTADO ESTADUAL,PODE,1,1,0,0,0,0,0,False
2026,MG,130002548772,LEONARDO FRANCO FARIAS NEGREIROS,DEPUTADO FEDERAL,PODE,1,0,0,0,0,0,0,False
2026,MG,130002548777,DOMENICA GOMES LIMA,DEPUTADO FEDERAL,PODE,2,0,0,0,0,0,0,False
2026,MG,130002548779,ENRICO VIDAL MARTINS LOPES DE OLIVEIRA,DEPUTADO FEDERAL,PODE,1,1,0,0,0,0,0,False
2026,MG,130002548780,IGOR DE ALVARENGA OLIVEIRA ICASSATTI ROJAS,DEPUTADO FEDERAL,PODE,1,0,0,0,0,0,0,False
2026,MG,130002548781,WILSON MELO JUNIOR,DEPUTADO FEDERAL,PODE,1,1,0,0,0,0,0,False
2026,MG,130002548782,IGOR GUILHERME NOGUEIRA DE OLIVEIRA,DEPUTADO FEDERAL,PODE,2,1,0,0,0,0,0,False
2026,MG,130002548783,TALES MARCELO ALVES,DEPUTADO FEDERAL,PODE,1,0,0,0,0,0,0,False
2026,MG,130002548784,RICARDO DE JESUS BATISTA,DEPUTADO FEDERAL,PODE,1,0,0,0,0,0,0,False
2026,MG,130002548785,SHEILA SIMAO DE SOUZA CRUZ,DEPUTADO FEDERAL,PODE,1,1,0,0,0,0,0,False
2026,MG,130002548786,PEDRO HENRIQUE VELOSO CUNHA,DEPUTADO FEDERAL,PODE,1,0,0,0,0,0,0,False
2026,MG,130002548787,WANDERSON MATOZINHO DE SOUZA,DEPUTADO FEDERAL,PODE,1,1,0,0,0,0,0,False
2026,MG,130002548788,RUBEM RODRIGUES DE OLIVEIRA JUNIOR,DEPUTADO FEDERAL,PODE,1,0,0,0,0,0,0,False
2026,MG,130002548789,WEDERSON RODRIGUES,DEPUTADO FEDERAL,PODE,1,0,0,0,0,0,0,False
2026,MG,130002548790,MARIA DE FATIMA DE JESUS,DEPUTADO FEDERAL,PODE,3,0,0,0,0,0,0,False
2026,MG,130002548791,CLAUDIO ANTONIO DE SOUZA,DEPUTADO FEDERAL,PODE,1,0,0,0,0,0,0,False
2026,MG,130002548793,MARIA APARECIDA SIQUEIRA,DEPUTADO FEDERAL,PODE,4,1,0,0,0,0,0,False
2026,MG,130002548796,FRANCO CARTAFINA GOMES,DEPUTADO FEDERAL,PODE,2,0,0,0,0,0,0,False
2026,MG,130002548797,RONALDO CESAR VILELA TANNUS,DEPUTADO FEDERAL,PODE,1,0,0,0,0,0,0,False
2026,MG,130002548799,JUAREZ CARVALHO DE OLIVEIRA,DEPUTADO FEDERAL,PODE,1,0,0,0,0,0,0,False
2026,MG,130002548800,CIRES BREIDE DE MELO MARTINS,DEPUTADO FEDERAL,PODE,1,0,0,0,0,0,0,False
2026,MG,130002548802,WESLEY MOREIRA DE PINHO,DEPUTADO FEDERAL,PODE,1,0,0,0,0,0,0,False
2026,MG,130002548804,RAFAEL DE FREITAS FARIA,DEPUTADO FEDERAL,PODE,2,0,0,0,0,0,0,False
2026,MG,130002548806,LUIS AUGUSTO MENDES MACHADO DE SOUZA,DEPUTADO FEDERAL,PODE,5,1,0,0,0,0,0,False
2026,MG,130002548808,DARLING CARDOSO FERREIRA,DEPUTADO FEDERAL,PODE,1,0,0,0,0,0,0,False
2026,MG,130002548809,YERKIS CUNHA DE SOUZA,DEPUTADO FEDERAL,PODE,1,0,0,0,0,0,0,False
2026,MG,130002548813,FANNY FERREIRA MELO,DEPUTADO FEDERAL,PODE,1,0,0,0,0,0,0,False
2026,MG,130002548815,MARILDA RAFAEL DA SILVA CORDEIRO,DEPUTADO FEDERAL,PODE,1,0,0,0,0,0,0,False
2026,MG,130002548816,RENATA DO COUTO ROSA RIBEIRO,DEPUTADO FEDERAL,PODE,1,0,0,0,0,0,0,False
2026,MG,130002548817,SERGIO SILVEIRA SOARES,DEPUTADO FEDERAL,PODE,2,1,0,0,0,0,0,False
2026,MG,130002548818,MARIA TEREZINHA GRACIANO DA SILVA,DEPUTADO FEDERAL,PODE,1,0,0,0,0,0,0,False
2026,MG,130002548819,ALBERTO VENEROSO FERREIRA,DEPUTADO FEDERAL,PODE,5,0,0,0,0,0,0,False
2026,MG,130002548822,CARLOS EDUARDO SAMPAIO FONSECA,DEPUTADO FEDERAL,PODE,2,0,0,0,0,0,0,False
2026,MG,130002548823,GISLENE DA CONSOLACAO GOMES,DEPUTADO FEDERAL,PODE,1,0,0,0,0,0,0,False
2026,MG,130002548825,TAÍRIS MARIA FERREIRA,DEPUTADO FEDERAL,PODE,1,1,0,0,0,0,0,False
2026,MG,130002549557,GABRIEL SOUSA MARQUES DE AZEVEDO,GOVERNADOR,MDB,2,0,0,0,0,0,0,False
2026,MG,130002549558,MARIA HELENA DE QUADROS LOPES,VICE-GOVERNADOR,MDB,2,0,0,0,0,0,0,False
2026,MG,130002549938,RAUL JOSÉ DE BELEM,DEPUTADO ESTADUAL,PSD,1,1,0,0,0,0,0,False
2026,MG,130002549940,GUSTAVO DA CUNHA PEREIRA VALADARES,DEPUTADO ESTADUAL,PSD,1,0,0,0,0,0,0,False
2026,MG,130002549945,VERA LUCIA RODRIGUES BIAGGINI,DEPUTADO ESTADUAL,PSD,1,0,0,0,0,0,0,False
2026,MG,130002549946,EDIRLANE APARECIDA DOS REIS MOREIRA,DEPUTADO ESTADUAL,PSD,2,0,0,0,0,0,0,False
2026,MG,130002549947,LEANDRO ANDRADE GENARO OLIVEIRA,DEPUTADO ESTADUAL,PSD,1,0,0,0,0,0,0,False
2026,MG,130002549948,CHRISTIANO AUGUSTO XAVIER FERREIRA,DEPUTADO ESTADUAL,PSD,3,3,0,2,2,0,0,True
2026,MG,130002549954,ENES CANDIDO DAMACENA JUNIOR,DEPUTADO ESTADUAL,PSD,1,0,0,0,0,0,0,False
2026,MG,130002549956,DARCI DAS MERCES LEAL,DEPUTADO ESTADUAL,PSD,1,0,0,0,0,0,0,False
2026,MG,130002549959,JOÃO LÚCIO MAGALHÃES BIFANO,DEPUTADO ESTADUAL,PSD,7,2,0,1,1,0,0,True
2026,MG,130002549961,DIEGO RODRIGO DE OLIVEIRA,DEPUTADO ESTADUAL,PSD,1,1,0,1,1,0,0,True
2026,MG,130002549962,IGOR PRADO TAVARES,DEPUTADO ESTADUAL,PSD,1,1,0,0,0,0,0,False
2026,MG,130002549965,ANA BEATRIZ DE ANDRADE LAZARO,DEPUTADO ESTADUAL,PSD,1,0,0,0,0,0,0,False
2026,MG,130002550136,APARECIDA MOREIRA DE OLIVEIRA PAIVA,DEPUTADO ESTADUAL,MDB,2,0,0,0,0,0,0,False
2026,MG,130002550174,CHARLES CORREA DRUMOND,DEPUTADO FEDERAL,SOLIDARIEDADE,5,0,0,0,0,0,0,False
2026,MG,130002550178,RAIMUNDO NONATO DA SILVA,DEPUTADO ESTADUAL,SOLIDARIEDADE,5,3,0,0,0,0,0,False
2026,MG,130002550465,JARBAS SOARES JUNIOR,VICE-GOVERNADOR,PSB,3,3,0,0,0,0,0,False
2026,MG,130002550558,LAERCIO CINTRA NOGUEIRA,2º SUPLENTE,PSB,1,0,0,0,0,0,0,False
2026,MG,130002551253,JOAO AGRIPINO DA SILVA,DEPUTADO FEDERAL,DC,5,3,0,0,0,0,0,False
2026,MG,130002551254,LUCIANO GERALDO DO NASCIMENTO,DEPUTADO FEDERAL,DC,3,2,0,0,0,0,0,False
2026,MG,130002551255,MAURO CESAR DE RESENDE,DEPUTADO FEDERAL,DC,4,2,0,0,0,0,0,False
2026,MG,130002551257,SANDRA LUIZA ALVES GODOY MALASPINA,DEPUTADO FEDERAL,DC,3,1,0,0,0,0,0,False
2026,MG,130002551258,VALDIVINO RITA DA SILVA,DEPUTADO FEDERAL,DC,2,1,0,0,0,0,0,False
2026,MG,130002551259,MARIA DAS GRACAS SOUZA DA SILVA,DEPUTADO FEDERAL,DC,2,0,0,0,0,0,0,False
2026,MG,130002551260,RICARDO EDUARDO GOMES,DEPUTADO FEDERAL,DC,3,1,0,0,0,0,0,False
2026,MG,130002551261,CLAUDIO CORDEIRO,DEPUTADO FEDERAL,DC,4,0,0,0,0,0,0,False
2026,MG,130002551262,DENISE APARECIDA DO NASCIMENTO SILVA,DEPUTADO FEDERAL,DC,3,0,0,0,0,0,0,False
2026,MG,130002551263,EMILIO PAULO SALMEN VALE,DEPUTADO FEDERAL,DC,2,1,0,0,0,0,0,False
2026,MG,130002551265,RAMON MOREIRA,SENADOR,DC,1,0,0,0,0,0,0,False
2026,MG,130002551745,PEDRO HENRIQUE DE MOURA SILVA,DEPUTADO ESTADUAL,AGIR,1,0,0,0,0,0,0,False
2026,MG,130002551793,MARIANA BENEDITA SOUZA COSTA,DEPUTADO ESTADUAL,REDE,2,0,0,0,0,0,0,False
2026,MG,130002551915,EDVANIA DE LIMA FRANCA,DEPUTADO ESTADUAL,AVANTE,1,0,0,0,0,0,0,False
2026,MG,130002552406,ANA CLEYDE MOREIRA,DEPUTADO ESTADUAL,MOBILIZA,1,1,0,0,0,0,0,False
2026,MG,130002552410,KAIO AUGUSTO HONÓRIO ALVES GUIMARÃES,DEPUTADO ESTADUAL,MOBILIZA,2,0,0,0,0,0,0,False
2026,MG,130002552411,ANÍCIO VIEIRA TANNÚS NETO,DEPUTADO ESTADUAL,MOBILIZA,1,1,0,0,0,0,0,False
2026,MG,130002552424,GLEICE KELLY DA SILVA OLIVEIRA,DEPUTADO ESTADUAL,MOBILIZA,1,0,0,0,0,0,0,False
2026,MG,130002552425,GUSTAVO DAMASIO DA SILVA PEREIRA,DEPUTADO ESTADUAL,MOBILIZA,1,0,0,0,0,0,0,False
2026,MG,130002552428,KELE CRISTINA BATISTA PEREIRA,DEPUTADO ESTADUAL,MOBILIZA,1,0,0,0,0,0,0,False
2026,MG,130002552434,MARCIO BARBOSA RIBEIRO,DEPUTADO ESTADUAL,MOBILIZA,2,0,0,0,0,0,0,False
2026,MG,130002552454,MARIA JUNIA PEREIRA SOBRINHO,DEPUTADO ESTADUAL,MOBILIZA,1,1,0,0,0,0,0,False
2026,MG,130002552462,ANTONIO RAIMUNDO ROCHA,DEPUTADO ESTADUAL,MOBILIZA,1,0,0,0,0,0,0,False
2026,MG,130002553023,APARECIDO CANDIDO DE ANDRADE,DEPUTADO ESTADUAL,MOBILIZA,1,0,0,0,0,0,0,False
2026,MG,130002553033,LEANDRO HENRIQUE BATISTA ALMEIDA,DEPUTADO FEDERAL,MOBILIZA,1,1,0,0,0,0,0,False
2026,MG,130002553041,VALTAIR CORREA,DEPUTADO FEDERAL,MOBILIZA,1,0,0,0,0,0,0,False
2026,MG,130002553049,MARIO JUSTINO DA SILVA,DEPUTADO FEDERAL,MOBILIZA,1,0,0,0,0,0,0,False
2026,MG,130002553353,JOSE DE FREITAS CORDEIRO,1º SUPLENTE,PSDB,1,1,0,0,0,0,0,False
2026,MG,130002553608,RODRIGO ALVES MENESES,DEPUTADO FEDERAL,MDB,3,0,0,0,0,0,0,False
2026,MG,130002553614,OLIVIA FIRMIANO DE SOUSA,DEPUTADO ESTADUAL,PSD,2,0,0,0,0,0,0,False
2026,MG,130002553632,JAQUELINE CREDITO SENA DA SILVA,DEPUTADO FEDERAL,PSD,1,0,0,0,0,0,0,False
2026,MS,120002532256,KAELLY VIRGINIA DE OLIVEIRA SARAIVA,VICE-GOVERNADOR,PSOL,1,0,0,0,0,0,0,False
2026,MS,120002532708,JOSE RINALDO DOS SANTOS,DEPUTADO ESTADUAL,PSOL,1,0,0,0,0,0,0,False
2026,MS,120002532710,LAHUANNY DE OLIVEIRA VENANCIO,DEPUTADO FEDERAL,PSOL,1,0,0,0,0,0,0,False
2026,MS,120002532713,FABIO OLIVEIRA RODRIGUES,DEPUTADO FEDERAL,PSOL,6,0,0,0,0,0,0,False
2026,MS,120002532721,JONAS CARLOS DA CONCEICAO,SENADOR,PSOL,1,1,0,0,0,0,0,False
2026,MS,120002535257,CARLOS SANCHES ROLEDO,DEPUTADO FEDERAL,PSDB,3,0,0,0,0,0,0,False
2026,MS,120002535259,VICTOR ROCHA PIRES DE OLIVEIRA,DEPUTADO FEDERAL,PSDB,3,1,0,0,0,0,0,False
2026,MS,120002535261,DANIEL VALDEZ GODOY,DEPUTADO FEDERAL,PSDB,3,1,0,0,0,0,0,False
2026,MS,120002535262,SIRLENE DOS SANTOS PEREIRA,DEPUTADO FEDERAL,PSDB,2,1,0,0,0,0,0,False
2026,MS,120002535263,JUARI LOPES PINTO,DEPUTADO FEDERAL,PSDB,2,1,0,0,0,0,0,False
2026,MS,120002535264,RICARDO FAVARO JUNIOR,DEPUTADO FEDERAL,PSDB,2,1,0,0,0,0,0,False
2026,MS,120002535265,VIVIANE LUIZA DA SILVA,DEPUTADO FEDERAL,PSDB,2,0,0,0,0,0,0,False
2026,MS,120002535513,JOSE WILSON DA SILVA,DEPUTADO ESTADUAL,PSDB,3,1,0,0,0,0,0,False
2026,MS,120002535514,ROTTERDAM PEREIRA GUIMARAES,DEPUTADO ESTADUAL,PSDB,2,1,0,0,0,0,0,False
2026,MS,120002535515,JANETE MORAES OBAL CÓRDOBA,DEPUTADO ESTADUAL,PSDB,2,0,0,0,0,0,0,False
2026,MS,120002535516,FLAVIO PEREIRA MOURA,DEPUTADO ESTADUAL,PSDB,2,2,0,0,0,0,0,False
2026,MS,120002535517,LAURA CRISTINA GARCIA BRITO,DEPUTADO ESTADUAL,PSDB,2,2,0,0,0,0,0,False
2026,MS,120002535518,EDSON RODRIGUES NOGUEIRA,DEPUTADO ESTADUAL,PSDB,2,0,0,0,0,0,0,False
2026,MS,120002535519,SILVIO EDUARDO ALVES PENA,DEPUTADO ESTADUAL,PSDB,3,1,0,0,0,0,0,False
2026,MS,120002535520,PAULO ROBERTO DUARTE,DEPUTADO ESTADUAL,PSDB,2,0,0,0,0,0,0,False
2026,MS,120002535522,ANTONIO MARQUES DE OLIVEIRA,DEPUTADO ESTADUAL,PSDB,2,0,0,0,0,0,0,False
2026,MS,120002535523,DHEINE FERREIRA MARTINS ARRUDA,DEPUTADO ESTADUAL,CIDADANIA,2,1,0,0,0,0,0,False
2026,MS,120002535524,MARIA IMACULADA NOGUEIRA,DEPUTADO ESTADUAL,PSDB,2,0,0,0,0,0,0,False
2026,MS,120002535525,JOSE JACINTO DE LUNA NETO,DEPUTADO ESTADUAL,PSDB,2,1,0,0,0,0,0,False
2026,MS,120002535526,IZAIAS DIAS DA ROCHA,DEPUTADO ESTADUAL,PSDB,2,0,0,0,0,0,0,False
2026,MS,120002535527,ANDRÉA FERNANDES FIM MORAIS,DEPUTADO ESTADUAL,PSDB,2,1,0,0,0,0,0,False
2026,MS,120002535528,JULIA MONTEIRO CAMPOS,DEPUTADO ESTADUAL,PSDB,2,0,0,0,0,0,0,False
2026,MS,120002535529,ADONIS MARCOS DE SOUZA,DEPUTADO ESTADUAL,CIDADANIA,2,2,0,0,0,0,0,False
2026,MS,120002535530,ALBI DE URRUTIA ABDALLA,DEPUTADO ESTADUAL,PSDB,2,1,0,0,0,0,0,False
2026,MS,120002535531,ANGELO CHAVES GUERREIRO,DEPUTADO ESTADUAL,PSDB,5,2,0,0,0,0,0,False
2026,MS,120002535533,POLIANA FERRO,DEPUTADO ESTADUAL,PSDB,2,0,0,0,0,0,0,False
2026,MS,120002535534,WAGNER DE SOUZA PEREIRA,DEPUTADO ESTADUAL,PSDB,2,2,0,0,0,0,0,False
2026,MS,120002535535,NELSON JOSE DOS SANTOS,DEPUTADO ESTADUAL,PSDB,2,0,0,0,0,0,0,False
2026,MS,120002535536,JOAO EDUARDO BARBOSA ROCHA,DEPUTADO ESTADUAL,PSDB,2,1,0,0,0,0,0,False
2026,MS,120002535765,NELSON TRAD FILHO,1º SUPLENTE,PSD,1,1,0,0,0,0,0,False
2026,MS,120002536071,ERNANY ANDRADE MACHADO,DEPUTADO ESTADUAL,PL,4,0,0,0,0,0,0,False
2026,MS,120002536076,ANA CRISTINA ABDO FERREIRA,DEPUTADO ESTADUAL,PL,1,1,0,0,0,0,0,False
2026,MS,120002536280,ANDRE DE ARRUDA CAMPOS,DEPUTADO FEDERAL,PL,1,0,0,0,0,0,0,False
2026,MS,120002536281,RODOLFO OLIVEIRA NOGUEIRA,DEPUTADO FEDERAL,PL,2,0,0,0,0,0,0,False
2026,MS,120002536282,MARCOS SBOROWSKI POLLON,DEPUTADO FEDERAL,PL,1,1,0,0,0,0,0,False
2026,MS,120002536283,CASSIANE VIEIRA DOS SANTOS,DEPUTADO FEDERAL,PL,1,0,0,0,0,0,0,False
2026,MS,120002536284,ANGELO ANTONIO MARCON,DEPUTADO FEDERAL,PL,1,0,0,0,0,0,0,False
2026,MS,120002536285,EDSON GIROTO,DEPUTADO FEDERAL,PL,1,0,0,0,0,0,0,False
2026,MS,120002536287,LUANA RUIZ SILVA,DEPUTADO FEDERAL,PL,1,0,0,0,0,0,0,False
2026,MS,120002536288,APARECIDO ANDRADE PORTELA,DEPUTADO FEDERAL,PL,1,0,0,0,0,0,0,False
2026,MS,120002537362,JOSÉ CLARO DOS SANTOS NETO,DEPUTADO FEDERAL,REPUBLICANOS,1,0,0,0,0,0,0,False
2026,MS,120002537501,CYNTHIA RIBEIRO PEREIRA,DEPUTADO ESTADUAL,REPUBLICANOS,2,1,0,0,0,0,0,False
2026,MS,120002537505,PEDRO PEDROSSIAN NETO,DEPUTADO ESTADUAL,REPUBLICANOS,2,0,0,0,0,0,0,False
2026,MS,120002538785,KELIANA FERNANDES MANGUEIRAS,DEPUTADO FEDERAL,PP,2,2,0,1,1,0,0,True
2026,MS,120002538947,ARIANE CRISTINA PEREIRA TAVARES DA SILVA,DEPUTADO FEDERAL,MDB,2,1,0,0,0,0,0,False
2026,MS,120002539707,ANA PAULA CORREIA DA SILVA BACELAR,DEPUTADO ESTADUAL,PP,2,1,0,0,0,0,0,False
2026,MS,120002544704,ADILSON GONCALVES DE OLIVEIRA,DEPUTADO ESTADUAL,MDB,1,0,0,0,0,0,0,False
2026,MS,120002544711,GIANE MARTINS TALGATTI,DEPUTADO ESTADUAL,MDB,1,0,0,0,0,0,0,False
2026,MS,120002544956,MATEUS SOARES DOS SANTOS DE QUADROS,DEPUTADO FEDERAL,MISSÃO,2,0,0,0,0,0,0,False
2026,MS,120002544962,GUERINO FERREIRA RIBOLIS,DEPUTADO ESTADUAL,NOVO,2,1,0,0,0,0,0,False
2026,MS,120002544963,CHRISTIANO MENDES CARVALHO,DEPUTADO ESTADUAL,NOVO,1,0,0,0,0,0,0,False
2026,MS,120002544970,RICHARD GONÇALVES DOMINGOS DA SILVA,DEPUTADO ESTADUAL,NOVO,2,1,0,0,0,0,0,False
2026,MS,120002544971,DIEGO FERNANDES CARVALHO,DEPUTADO ESTADUAL,NOVO,3,1,0,0,0,0,0,False
2026,MS,120002544973,MARCOS ALVES GUIMARÃES,DEPUTADO ESTADUAL,NOVO,3,1,0,0,0,0,0,False
2026,MS,120002545240,JEDER FABIANO DA SILVA BRUNO,DEPUTADO FEDERAL,NOVO,1,0,0,0,0,0,0,False
2026,MS,120002547048,LUCAS GABRIEL DE SOUSA QUEIROZ BATISTA,DEPUTADO ESTADUAL,PT,1,1,0,0,0,0,0,False
2026,MS,120002547052,WEBERGTON SUDARIO DA SILVA,DEPUTADO ESTADUAL,PT,1,1,0,1,1,0,0,True
2026,MS,120002547436,MARIA APARECIDA DIOGO,1º SUPLENTE,PT,3,1,0,0,0,0,0,False
2026,MS,120002549685,ADAUTO ALVES SOUTO,DEPUTADO FEDERAL,PDT,1,0,0,0,0,0,0,False
2026,MS,120002550198,JEFERSON JOSE BEZERRA,GOVERNADOR,AGIR,1,1,0,1,2,0,0,True
2026,MS,120002551716,NATÁLIA SILVA FERREIRA,DEPUTADO ESTADUAL,PDT,1,1,0,0,0,0,0,False
2026,MS,120002552115,ROBERTO TARASHIGUE OSHIRO JUNIOR,SENADOR,NOVO,1,1,0,0,0,0,0,False
2026,MS,120002552116,ITALIVIO COELHO NETO,2º SUPLENTE,NOVO,1,1,0,0,0,0,0,False
2026,MS,120002552683,JOSIEL LOPES,DEPUTADO ESTADUAL,PCO,1,1,0,1,1,0,0,True
2026,MS,120002552686,JORGE BATISTA DA SILVA,DEPUTADO ESTADUAL,PCO,2,1,0,0,0,0,0,False
2026,MS,120002552688,RAMÃO ALMIRÃO LOPES DA SILVA,DEPUTADO FEDERAL,PCO,1,1,0,1,1,0,0,True
2026,MS,120002552950,RAPHAEL PEREZ SCAPULATEMPO FILHO,DEPUTADO FEDERAL,DC,2,0,0,0,0,0,0,False
2026,MS,120002553013,VALDIR DA SILVA ALVES,DEPUTADO ESTADUAL,DC,4,2,0,0,0,0,0,False
2026,MS,120002553016,MARIA FERREIRA DOS SANTOS,DEPUTADO ESTADUAL,DC,2,1,0,0,0,0,0,False
2026,MS,120002553017,GERALDO LUIZ ALEXANDRE DA SILVA,DEPUTADO ESTADUAL,DC,2,2,0,0,0,0,0,False
2026,MS,120002553019,FERNANDO TEIXEIRA CARDOSO,DEPUTADO ESTADUAL,DC,2,1,0,0,0,0,0,False
2026,MS,120002553020,GLEOMAR HAGAMENON MACHADO DE ALMEIDA,DEPUTADO ESTADUAL,DC,2,1,0,0,0,0,0,False
2026,MS,120002553021,RAFAEL DA SILVA JORGE,DEPUTADO ESTADUAL,DC,2,0,0,0,0,0,0,False
2026,MS,120002553244,FLAVIA ARGEMIRO DE ALMEIDA E SILVA,DEPUTADO ESTADUAL,DC,1,1,0,0,0,0,0,False
2026,MT,110002539005,ALCINO PEREIRA BARCELOS,DEPUTADO ESTADUAL,PL,1,1,0,0,0,0,0,False
2026,MT,110002539008,GILMAR MIRANDA DE ALMEIDA,DEPUTADO ESTADUAL,PL,1,1,0,0,0,0,0,False
2026,MT,110002539237,FAISSAL JORGE CALIL FILHO,DEPUTADO ESTADUAL,PL,2,0,0,0,0,0,0,False
2026,MT,110002539241,GILBERTO SCHWARZ DE MELLO,DEPUTADO FEDERAL,PL,1,1,0,1,3,0,0,True
2026,MT,110002540128,CESAR AUGUSTO DE CAMARGO ROVERI,DEPUTADO FEDERAL,PODE,1,1,0,1,1,0,0,True
2026,MT,110002540131,NERI GELLER,DEPUTADO FEDERAL,PODE,1,0,0,0,0,0,0,False
2026,MT,110002540405,SAULO BREDA GUIZELINI,2º SUPLENTE,AVANTE,1,0,0,0,0,0,0,False
2026,MT,110002541754,HUGO HENRIQUE GARCIA,DEPUTADO ESTADUAL,PSDB,1,1,0,0,0,0,0,False
2026,MT,110002541755,EDIANA FERREIRA DE CAMPOS,DEPUTADO ESTADUAL,PSDB,1,0,0,0,0,0,0,False
2026,MT,110002541763,FRANCISCO GUARNIERI DE LIMA,DEPUTADO ESTADUAL,PSDB,2,1,0,1,2,0,0,True
2026,MT,110002541764,MARCOS VINICIUS BORGES,DEPUTADO ESTADUAL,PSDB,1,1,0,1,1,0,0,True
2026,MT,110002541775,VALCIMAR JOSE FUZINATO,DEPUTADO ESTADUAL,PSDB,1,0,0,0,0,0,0,False
2026,MT,110002541778,ERASMO CARLOS DA COSTA,DEPUTADO FEDERAL,PSDB,1,0,0,0,0,0,0,False
2026,MT,110002542602,NOEL INACIO DA SILVA,DEPUTADO FEDERAL,PCDOB,3,2,0,0,0,0,0,False
2026,MT,110002542608,ALTIR ANTONIO PERUZZO,DEPUTADO FEDERAL,PT,1,0,0,0,0,0,0,False
2026,MT,110002542629,MERALDO FIGUEIREDO SÁ,DEPUTADO ESTADUAL,PODE,1,1,0,1,1,0,0,True
2026,MT,110002542646,ADELCINO FRANCISCO LOPO,DEPUTADO ESTADUAL,PODE,5,1,0,0,0,0,0,False
2026,MT,110002543194,EMIDIO ANTONIO DE SOUZA,DEPUTADO ESTADUAL,PT,2,0,0,0,0,0,0,False
2026,MT,110002543196,ELIANE RODRIGUES DE LIMA,DEPUTADO ESTADUAL,PT,1,0,0,0,0,0,0,False
2026,MT,110002543200,CARLOS WAGNER RIBEIRO,DEPUTADO ESTADUAL,PV,1,0,0,0,0,0,0,False
2026,MT,110002543202,JOSUE ALVES NASCIMENTO,DEPUTADO ESTADUAL,PCDOB,3,1,0,1,1,0,0,True
2026,MT,110002543208,VALDIR MENDES BARRANCO,DEPUTADO ESTADUAL,PT,2,0,0,0,0,0,0,False
2026,MT,110002543922,CAIO CÉZAR CORDEIRO DE ALMEIDA,DEPUTADO FEDERAL,NOVO,2,0,0,0,0,0,0,False
2026,MT,110002543928,CALITON ARAUJO DE OLIVEIRA,DEPUTADO ESTADUAL,NOVO,1,0,0,0,0,0,0,False
2026,MT,110002543929,RAIMUNDO HEDVALDO COSTA,DEPUTADO ESTADUAL,NOVO,2,0,0,0,0,0,0,False
2026,MT,110002543937,FLAVIANE RAMALHO DE OLIVEIRA,DEPUTADO ESTADUAL,NOVO,2,0,0,0,0,0,0,False
2026,MT,110002543944,ELIZEU FRANCISCO DO NASCIMENTO,DEPUTADO ESTADUAL,NOVO,1,0,0,0,0,0,0,False
2026,MT,110002543953,RAFAELL MILAS DE OLIVEIRA,GOVERNADOR,MISSÃO,1,1,0,1,1,0,0,True
2026,MT,110002543955,MURILO VIEIRA MARTINS,DEPUTADO FEDERAL,MISSÃO,4,1,0,0,0,0,0,False
2026,MT,110002547779,JOILDO NERY BUENO FILHO,DEPUTADO FEDERAL,SOLIDARIEDADE,1,0,0,0,0,0,0,False
2026,MT,110002547796,PAULO ALVES PALHANO,DEPUTADO ESTADUAL,REPUBLICANOS,1,1,0,1,1,0,0,True
2026,MT,110002547808,VALMIR LUIZ MORETTO,DEPUTADO ESTADUAL,REPUBLICANOS,3,1,0,0,0,0,0,False
2026,MT,110002548035,VALTENIR LUIZ PEREIRA,DEPUTADO FEDERAL,PSD,3,0,0,0,0,0,0,False
2026,MT,110002548036,MAURO CESAR LARA DE BARROS,DEPUTADO FEDERAL,PSD,1,0,0,0,0,0,0,False
2026,MT,110002548040,ANA FLAVIA RODRIGUES RAMIRO,DEPUTADO FEDERAL,PSD,4,0,0,0,0,0,0,False
2026,MT,110002548041,EMANUEL PINHEIRO DA SILVA PRIMO TEIXEIRA,DEPUTADO FEDERAL,PSD,7,2,0,1,1,0,0,True
2026,MT,110002548593,JOSE ROBERTO DE FREITAS CAVALCANTE,DEPUTADO FEDERAL,PSOL,4,0,0,0,0,0,0,False
2026,MT,110002548596,KHAUANNY GARCIA RODRIGUES DE MOURA,DEPUTADO FEDERAL,PSOL,2,0,0,0,0,0,0,False
2026,MT,110002548606,JANAINA LIMA DOS SANTOS,DEPUTADO ESTADUAL,PSOL,3,0,0,0,0,0,0,False
2026,MT,110002548607,ANDREA JENEFFER DE CAMPOS OLIVEIRA,DEPUTADO ESTADUAL,PSOL,2,0,0,0,0,0,0,False
2026,MT,110002548610,CARLOS HENRIQUE DA SILVA,DEPUTADO ESTADUAL,PSOL,2,0,0,0,0,0,0,False
2026,MT,110002548614,EDILENE CANDIDA RIBEIRO,DEPUTADO ESTADUAL,REDE,1,1,0,0,0,0,0,False
2026,MT,110002548616,ALEX SANDRE BEZERRA LEITE,DEPUTADO ESTADUAL,PSOL,2,0,0,0,0,0,0,False
2026,MT,110002548620,ANTONIO DE PADUA SILVA,DEPUTADO ESTADUAL,REDE,4,1,0,0,0,0,0,False
2026,MT,110002549182,EDUARDO VICTOR MAGALHÃES,DEPUTADO FEDERAL,REPUBLICANOS,4,1,0,0,0,0,0,False
2026,MT,110002549183,LEONARDO RIBEIRO ALBUQUERQUE,DEPUTADO FEDERAL,REPUBLICANOS,1,1,0,1,1,0,0,True
2026,MT,110002549188,JULIANA ROSA DE SOUZA KOLANKIEWICZ,DEPUTADO FEDERAL,REPUBLICANOS,1,0,0,0,0,0,0,False
2026,MT,110002549723,IVO GREGORIO DE CAMPOS,DEPUTADO ESTADUAL,PSD,4,0,0,0,0,0,0,False
2026,MT,110002549726,RENIVALDO ALVES DO NASCIMENTO,DEPUTADO ESTADUAL,PSD,4,1,0,0,0,0,0,False
2026,MT,110002549727,LEIVA MARIA LOPES,DEPUTADO ESTADUAL,PSD,4,1,0,0,0,0,0,False
2026,MT,110002549732,KLEBER JULIO AMORIM DA SILVA,DEPUTADO ESTADUAL,PSD,2,0,0,0,0,0,0,False
2026,MT,110002549738,VALTER KUHN,DEPUTADO ESTADUAL,PSD,4,0,0,0,0,0,0,False
2026,MT,110002549740,MABEL DE FATIMA MELANEZI ALMICI,DEPUTADO ESTADUAL,PSD,4,0,0,0,0,0,0,False
2026,MT,110002549921,NEVITON MARTINS DE QUEIROZ,DEPUTADO FEDERAL,AVANTE,1,0,0,0,0,0,0,False
2026,MT,110002549929,LUIS PEREIRA COSTA,DEPUTADO FEDERAL,AVANTE,2,2,0,2,1,0,0,True
2026,MT,110002550702,ANTONIO CARLOS DA SILVA BARROS,DEPUTADO ESTADUAL,UNIÃO,1,0,0,0,0,0,0,False
2026,MT,110002550704,SEBASTIAO MACHADO REZENDE,DEPUTADO ESTADUAL,UNIÃO,1,1,0,0,0,0,0,False
2026,MT,110002551936,WILER ALVES VITORIO,DEPUTADO FEDERAL,AGIR,2,1,0,1,2,0,0,True
2026,MT,110002551938,JEFFERSON HENRIQUE RIBEIRO DE OLIVEIRA,DEPUTADO FEDERAL,AGIR,3,1,0,0,0,0,0,False
2026,MT,110002551940,IRENE NOGUEIRA LOPES,DEPUTADO FEDERAL,AGIR,2,0,0,0,0,0,0,False
2026,MT,110002552069,MARCELO SANTANA,DEPUTADO ESTADUAL,PL,2,2,0,2,1,0,0,True
2026,MT,110002552091,JECIMAR FERREIRA LINS,DEPUTADO FEDERAL,DC,2,0,0,0,0,0,0,False
2026,MT,110002553057,WAGNER MARQUES PEREIRA MALHEIROS,VICE-GOVERNADOR,MOBILIZA,2,0,0,0,0,0,0,False
2026,MT,110002553058,MAURICIO COELHO DE SOUZA JUNIOR,GOVERNADOR,MOBILIZA,2,0,0,0,0,0,0,False
2026,MT,110002553685,OSVALDINO MARTINS SIQUEIRA,DEPUTADO ESTADUAL,AGIR,1,0,0,0,0,0,0,False
2026,MT,110002553691,MARIZETE DE SOUZA ARRUDA,DEPUTADO ESTADUAL,AGIR,2,1,0,0,0,0,0,False
2026,MT,110002553694,MARILDE MARIA DA SILVA,DEPUTADO ESTADUAL,AGIR,2,0,0,0,0,0,0,False
2026,MT,110002553695,MARCO ANTONIO SOUZA E SILVA,DEPUTADO ESTADUAL,AGIR,1,0,0,0,0,0,0,False
2026,MT,110002553697,ELIETE DA SILVA LEITE ASSUNÇÃO,DEPUTADO ESTADUAL,AGIR,2,0,0,0,0,0,0,False
2026,MT,110002553698,REGINA MARCIA MONTEIRO,DEPUTADO ESTADUAL,AGIR,3,1,0,0,0,0,0,False
2026,PA,140002531058,VALGEANE MORENO DE SOUSA,DEPUTADO FEDERAL,DC,1,0,0,0,0,0,0,False
2026,PA,140002532259,ADRIAN VITÓRIA DE OLIVEIRA COUTINHO,DEPUTADO FEDERAL,MISSÃO,2,0,0,0,0,0,0,False
2026,PA,140002532260,THIAGO ANDRÉ SANTOS RODRIGUES DA SILVA,DEPUTADO FEDERAL,MISSÃO,4,1,0,0,0,0,0,False
2026,PA,140002532261,RAFAEL DA SILVA OLIVEIRA,DEPUTADO FEDERAL,MISSÃO,4,1,0,0,0,0,0,False
2026,PA,140002532262,ESTER ESMIRNA DA SILVA BRINGEL PEREIRA,DEPUTADO FEDERAL,MISSÃO,2,1,0,0,0,0,0,False
2026,PA,140002532263,NILMA CRISTINA CAMPELO SANCHES,DEPUTADO FEDERAL,MISSÃO,4,1,0,0,0,0,0,False
2026,PA,140002532264,MARCOS ROCHA DE LIMA,DEPUTADO FEDERAL,MISSÃO,2,0,0,0,0,0,0,False
2026,PA,140002532265,HENRIQUE MANOEL SILVA DA SILVA,DEPUTADO FEDERAL,MISSÃO,2,2,0,0,0,0,0,False
2026,PA,140002532267,GABRIELLE SILVA LACERDA,DEPUTADO FEDERAL,MISSÃO,2,0,0,0,0,0,0,False
2026,PA,140002532268,JOHN ROBERT NERES DA SILVA,DEPUTADO FEDERAL,MISSÃO,4,1,0,0,0,0,0,False
2026,PA,140002536778,ODIMAR WANDERLEY SALOMAO,DEPUTADO ESTADUAL,REPUBLICANOS,1,0,0,0,0,0,0,False
2026,PA,140002536780,MACLEAM CASTRO DE ARAGAO,DEPUTADO ESTADUAL,REPUBLICANOS,1,0,0,0,0,0,0,False
2026,PA,140002536797,JEFFERSON PINTO BOTELHO,DEPUTADO ESTADUAL,REPUBLICANOS,2,0,0,0,0,0,0,False
2026,PA,140002536862,SILAS OLIVEIRA DA SILVA,DEPUTADO ESTADUAL,PSD,2,0,0,0,0,0,0,False
2026,PA,140002536869,GUSTAVO BEMERGUY SEFER,DEPUTADO ESTADUAL,PSD,2,0,0,0,0,0,0,False
2026,PA,140002536870,GILMAR NASCIMENTO DE MORAES,DEPUTADO ESTADUAL,PSD,2,0,0,0,0,0,0,False
2026,PA,140002536872,JOSE EDUARDO PEREIRA DA COSTA,DEPUTADO ESTADUAL,PSD,2,0,0,0,0,0,0,False
2026,PA,140002536874,ASSIMA DO SOCORRO FEIO DE AVELAR,DEPUTADO ESTADUAL,PSD,1,0,0,0,0,0,0,False
2026,PA,140002538404,CELSO SABINO DE OLIVEIRA,SENADOR,PDT,1,0,0,0,0,0,0,False
2026,PA,140002538476,CARLOS AUGUSTO ALMEIDA RAMOS,DEPUTADO FEDERAL,PDT,1,0,0,0,0,0,0,False
2026,PA,140002538958,RODRIGO BARBOSA FERREIRA,DEPUTADO FEDERAL,REPUBLICANOS,1,0,0,0,0,0,0,False
2026,PA,140002540454,RENILCE CONCEICAO NICODEMOS DE ALBUQUERQUE,DEPUTADO FEDERAL,MDB,1,1,0,0,0,0,0,False
2026,PA,140002540456,JADER FONTENELLE BARBALHO FILHO,DEPUTADO FEDERAL,MDB,1,0,0,0,0,0,0,False
2026,PA,140002540457,KENISTON DE JESUS REGO BRAGA,DEPUTADO FEDERAL,MDB,1,0,0,0,0,0,0,False
2026,PA,140002540461,CASSIO COELHO ANDRADE,DEPUTADO FEDERAL,MDB,1,0,0,0,0,0,0,False
2026,PA,140002540462,ANTONIO LEOCADIO DOS SANTOS,DEPUTADO FEDERAL,MDB,2,0,0,0,0,0,0,False
2026,PA,140002540465,ARLESON LEMOS CARVALHO DA SILVA,DEPUTADO FEDERAL,UNIÃO,4,0,0,0,0,0,0,False
2026,PA,140002540470,HENDERSON LIRA PINTO,DEPUTADO FEDERAL,UNIÃO,1,0,0,0,0,0,0,False
2026,PA,140002540471,BRUNA MARILU NUNES BATISTA,DEPUTADO FEDERAL,UNIÃO,2,0,0,0,0,0,0,False
2026,PA,140002540477,ANA CAROLINE DA SILVA,DEPUTADO FEDERAL,PP,1,0,0,0,0,0,0,False
2026,PA,140002540620,ELIETH DE FATIMA DA SILVA BRAGA,DEPUTADO FEDERAL,PSB,1,0,0,0,0,0,0,False
2026,PA,140002540621,CARLA DULCIRENE PARENTE NOVAES,DEPUTADO FEDERAL,PSB,1,0,0,0,0,0,0,False
2026,PA,140002540630,AGENOR DE JESUS SIQUEIRA SANTOS,DEPUTADO FEDERAL,PSB,1,0,0,0,0,0,0,False
2026,PA,140002541314,ERLEM CRISTINA DE SOUZA FARIAS,DEPUTADO ESTADUAL,AVANTE,1,0,0,0,0,0,0,False
2026,PA,140002541319,DEBORA CANDIDO DA SILVA,DEPUTADO ESTADUAL,AVANTE,1,0,0,0,0,0,0,False
2026,PA,140002541320,LEILIANI CABRAL CAVALCANTE,DEPUTADO ESTADUAL,AVANTE,1,1,0,0,0,0,0,False
2026,PA,140002541322,MARCO ANTONIO MARINHO DA CUNHA,DEPUTADO ESTADUAL,AVANTE,1,0,0,0,0,0,0,False
2026,PA,140002541325,JOSUE VIEIRA DE ABREU,DEPUTADO ESTADUAL,AVANTE,2,1,0,1,1,0,0,True
2026,PA,140002541327,ADRIENE HAGE PIRES,DEPUTADO ESTADUAL,AVANTE,1,1,0,0,0,0,0,False
2026,PA,140002541330,MARIA DIELLY LIMA SILVA,DEPUTADO ESTADUAL,AVANTE,1,0,0,0,0,0,0,False
2026,PA,140002541334,ANA RUTE DA SILVA,DEPUTADO ESTADUAL,AVANTE,1,0,0,0,0,0,0,False
2026,PA,140002541715,ELCIONE THEREZINHA ZAHLUTH BARBALHO,DEPUTADO ESTADUAL,MDB,1,0,0,0,0,0,0,False
2026,PA,140002541732,RONIE RUFINO DA SILVA,DEPUTADO ESTADUAL,MDB,4,2,0,1,1,0,0,True
2026,PA,140002541735,ERALDO SORGE SEBASTIAO PIMENTA,DEPUTADO ESTADUAL,MDB,2,2,0,2,10,0,0,True
2026,PA,140002542387,MARIA DE FATIMA SANTANA DA SILVA,VICE-GOVERNADOR,PSOL,1,0,0,0,0,0,0,False
2026,PA,140002544237,ANA CRISTINA RODRIGUES E SILVA,DEPUTADO ESTADUAL,PODE,1,0,0,0,0,0,0,False
2026,PA,140002544238,MARIA EDINA SOUSA FREIRE,DEPUTADO ESTADUAL,PODE,1,0,0,0,0,0,0,False
2026,PA,140002544265,ED WELLINGTON DE ALMEIDA PEREIRA,DEPUTADO ESTADUAL,PODE,2,0,0,0,0,0,0,False
2026,PA,140002544299,ALBERTO FERREIRA DE ANDRADE JUNIOR,DEPUTADO ESTADUAL,PSOL,1,0,0,0,0,0,0,False
2026,PA,140002544302,MARINOR JORGE BRITO,DEPUTADO ESTADUAL,PSOL,3,0,0,0,0,0,0,False
2026,PA,140002544304,RAIMUNDO FIGUEIRA GAIA,DEPUTADO ESTADUAL,REDE,2,0,0,0,0,0,0,False
2026,PA,140002544305,JULIO CEZAR TEIXEIRA BORCEM,DEPUTADO ESTADUAL,PSOL,3,0,0,0,0,0,0,False
2026,PA,140002544306,JOSE VITOR RAMOS FERNANDES,DEPUTADO ESTADUAL,REDE,2,2,0,1,1,0,0,True
2026,PA,140002544307,ADRIANA DO SOCORRO ARAUJO DA COSTA,DEPUTADO ESTADUAL,REDE,1,0,0,0,0,0,0,False
2026,PA,140002544310,FERNANDO JOSE RODRIGUES LOBATO,DEPUTADO ESTADUAL,PSOL,5,0,0,0,0,0,0,False
2026,PA,140002544311,FABIO TAVARES DE SOUZA,DEPUTADO ESTADUAL,REDE,1,0,0,0,0,0,0,False
2026,PA,140002544312,VANUZA DA CONCEICAO CARDOSO,DEPUTADO ESTADUAL,REDE,1,0,0,0,0,0,0,False
2026,PA,140002544313,LÍVIA DUARTE PUTY,DEPUTADO ESTADUAL,PSOL,1,0,0,0,0,0,0,False
2026,PA,140002544315,BENEDITO RODRIGUES FERNANDES,DEPUTADO ESTADUAL,REDE,1,0,0,0,0,0,0,False
2026,PA,140002544316,RAILANY DA SILVA ALENCAR,DEPUTADO ESTADUAL,PSOL,1,0,0,0,0,0,0,False
2026,PA,140002546439,CARLOS EDUARDO PEREIRA JARDIM,DEPUTADO ESTADUAL,PDT,1,0,0,0,0,0,0,False
2026,PA,140002546440,MARLENE BANDEIRA CORDOVIL,DEPUTADO ESTADUAL,PDT,3,3,0,3,1,0,0,True
2026,PA,140002546681,JOAO PAULO ALBUQUERQUE COELHO,DEPUTADO ESTADUAL,PDT,2,0,0,0,0,0,0,False
2026,PA,140002546717,JIMMYSON MESQUITA PACHECO,DEPUTADO FEDERAL,PL,1,0,0,0,0,0,0,False
2026,PA,140002547294,ABJÓ PEREIRA DOS SANTOS,DEPUTADO FEDERAL,PODE,1,0,0,0,0,0,0,False
2026,PA,140002548123,CLEBE ELIAS VIEIRA,DEPUTADO FEDERAL,PSOL,1,0,0,0,0,0,0,False
2026,PA,140002548654,MARCUS VINICIUS DA CRUZ,DEPUTADO FEDERAL,AVANTE,1,0,0,0,0,0,0,False
2026,PA,140002548982,JAQUES DA SILVA NEVES,DEPUTADO ESTADUAL,PT,1,0,0,0,0,0,0,False
2026,PA,140002549257,HIPOLITO DO NASCIMENTO GOMES,DEPUTADO ESTADUAL,PL,4,0,0,0,0,0,0,False
2026,PA,140002549717,STEPHANIE SANT PIRES FERREIRA,DEPUTADO FEDERAL,PL,2,0,0,0,0,0,0,False
2026,PA,140002550077,LAUDENOR OLIVEIRA ALBARADO,DEPUTADO FEDERAL,PSDB,1,0,0,0,0,0,0,False
2026,PA,140002550115,NENDER MESSIAS DE CASTRO BATISTA,DEPUTADO ESTADUAL,CIDADANIA,2,0,0,0,0,0,0,False
2026,PA,140002550778,JADER FONTENELLE BARBALHO,1º SUPLENTE,MDB,1,0,0,0,0,0,0,False
2026,PA,140002550881,SAMUEL CAMARA,2º SUPLENTE,REPUBLICANOS,1,0,0,0,0,0,0,False
2026,PA,140002550882,JOEL CARVALHO LOBATO,1º SUPLENTE,MDB,1,0,0,0,0,0,0,False
2026,PA,140002551124,ERICA DE CASSIA COSTA FERREIRA,DEPUTADO ESTADUAL,PP,2,0,0,0,0,0,0,False
2026,PA,140002551128,MARCOS CESAR BARBOSA E SILVA,DEPUTADO ESTADUAL,UNIÃO,1,0,0,0,0,0,0,False
2026,PA,140002551133,ELISANGELA MESQUITA DOS SANTOS,DEPUTADO ESTADUAL,UNIÃO,1,1,0,0,0,0,0,False
2026,PA,140002551135,PAULO POMBO TOCANTINS,DEPUTADO ESTADUAL,PP,2,0,0,0,0,0,0,False
2026,PA,140002551599,DIRCEU TEN CATEN PIES,VICE-GOVERNADOR,PT,1,0,0,0,0,0,0,False
2026,PA,140002551851,REGINA CÉLIA COSTA FERREIRA DA SILVA,DEPUTADO FEDERAL,NOVO,2,0,0,0,0,0,0,False
2026,PA,140002553421,MANOEL LUIZ DA SILVA RENDEIRO,DEPUTADO ESTADUAL,MDB,3,1,0,1,1,0,0,True
2026,PA,140002553422,HELIZEIDI DE SOUSA COELHO,DEPUTADO ESTADUAL,MDB,2,0,0,0,0,0,0,False
2026,PA,140002553741,SANDRO REIS DE OLIVEIRA,1º SUPLENTE,DC,2,0,0,0,0,0,0,False
2026,PA,140002553742,MARCILIO FERNANDES FERREIRA,2º SUPLENTE,DC,1,0,0,0,0,0,0,False
2026,PA,140002553885,OSMAR PEREIRA DA SILVA FILHO,DEPUTADO ESTADUAL,AVANTE,1,0,0,0,0,0,0,False
2026,PB,150002538673,JOHN EARLY,DEPUTADO FEDERAL,DEMOCRATA,2,0,0,0,0,0,0,False
2026,PB,150002538695,MARIA GORETTE FERREIRA DOS SANTOS,DEPUTADO FEDERAL,DEMOCRATA,1,0,0,0,0,0,0,False
2026,PB,150002540238,ANTONIO HERVAZIO BEZERRA CAVALCANTI,DEPUTADO ESTADUAL,MDB,1,0,0,0,0,0,0,False
2026,PB,150002541187,MARCOS ALEXANDRE DE OLIVEIRA LIMA SOBREIRA,DEPUTADO ESTADUAL,PL,1,0,0,0,0,0,0,False
2026,PB,150002544143,VALDENÍCIO HERCULANO DA SILVA,DEPUTADO ESTADUAL,PT,2,0,0,0,0,0,0,False
2026,PB,150002544151,INÁCIO JUSTINO FALCÃO PEREIRA,DEPUTADO ESTADUAL,PCDOB,1,0,0,0,0,0,0,False
2026,PB,150002544160,EDILEUDO DE LUCENA MEDEIROS,DEPUTADO ESTADUAL,PT,1,0,0,0,0,0,0,False
2026,PB,150002544165,FRANCISCO JANIO PEREIRA,DEPUTADO ESTADUAL,PT,3,0,0,0,0,0,0,False
2026,PB,150002544172,MARCELLA VIANA PORTELA DE OLIVEIRA CUNHA,DEPUTADO FEDERAL,PV,2,0,0,0,0,0,0,False
2026,PB,150002544175,ANA LUIZA BERNARDO DA SILVA,DEPUTADO FEDERAL,PT,4,0,0,0,0,0,0,False
2026,PB,150002544177,PERCIVAL HENRIQUES DE SOUZA NETO,DEPUTADO FEDERAL,PCDOB,2,0,0,0,0,0,0,False
2026,PB,150002544189,IVONETE MARIA DE SOUSA,DEPUTADO ESTADUAL,REPUBLICANOS,2,0,0,0,0,0,0,False
2026,PB,150002544193,RAYRA MAXIANA SANTOS BESERRA DE ARAÚJO,DEPUTADO ESTADUAL,REPUBLICANOS,5,0,0,0,0,0,0,False
2026,PB,150002544202,MAÍSA FREIRE CARTAXO PIRES DE SÁ,DEPUTADO FEDERAL,REPUBLICANOS,4,0,0,0,0,0,0,False
2026,PB,150002544910,IVONETE ALMEIDA DE ANDRADE LUDGÉRIO,1º SUPLENTE,PSD,3,1,0,0,0,0,0,False
2026,PB,150002548931,JOSÉ ALDEMIR MEIRELES DE ALMEIDA,DEPUTADO ESTADUAL,PP,1,0,0,0,0,0,0,False
2026,PB,150002548945,TANILSON TARSO NOBREGA SOARES,DEPUTADO ESTADUAL,PP,1,0,0,0,0,0,0,False
2026,PB,150002548955,ANNA LORENA LEITE NÓBREGA LAGO,DEPUTADO ESTADUAL,PP,2,1,0,0,0,0,0,False
2026,PB,150002549644,EMERSON FERNANDES ALVINO PANTA,DEPUTADO FEDERAL,PP,2,0,0,0,0,0,0,False
2026,PB,150002549759,ROBERTO DA SILVA,DEPUTADO FEDERAL,SOLIDARIEDADE,1,0,0,0,0,0,0,False
2026,PB,150002549765,ZALMA POLLYANA DANTAS BATISTA,DEPUTADO FEDERAL,SOLIDARIEDADE,2,0,0,0,0,0,0,False
2026,PB,150002553390,FRANCILEIDE DA SILVA,DEPUTADO FEDERAL,AVANTE,4,1,0,0,0,0,0,False
2026,PB,150002553392,DANILO ILTON DE SOUSA,DEPUTADO FEDERAL,AVANTE,4,1,0,0,0,0,0,False
2026,PB,150002553393,AMARA CRISTINA DOS SANTOS,DEPUTADO FEDERAL,AVANTE,4,2,0,0,0,0,0,False
2026,PB,150002553394,DANIEL DA SILVA TRIGUEIRO,DEPUTADO FEDERAL,AVANTE,4,0,0,0,0,0,0,False
2026,PB,150002553395,JOSE MARCOS RODRIGUES DA SILVA,DEPUTADO FEDERAL,AVANTE,5,3,0,2,1,0,0,True
2026,PB,150002553397,HESMON RODOLFO DUARTE DE OLIVEIRA,DEPUTADO FEDERAL,AVANTE,4,0,0,0,0,0,0,False
2026,PB,150002553963,ETIVALDO AZEVEDO BANDEIRA,DEPUTADO FEDERAL,AVANTE,4,0,0,0,0,0,0,False
2026,PB,150002553966,ANTONIO ALIXANDRE MARACAJA PIRES,DEPUTADO FEDERAL,AVANTE,4,0,0,0,0,0,0,False
2026,PE,170002532386,JOBSON ALMEIDA LIMA,DEPUTADO ESTADUAL,REPUBLICANOS,1,0,0,0,0,0,0,False
2026,PE,170002532389,DAYANE OLIVEIRA DA CRUZ,DEPUTADO ESTADUAL,REPUBLICANOS,1,1,0,0,0,0,0,False
2026,PE,170002532392,MANUEL SEVERINO DA SILVA,DEPUTADO ESTADUAL,REPUBLICANOS,2,0,0,0,0,0,0,False
2026,PE,170002532393,NYEDJA DE SOUZA SILVA,DEPUTADO ESTADUAL,REPUBLICANOS,1,0,0,0,0,0,0,False
2026,PE,170002532394,ABRAÃO JOSÉ DE SANTANA,DEPUTADO ESTADUAL,REPUBLICANOS,1,0,0,0,0,0,0,False
2026,PE,170002532395,LEONILDA FERREIRA SILVA,DEPUTADO ESTADUAL,REPUBLICANOS,1,0,0,0,0,0,0,False
2026,PE,170002532396,ADRIANO DE LIMA DANTAS,DEPUTADO ESTADUAL,REPUBLICANOS,1,0,0,0,0,0,0,False
2026,PE,170002532397,GEORGE DA SILVA PEREIRA,DEPUTADO ESTADUAL,REPUBLICANOS,3,1,0,0,0,0,0,False
2026,PE,170002532398,BRUNA LEAL PAES BARRETO,DEPUTADO ESTADUAL,REPUBLICANOS,2,1,0,0,0,0,0,False
2026,PE,170002532403,OTACILIO RIBEIRO LINS,DEPUTADO ESTADUAL,REPUBLICANOS,1,0,0,0,0,0,0,False
2026,PE,170002532405,IDA BARBOSA LIMA CALAZANS,DEPUTADO ESTADUAL,REPUBLICANOS,1,0,0,0,0,0,0,False
2026,PE,170002532406,MONICA MARIA BARBOSA RAMOS,DEPUTADO ESTADUAL,REPUBLICANOS,1,0,0,0,0,0,0,False
2026,PE,170002532407,JOSÉ CUNTO GUERREIRO NETO,DEPUTADO ESTADUAL,REPUBLICANOS,2,0,0,0,0,0,0,False
2026,PE,170002532408,ERIKA CLAUDIA RAMIRO DE SANTANA,DEPUTADO ESTADUAL,REPUBLICANOS,1,0,0,0,0,0,0,False
2026,PE,170002532410,LUIS ANDRE FILGUEIRA SAMPAIO,DEPUTADO ESTADUAL,REPUBLICANOS,1,0,0,0,0,0,0,False
2026,PE,170002532411,IZAIAS JOSE DE SOUSA,DEPUTADO ESTADUAL,REPUBLICANOS,2,0,0,0,0,0,0,False
2026,PE,170002532412,SUAMY CLEOGENES LIMA DE CARVALHO,DEPUTADO ESTADUAL,REPUBLICANOS,1,0,0,0,0,0,0,False
2026,PE,170002532414,JOSIMARA CAVALCANTI RODRIGUES YOTSUYA,DEPUTADO ESTADUAL,REPUBLICANOS,1,0,0,0,0,0,0,False
2026,PE,170002532722,ERICK DA SILVA LESSA,DEPUTADO FEDERAL,REPUBLICANOS,1,0,0,0,0,0,0,False
2026,PE,170002532723,ADRIANA ROCHA DE HOLANDA COUTINHO,DEPUTADO FEDERAL,REPUBLICANOS,1,0,0,0,0,0,0,False
2026,PE,170002532725,CHARLES DE FREITAS BEZERRA,DEPUTADO FEDERAL,REPUBLICANOS,1,1,0,1,6,0,0,True
2026,PE,170002532726,HEBERTE LAMARCK GOMES DA SILVA,DEPUTADO FEDERAL,REPUBLICANOS,3,1,0,0,0,0,0,False
2026,PE,170002532728,BRUNO VILAR SALES,DEPUTADO FEDERAL,REPUBLICANOS,1,1,0,0,0,0,0,False
2026,PE,170002532729,ANA MARIA ABRANTES SARMENTO,DEPUTADO FEDERAL,REPUBLICANOS,1,0,0,0,0,0,0,False
2026,PE,170002532730,DANIEL TADEU UCHOA MATEUS,DEPUTADO FEDERAL,REPUBLICANOS,2,0,0,0,0,0,0,False
2026,PE,170002532732,KELLY JANY RAMOS ALENCAR CABRAL,DEPUTADO FEDERAL,REPUBLICANOS,1,0,0,0,0,0,0,False
2026,PE,170002532956,MARIA GORETTI CORDEIRO DE QUEIROZ,DEPUTADO FEDERAL,REPUBLICANOS,1,0,0,0,0,0,0,False
2026,PE,170002532958,MARCELLY SUANY CHAVES COSTA DE PAULA,DEPUTADO FEDERAL,REPUBLICANOS,1,0,0,0,0,0,0,False
2026,PE,170002532959,NADELSON LEITE COSTA,DEPUTADO FEDERAL,REPUBLICANOS,1,0,0,0,0,0,0,False
2026,PE,170002532961,HUMBERTO CESAR DE FARIAS MENDES,DEPUTADO FEDERAL,REPUBLICANOS,2,1,0,0,0,0,0,False
2026,PE,170002532962,JOÃO ROBERTO MARTINS CARDOSO,DEPUTADO FEDERAL,REPUBLICANOS,1,1,0,0,0,0,0,False
2026,PE,170002532964,ELOISA HELENA DE OLIVEIRA SEQUEIRA RODRIGUES,DEPUTADO FEDERAL,REPUBLICANOS,1,0,0,0,0,0,0,False
2026,PE,170002533312,FERNANDO DANTAS FERRO,DEPUTADO FEDERAL,PT,1,1,0,0,0,0,0,False
2026,PE,170002533350,IVETE CAETANO DE OLIVEIRA,DEPUTADO ESTADUAL,PT,1,1,0,0,0,0,0,False
2026,PE,170002534902,JACKSON SOARES DA SILVA,DEPUTADO FEDERAL,PODE,1,1,0,1,2,0,0,True
2026,PE,170002534903,NATÁLIA MARIA COSTA DA SILVA,DEPUTADO FEDERAL,PODE,3,1,0,0,0,0,0,False
2026,PE,170002534906,RICARDO TEOBALDO CAVALCANTI,DEPUTADO FEDERAL,PODE,4,4,0,4,4,1,0,True
2026,PE,170002534909,MARCELLO FUCHS CAMPOS GOUVEIA,DEPUTADO FEDERAL,PODE,1,1,0,0,0,0,0,False
2026,PE,170002534912,PAULO FERNANDO ANDRADE MATOS,DEPUTADO FEDERAL,PODE,1,0,0,0,0,0,0,False
2026,PE,170002535155,SERGIO FENTES GOMES,DEPUTADO FEDERAL,PODE,1,1,0,1,1,0,0,True
2026,PE,170002535163,JEFFERSON LUIZ FIGUEIREDO LEAL,DEPUTADO FEDERAL,PODE,1,0,0,0,0,0,0,False
2026,PE,170002535164,JOSIAS ALVES DA SILVA,DEPUTADO FEDERAL,PODE,2,0,0,0,0,0,0,False
2026,PE,170002535171,FELLYPE AUGUSTO CHAVES MARTINS,DEPUTADO ESTADUAL,PODE,1,1,0,0,0,0,0,False
2026,PE,170002535180,SEBASTIÃO SOARES NETO,DEPUTADO ESTADUAL,PODE,1,0,0,0,0,0,0,False
2026,PE,170002535183,JOSE CARLOS DE SOUZA,DEPUTADO ESTADUAL,PODE,3,0,0,0,0,0,0,False
2026,PE,170002535191,ETEVALDO GENUÍNO DA SILVA JÚNIOR,DEPUTADO ESTADUAL,PODE,1,1,0,0,0,0,0,False
2026,PE,170002535199,REBECA LUCENA DE SOUZA SANTOS ALBUQUERQUE,DEPUTADO ESTADUAL,PODE,1,0,0,0,0,0,0,False
2026,PE,170002535210,WELLINGTON BARROS DOS SANTOS,DEPUTADO ESTADUAL,PODE,1,0,0,0,0,0,0,False
2026,PE,170002535809,ÁLVARO PORTO DE BARROS,DEPUTADO ESTADUAL,MDB,2,0,0,0,0,0,0,False
2026,PE,170002535810,JOSÉ  QUEIROZ DE LIMA,DEPUTADO ESTADUAL,MDB,2,0,0,0,0,0,0,False
2026,PE,170002535814,WILSON WASHINGTON CARVALHO DE LIMA,DEPUTADO ESTADUAL,MDB,4,4,0,4,4,0,0,True
2026,PE,170002535817,ANDERSON CHRYSTIAN RODRIGUES DE FIGUEIREDO AQUINO,DEPUTADO ESTADUAL,MDB,2,0,0,0,0,0,0,False
2026,PE,170002535818,HOSANA GUILHERME DOS SANTOS,DEPUTADO ESTADUAL,MDB,2,0,0,0,0,0,0,False
2026,PE,170002535821,EMERSON JHUAN PEREIRA DO NASCIMENTO,DEPUTADO ESTADUAL,MDB,1,1,0,1,1,0,0,True
2026,PE,170002535824,JAILZA CHRISTINE SILVA REIS,DEPUTADO ESTADUAL,MDB,2,0,0,0,0,0,0,False
2026,PE,170002535826,SHEILANE SOARES DA SILVA,DEPUTADO ESTADUAL,MDB,1,0,0,0,0,0,0,False
2026,PE,170002535827,WALTER MARINHO DOS REIS,DEPUTADO ESTADUAL,MDB,2,0,0,0,0,0,0,False
2026,PE,170002535829,VICTOR ANDRE GOMES CAVALCANTI BATISTA,DEPUTADO ESTADUAL,MDB,3,1,0,1,1,0,0,True
2026,PE,170002537229,CARLOS ANTONIO DA COSTA CAVALCANTI NETO,VICE-GOVERNADOR,REPUBLICANOS,2,0,0,0,0,0,0,False
2026,PE,170002537230,JOÃO HENRIQUE DE ANDRADE LIMA CAMPOS,GOVERNADOR,PSB,2,0,0,0,0,0,0,False
2026,PE,170002537232,KÁSSIA GEANE DE ARRUDA MASSENA,DEPUTADO FEDERAL,MDB,1,1,0,0,0,0,0,False
2026,PE,170002537234,RAFAEL NUNES DA SILVA,DEPUTADO FEDERAL,MDB,2,0,0,0,0,0,0,False
2026,PE,170002537235,SELMA BARBOSA GALDINO,DEPUTADO FEDERAL,MDB,3,0,0,0,0,0,0,False
2026,PE,170002537238,JOAQUIM PINTO LAPA FILHO,DEPUTADO FEDERAL,MDB,2,2,0,2,2,0,0,True
2026,PE,170002537243,CRISTIANE DE AZEVEDO MONETA MEIRA,DEPUTADO FEDERAL,MDB,3,0,0,0,0,0,0,False
2026,PE,170002537246,GLEYBSA DIAS RAMOS,DEPUTADO FEDERAL,MDB,1,0,0,0,0,0,0,False
2026,PE,170002537247,BRUNO DE PINHO ALVES BARRETO CAMPELO,DEPUTADO FEDERAL,MDB,3,0,0,0,0,0,0,False
2026,PE,170002537250,NÉLIO FERNANDO DA FONSÊCA AGUIAR E SILVA,DEPUTADO FEDERAL,MDB,1,0,0,0,0,0,0,False
2026,PE,170002537252,LINDOMAR DE SOUZA ROCHA,DEPUTADO FEDERAL,MDB,1,0,0,0,0,0,0,False
2026,PE,170002537253,MILTON CESAR PEREIRA DA SILVA,DEPUTADO FEDERAL,MDB,2,0,0,0,0,0,0,False
2026,PE,170002537254,IZA PAULA DE DEUS E MELLO ALBUQUERQUE ARRUDA,DEPUTADO FEDERAL,MDB,6,1,0,0,0,0,0,False
2026,PE,170002537275,GLEICE KELLY GAMA DA SILVA,DEPUTADO FEDERAL,REPUBLICANOS,1,0,0,0,0,0,0,False
2026,PE,170002537319,MARCELO PESSOA DA SILVA,VICE-GOVERNADOR,UP,1,1,0,0,0,0,0,False
2026,PE,170002537331,MARIA DAS GRAÇAS OLIVEIRA SILVA,1º SUPLENTE,UP,1,0,0,0,0,0,0,False
2026,PE,170002537334,SAMUEL TIMOTEO DA SILVA,SENADOR,UP,1,0,0,0,0,0,0,False
2026,PE,170002538979,DANUBIO EVANGELISTA VIEIRA,DEPUTADO FEDERAL,AVANTE,1,1,0,0,0,0,0,False
2026,PE,170002538990,RICARDO JOSÉ DE SOUSA LIMA,DEPUTADO FEDERAL,AVANTE,1,0,0,0,0,0,0,False
2026,PE,170002539162,THIAGO MEDINA DUARTE,DEPUTADO FEDERAL,PL,1,0,0,0,0,0,0,False
2026,PE,170002539201,ADILSON SILVA DE SIQUEIRA,DEPUTADO ESTADUAL,PL,2,2,0,0,0,0,0,False
2026,PE,170002539230,ABIMAEL DOS SANTOS PEREIRA LEAL,DEPUTADO ESTADUAL,PL,4,1,0,1,2,0,0,True
2026,PE,170002539474,ALBERTO JORGE DO NASCIMENTO FEITOSA,DEPUTADO ESTADUAL,PL,1,0,0,0,0,0,0,False
2026,PE,170002539482,ALESSANDRO BARBOSA SARMENTO,DEPUTADO ESTADUAL,PL,1,1,0,0,0,0,0,False
2026,PE,170002540284,MARILIA MARIA VIANA DE SOUZA,DEPUTADO FEDERAL,PSB,1,0,0,0,0,0,0,False
2026,PE,170002540287,VOLEIDE DE OLIVEIRA ARRUDA,DEPUTADO FEDERAL,PSB,1,1,0,1,1,0,0,True
2026,PE,170002540291,FELIPE AUGUSTO LYRA CARRERAS,DEPUTADO FEDERAL,PSB,2,0,0,0,0,0,0,False
2026,PE,170002540301,PEDRO HENRIQUE DE ANDRADE LIMA CARNEIRO CAMPOS,DEPUTADO FEDERAL,PSB,2,0,0,0,0,0,0,False
2026,PE,170002540313,IZAIAS REGIS NETO,DEPUTADO FEDERAL,PSD,1,0,0,0,0,0,0,False
2026,PE,170002540337,RENAN LUCIO SANT ANNA HALLAIS,GOVERNADOR,MISSÃO,2,2,0,0,0,0,0,False
2026,PE,170002540380,JOSE RAIMUNDO PIMENTEL DO ESPIRITO SANTO,DEPUTADO ESTADUAL,PSD,5,1,0,0,0,0,0,False
2026,PE,170002540388,ROMERO LEAL FERREIRA,DEPUTADO ESTADUAL,PSD,1,0,0,0,0,0,0,False
2026,PE,170002540396,GABRIEL ASAFE MELO MENDONÇA,DEPUTADO ESTADUAL,MISSÃO,2,1,0,0,0,0,0,False
2026,PE,170002540398,ADRIANO ANDREWS VIANA DE SOUZA,DEPUTADO ESTADUAL,MISSÃO,2,2,0,0,0,0,0,False
2026,PE,170002540420,GILVAN OLIVEIRA COSTA,SENADOR,DEMOCRATA,3,0,0,0,0,0,0,False
2026,PE,170002540431,PEDRO HENRIQUE DE OLIVEIRA,DEPUTADO FEDERAL,MISSÃO,1,0,0,0,0,0,0,False
2026,PE,170002540432,LUCAS VINICIUS DE LIMA CAVALCANTI,DEPUTADO FEDERAL,MISSÃO,2,0,0,0,0,0,0,False
2026,PE,170002540435,WELLINGTON ROMEILTO DA SILVA,DEPUTADO FEDERAL,MISSÃO,2,0,0,0,0,0,0,False
2026,PE,170002540439,VITÓRIA JULLY ROCHA DA SILVA,DEPUTADO FEDERAL,MISSÃO,2,2,0,0,0,0,0,False
2026,PE,170002540443,JOÃO MIGUEL DE ANDRADE BARBOSA,DEPUTADO FEDERAL,MISSÃO,1,1,0,1,2,0,0,True
2026,PE,170002540837,QUEZIA ISABEL OLIVEIRA DE ALBUQUERQUE,DEPUTADO ESTADUAL,SOLIDARIEDADE,1,0,0,0,0,0,0,False
2026,PE,170002541209,JOSÉ VALDI RIBEIRO,DEPUTADO ESTADUAL,AVANTE,1,1,0,0,0,0,0,False
2026,PE,170002541210,VALDENIZE GOMES PINHEIRO DE MELO,DEPUTADO ESTADUAL,AVANTE,1,0,0,0,0,0,0,False
2026,PE,170002541211,NATAN WESLLY DA SILVA,DEPUTADO ESTADUAL,AVANTE,3,1,0,0,0,0,0,False
2026,PE,170002541212,CAROLAYNE KELLEY GONÇALVES,DEPUTADO ESTADUAL,AVANTE,1,0,0,0,0,0,0,False
2026,PE,170002541216,ELBANIA SEVERINA DOS SANTOS,DEPUTADO ESTADUAL,AVANTE,1,1,0,0,0,0,0,False
2026,PE,170002541221,JULIANA AMORIM FERREIRA DA SILVA,DEPUTADO ESTADUAL,AVANTE,1,0,0,0,0,0,0,False
2026,PE,170002541225,ANTONIO RODRIGUES DA SILVA JUNIOR,DEPUTADO ESTADUAL,AVANTE,1,1,0,0,0,0,0,False
2026,PE,170002541226,PAULO HENRIQUE GUERRA ALVES,DEPUTADO ESTADUAL,AVANTE,2,0,0,0,0,0,0,False
2026,PE,170002541229,QUERCIA MELO DE VASCONCELOS,DEPUTADO ESTADUAL,AVANTE,1,0,0,0,0,0,0,False
2026,PE,170002541231,JOSE ZITO JOVENTINO DA SILVA,DEPUTADO ESTADUAL,AVANTE,1,0,0,0,0,0,0,False
2026,PE,170002541234,FLÁVIA RODRIGUES DE ARANTE,DEPUTADO ESTADUAL,AVANTE,2,0,0,0,0,0,0,False
2026,PE,170002541236,MANOEL SÁTIRO TIMÓTEO NETO,DEPUTADO ESTADUAL,AVANTE,1,0,0,0,0,0,0,False
2026,PE,170002541239,ZEZINHO LUIZ DA SILVA,DEPUTADO ESTADUAL,AVANTE,1,0,0,0,0,0,0,False
2026,PE,170002541242,GISLÂNDIO ARAÚJO DOS SANTOS,DEPUTADO ESTADUAL,AVANTE,2,0,0,0,0,0,0,False
2026,PE,170002541338,EDUARDO MAXIMO BELO,DEPUTADO FEDERAL,SOLIDARIEDADE,1,0,0,0,0,0,0,False
2026,PE,170002541339,CLÁUDIO RICARDO MENDONCA DA SILVA,DEPUTADO FEDERAL,SOLIDARIEDADE,1,0,0,0,0,0,0,False
2026,PE,170002541340,JANEILDE CÁSSIA DOS SANTOS SILVA,DEPUTADO FEDERAL,SOLIDARIEDADE,1,0,0,0,0,0,0,False
2026,PE,170002541347,ANTONIO STENIO BARBOSA GOMES,DEPUTADO FEDERAL,SOLIDARIEDADE,1,0,0,0,0,0,0,False
2026,PE,170002541348,AMARO CORREIA DOS SANTOS,DEPUTADO FEDERAL,SOLIDARIEDADE,1,0,0,0,0,0,0,False
2026,PE,170002541352,MIRAQUILAMY MARIA DA SILVA ROCHA,DEPUTADO FEDERAL,SOLIDARIEDADE,1,0,0,0,0,0,0,False
2026,PE,170002541353,EDUARDO PEREIRA DA SILVA,DEPUTADO FEDERAL,PRD,1,0,0,0,0,0,0,False
2026,PE,170002541355,ELIAB GALDINO FERREIRA,DEPUTADO FEDERAL,SOLIDARIEDADE,1,1,0,1,1,0,0,True
2026,PE,170002541359,JOÃO ALMEIDA PARRA,DEPUTADO FEDERAL,SOLIDARIEDADE,2,0,0,0,0,0,0,False
2026,PE,170002542423,HELLOYSA FERREIRA SILVA,DEPUTADO ESTADUAL,PSB,1,1,0,0,0,0,0,False
2026,PE,170002542428,CANDIDA VALERIA SANTOS BOMFIM,DEPUTADO ESTADUAL,PSB,1,1,0,0,0,0,0,False
2026,PE,170002543723,ROBERTA MACEDO BERTINO ARRAES,DEPUTADO ESTADUAL,PP,1,1,0,1,1,0,0,True
2026,PE,170002543725,LEONARDO JOSE DA SILVA,DEPUTADO ESTADUAL,PP,1,0,0,0,0,0,0,False
2026,PE,170002543727,ANY GABRIELLY FERNANDES PEREIRA,DEPUTADO ESTADUAL,PP,1,0,0,0,0,0,0,False
2026,PE,170002543728,JOSE ADALTO DOS SANTOS,DEPUTADO ESTADUAL,PP,2,0,0,0,0,0,0,False
2026,PE,170002543730,ROSELMA MARIA DA SILVA,DEPUTADO ESTADUAL,PP,1,1,0,0,0,0,0,False
2026,PE,170002543731,JANAILSON VALERIANO NUNES,DEPUTADO ESTADUAL,UNIÃO,1,0,0,0,0,0,0,False
2026,PE,170002543737,JOSE IVANILDO DE MOURA JÚNIOR,DEPUTADO ESTADUAL,PP,1,1,0,0,0,0,0,False
2026,PE,170002543739,SUHELLEN OLIVEIRA DA SILVA,DEPUTADO ESTADUAL,PP,1,0,0,0,0,0,0,False
2026,PE,170002543741,ROSIMERE DOS SANTOS QUIRINO OLIVEIRA,DEPUTADO ESTADUAL,PP,1,0,0,0,0,0,0,False
2026,PE,170002543743,HENRIQUE JOSÉ QUEIROZ COSTA FILHO,DEPUTADO ESTADUAL,PP,1,0,0,0,0,0,0,False
2026,PE,170002543744,GABRIEL BARBOSA DE SOUZA,DEPUTADO ESTADUAL,PP,1,0,0,0,0,0,0,False
2026,PE,170002543745,RONALDO LOPES DA SILVA,DEPUTADO ESTADUAL,PP,1,0,0,0,0,0,0,False
2026,PE,170002543753,TATIANA ROMA BRITO,DEPUTADO ESTADUAL,UNIÃO,1,0,0,0,0,0,0,False
2026,PE,170002543756,LÚCIA HELENA SALGUEIRO,DEPUTADO ESTADUAL,UNIÃO,1,0,0,0,0,0,0,False
2026,PE,170002543763,MARAIZA CARLA E SILVA,DEPUTADO ESTADUAL,PP,1,0,0,0,0,0,0,False
2026,PE,170002543809,ISRAEL DOURADO GUERRA FILHO,DEPUTADO FEDERAL,PP,1,0,0,0,0,0,0,False
2026,PE,170002543810,ERIVÂNIA MARIA RIBEIRO,DEPUTADO FEDERAL,PP,2,0,0,0,0,0,0,False
2026,PE,170002543811,ARMANDO JOSE DA SILVA FILHO,DEPUTADO FEDERAL,PP,2,1,0,0,0,0,0,False
2026,PE,170002544056,NAYLLIS CYBELLE SOARES SILVA DE ALMEIDA,DEPUTADO FEDERAL,PP,1,0,0,0,0,0,0,False
2026,PE,170002544057,JULIANA BARBOSA DA SILVA AGUIAR,DEPUTADO FEDERAL,UNIÃO,2,0,0,0,0,0,0,False
2026,PE,170002544058,JACIENE MARIA CÂNDIDO DE FREITAS,DEPUTADO FEDERAL,PP,6,0,0,0,0,0,0,False
2026,PE,170002544061,ANTONIO BATISTA DE MOURA FILHO,DEPUTADO FEDERAL,PP,1,0,0,0,0,0,0,False
2026,PE,170002544062,ERICA CLARISSA BORBA CORDEIRO DE MOURA,DEPUTADO FEDERAL,PP,1,1,0,0,0,0,0,False
2026,PE,170002544064,JOÃO BOSCO GONCALVES DA SILVA,DEPUTADO FEDERAL,PP,2,0,0,0,0,0,0,False
2026,PE,170002544070,ESDRAS CABRAL DE MELO,DEPUTADO FEDERAL,PP,1,0,0,0,0,0,0,False
2026,PE,170002544071,MARY MAGDALA EUGENIO MUDO GOMES,DEPUTADO FEDERAL,PP,1,0,0,0,0,0,0,False
2026,PE,170002544072,JOSÉ CARLOS DA SILVA,DEPUTADO FEDERAL,PP,1,0,0,0,0,0,0,False
2026,PE,170002547769,FRANCISCA EDJANE RODRIGUES DE FIGUEIREDO,2º SUPLENTE,PSB,2,2,0,2,2,0,0,True
2026,PE,170002547771,MARÍLIA VALENÇA ROCHA ARRAES DE ALENCAR,SENADOR,PDT,2,0,0,0,0,0,0,False
2026,PE,170002549653,JOSE CRISTIANO TEODOSIO ROMÃO,1º SUPLENTE,PCB,1,1,0,0,0,0,0,False
2026,PE,170002549813,MARIA JOSELITA PEREIRA CAVALCANTI,DEPUTADO ESTADUAL,PSOL,1,1,0,1,3,0,0,True
2026,PE,170002550633,JÉSSICA FERNANDA MEDEIROS CAVALCANTI,DEPUTADO FEDERAL,PSOL,1,0,0,0,0,0,0,False
2026,PE,170002550634,CARLA VALENTINA FÉLIX DE OLIVEIRA,DEPUTADO FEDERAL,REDE,3,0,0,0,0,0,0,False
2026,PE,170002550638,ELIANE PAULINO DA SILVA,DEPUTADO FEDERAL,REDE,1,0,0,0,0,0,0,False
2026,PE,170002550641,JONES MANOEL DA SILVA,DEPUTADO FEDERAL,PSOL,1,1,0,0,0,0,0,False
2026,PE,170002550940,MARIA UIUMA DOS SANTOS,DEPUTADO ESTADUAL,PDT,2,0,0,0,0,0,0,False
2026,PE,170002551455,CLEIDE LOPES DA SILVA,DEPUTADO FEDERAL,PDT,2,0,0,0,0,0,0,False
2026,PE,170002551456,WALTER ANTONIO MOREIRA LINS,DEPUTADO FEDERAL,PDT,3,2,0,0,0,0,0,False
2026,PE,170002552098,CARLOS ANTONIO GOMES DE ANDRADE LIMA,1º SUPLENTE,UNIÃO,1,0,0,0,0,0,0,False
2026,PE,170002552516,GENILDA MARIA PEREIRA DA SILVA,DEPUTADO ESTADUAL,PCO,3,2,0,0,0,0,0,False
2026,PE,170002552549,MARIVALDO NASCIMENTO SOUZA,DEPUTADO FEDERAL,PSDB,1,0,0,0,0,0,0,False
2026,PE,170002552550,JOÃO MORAES DA SILVA FILHO,DEPUTADO FEDERAL,PSDB,1,0,0,0,0,0,0,False
2026,PE,170002552551,JOSENILDO COELHO TEODORO,DEPUTADO FEDERAL,PSDB,2,0,0,0,0,0,0,False
2026,PE,170002552983,ABRAÃO PEREIRA DE BARROS,DEPUTADO ESTADUAL,MOBILIZA,1,0,0,0,0,0,0,False
2026,PE,170002552986,FABIO FRANCISCO DE SOUZA,DEPUTADO ESTADUAL,MOBILIZA,2,1,0,0,0,0,0,False
2026,PE,170002552988,SULINO URSULINO DA SILVA,DEPUTADO ESTADUAL,MOBILIZA,2,0,0,0,0,0,0,False
2026,PE,170002553000,ROBERTO ALEXANDRE FERREIRA LIRA,DEPUTADO ESTADUAL,MOBILIZA,3,0,0,0,0,0,0,False
2026,PE,170002553303,MAGNO KENNEDY GUERRA DA ROCHA,DEPUTADO ESTADUAL,MOBILIZA,2,1,0,0,0,0,0,False
2026,PE,170002553304,MOABE JOSE DA SILVA,DEPUTADO ESTADUAL,MOBILIZA,2,0,0,0,0,0,0,False
2026,PE,170002553306,ANTONIO CARLOS CARVALHO PAIVA DE OLIVEIRA,DEPUTADO ESTADUAL,MOBILIZA,2,1,0,0,0,0,0,False
2026,PE,170002553307,SACHA DA BOA HORA SANTOS,DEPUTADO ESTADUAL,MOBILIZA,2,1,0,0,0,0,0,False
2026,PE,170002553341,MARCIO ADONSO DA SILVA,DEPUTADO FEDERAL,DC,1,1,0,0,0,0,0,False
2026,PE,170002553342,MAURILIO JOSE FEITOSA SOBRAL,DEPUTADO FEDERAL,DC,1,1,0,0,0,0,0,False
2026,PE,170002553346,RAQUEL EMMANUELLA DE MELO LIRA SANTOS,DEPUTADO FEDERAL,DC,1,0,0,0,0,0,0,False
2026,PE,170002553603,HILDEBERTO ALVES DA SILVA JUNIOR,DEPUTADO ESTADUAL,SOLIDARIEDADE,1,0,0,0,0,0,0,False
2026,PE,170002553613,ANA CLARA DE CHRISTO LOPES,DEPUTADO FEDERAL,PDT,2,0,0,0,0,0,0,False
2026,PE,170002554070,LUCIANA WILSON DE VASCONCELOS,DEPUTADO ESTADUAL,UNIÃO,1,0,0,0,0,0,0,False
2026,PI,180002532472,FLAVIO RODRIGUES NOGUEIRA,DEPUTADO FEDERAL,PT,7,2,0,0,0,0,0,False
2026,PI,180002532475,FLORENTINO ALVES VERAS NETO,DEPUTADO FEDERAL,PT,1,0,0,0,0,0,0,False
2026,PI,180002532476,MERLONG SOLANO NOGUEIRA,DEPUTADO FEDERAL,PT,3,0,0,0,0,0,0,False
2026,PI,180002532479,FRANCISCO DE ASSIS DE OLIVEIRA COSTA,DEPUTADO FEDERAL,PT,10,3,0,0,0,0,0,False
2026,PI,180002532480,CARMELITA DE CASTRO SILVA,DEPUTADO FEDERAL,PV,1,0,0,0,0,0,0,False
2026,PI,180002532481,ZENAIDE BATISTA LUSTOSA NETA,DEPUTADO FEDERAL,PT,2,1,0,0,0,0,0,False
2026,PI,180002533192,WILSON NUNES MARTINS,DEPUTADO FEDERAL,PSD,1,0,0,0,0,0,0,False
2026,PI,180002533194,NEUMA MARIA CAFÉ BARROSO,DEPUTADO FEDERAL,PSD,3,0,0,0,0,0,0,False
2026,PI,180002533196,GEORGIANO FERNANDES LIMA NETO,DEPUTADO FEDERAL,PSD,1,0,0,0,0,0,0,False
2026,PI,180002533198,SILVIO CÉSAR SEPÚLVEDA COÊLHO BRITO,DEPUTADO FEDERAL,PSD,1,0,0,0,0,0,0,False
2026,PI,180002533543,FABIO NUNEZ NOVO,DEPUTADO ESTADUAL,PT,4,1,0,0,0,0,0,False
2026,PI,180002533545,MARCUS VINICIUS MALHEIROS KALUME,DEPUTADO ESTADUAL,PT,1,1,0,0,0,0,0,False
2026,PI,180002533546,HELIO RODRIGUES ALVES,DEPUTADO ESTADUAL,PT,2,0,0,0,0,0,0,False
2026,PI,180002533547,FRANCISCO DAS CHAGAS LIMMA,DEPUTADO ESTADUAL,PT,1,1,0,0,0,0,0,False
2026,PI,180002533549,HELIO ISAIAS DA SILVA,DEPUTADO ESTADUAL,PT,3,0,0,0,0,0,0,False
2026,PI,180002533550,MAURO EDUARDO CARDOSO E SILVA,DEPUTADO ESTADUAL,PT,1,0,0,0,0,0,0,False
2026,PI,180002533552,MARIA ROSALINA DOS SANTOS,DEPUTADO ESTADUAL,PT,2,0,0,0,0,0,0,False
2026,PI,180002533553,JOSE ICEMAR LAVOR NERI,DEPUTADO ESTADUAL,PT,9,4,0,0,0,0,0,False
2026,PI,180002533554,TERESA DOS SANTOS SOUSA BRITTO,DEPUTADO ESTADUAL,PV,2,2,0,0,0,0,0,False
2026,PI,180002533555,GIL CARLOS MODESTO ALVES,DEPUTADO ESTADUAL,PT,1,1,0,1,1,0,0,True
2026,PI,180002533556,VINICIUS RIBEIRO DIAS,DEPUTADO ESTADUAL,PT,2,0,0,0,0,0,0,False
2026,PI,180002533557,ENZO SAMUEL ALENCAR SILVA,DEPUTADO ESTADUAL,PV,2,1,0,0,0,0,0,False
2026,PI,180002533559,VINICIUS PONTES DO NASCIMENTO,DEPUTADO ESTADUAL,PT,4,1,0,0,0,0,0,False
2026,PI,180002533560,EVALDO GOMES DA SILVA,DEPUTADO ESTADUAL,PT,2,0,0,0,0,0,0,False
2026,PI,180002533561,FLAVIO RODRIGUES NOGUEIRA JUNIOR,DEPUTADO ESTADUAL,PT,4,0,0,0,0,0,0,False
2026,PI,180002533562,NAYARA JULIANA RIBEIRO DA COSTA,DEPUTADO ESTADUAL,PT,2,0,0,0,0,0,0,False
2026,PI,180002533564,BRENO NUNES MACÊDO,DEPUTADO ESTADUAL,PV,4,0,0,0,0,0,0,False
2026,PI,180002533566,DANIELL PIRES FERREIRA,DEPUTADO ESTADUAL,PCDOB,7,2,0,0,0,0,0,False
2026,PI,180002534439,ALBERTINO RIBEIRO DA SILVA,DEPUTADO FEDERAL,NOVO,2,1,0,0,0,0,0,False
2026,PI,180002534826,ANTONIEL DE SOUSA SILVA,DEPUTADO ESTADUAL,PSD,2,2,0,2,4,0,0,True
2026,PI,180002536223,MARIA DAS GRACAS DE MORAES SOUZA NUNES,DEPUTADO ESTADUAL,MDB,1,0,0,0,0,0,0,False
2026,PI,180002536227,AVELAR DE CASTRO FERREIRA,DEPUTADO ESTADUAL,MDB,2,0,0,0,0,0,0,False
2026,PI,180002536231,ANYARA SOARES AIRES SANTOS,DEPUTADO ESTADUAL,MDB,2,0,0,0,0,0,0,False
2026,PI,180002536459,JOSE VENANCIO CARDOSO NETO,DEPUTADO FEDERAL,MDB,2,0,0,0,0,0,0,False
2026,PI,180002536460,SARVIA KAROLINE GOMES OLIVEIRA,DEPUTADO FEDERAL,MDB,4,1,0,0,0,0,0,False
2026,PI,180002536465,MARCOS AURÉLIO PÁDUA RIBEIRO GONÇALVES DE SAMPAIO,DEPUTADO FEDERAL,MDB,3,0,0,0,0,0,0,False
2026,PI,180002537342,ROSA MARIA MEIRELES NASCIMENTO,2º SUPLENTE,PSTU,1,1,0,0,0,0,0,False
2026,PI,180002537421,JOÃO GERVÁSIO DOS SANTOS NETO,VICE-GOVERNADOR,PSTU,1,1,0,0,0,0,0,False
2026,PI,180002538530,JOEL RODRIGUES DA SILVA,GOVERNADOR,PP,2,0,0,0,0,0,0,False
2026,PI,180002538633,LARISSA FREIRE DE FARIAS LIMA,DEPUTADO ESTADUAL,PP,1,1,0,0,0,0,0,False
2026,PI,180002539014,PETRUS EVELYN MARTINS,DEPUTADO ESTADUAL,PP,1,1,0,0,0,0,0,False
2026,PI,180002539015,JARINA DE PAIVA BUOSI,DEPUTADO ESTADUAL,PP,1,0,0,0,0,0,0,False
2026,PI,180002539016,PAULO ROBERTO ALVES SOARES,DEPUTADO ESTADUAL,PP,1,0,0,0,0,0,0,False
2026,PI,180002539017,ANDRÉ RODRIGUES NOGUEIRA,DEPUTADO ESTADUAL,PP,1,0,0,0,0,0,0,False
2026,PI,180002539018,NATRICIO VALE ALMEIDA,DEPUTADO ESTADUAL,UNIÃO,1,0,0,0,0,0,0,False
2026,PI,180002539019,JOSE FERNANDO OLIVEIRA DE BRITO,DEPUTADO ESTADUAL,PP,1,0,0,0,0,0,0,False
2026,PI,180002539020,TEX WILLER MARQUES DOS SANTOS,DEPUTADO ESTADUAL,PP,1,0,0,0,0,0,0,False
2026,PI,180002539021,RAIMUNDO NONATO LIMA PERCY JUNIOR,DEPUTADO ESTADUAL,PP,1,1,0,0,0,0,0,False
2026,PI,180002539022,RAIMUNDO NONATO OLIVEIRA SOUSA,DEPUTADO ESTADUAL,PP,2,1,0,0,0,0,0,False
2026,PI,180002539023,DEBORA CARVALHO SILVA RIBEIRO,DEPUTADO ESTADUAL,PP,1,0,0,0,0,0,0,False
2026,PI,180002539024,ERIVELTO DE SA BARROS,DEPUTADO ESTADUAL,PP,4,1,0,0,0,0,0,False
2026,PI,180002539025,JURACI RIBEIRO ALBERTO,DEPUTADO ESTADUAL,PP,1,0,0,0,0,0,0,False
2026,PI,180002539026,RILDO BARROSO CARDOSO,DEPUTADO ESTADUAL,PP,1,0,0,0,0,0,0,False
2026,PI,180002539027,ANA CRISTINA FERNANDES DA SILVA,DEPUTADO ESTADUAL,UNIÃO,1,0,0,0,0,0,0,False
2026,PI,180002539028,JONAS BARROSO LUZ NETO,DEPUTADO ESTADUAL,PP,2,2,0,0,0,0,0,False
2026,PI,180002539029,FRANCISCO DAS CHAGAS COSTA OLIVEIRA,DEPUTADO ESTADUAL,UNIÃO,2,2,0,0,0,0,0,False
2026,PI,180002539030,VALDELICE DA SILVA VIEIRA,DEPUTADO ESTADUAL,PP,1,0,0,0,0,0,0,False
2026,PI,180002539031,LYTSON BRENDOW DE BARROS SOARES,DEPUTADO ESTADUAL,PP,1,0,0,0,0,0,0,False
2026,PI,180002539032,ROBERTO CESAR DE AREA LEAO NASCIMENTO,DEPUTADO ESTADUAL,PP,3,0,0,0,0,0,0,False
2026,PI,180002539033,HALLYSON MARTINS DA MATA E SILVA,DEPUTADO ESTADUAL,PP,2,0,0,0,0,0,0,False
2026,PI,180002539036,ALCILENE COSTA MORAES,DEPUTADO ESTADUAL,PP,1,0,0,0,0,0,0,False
2026,PI,180002539037,ANTÔNIO FRANCISCO GOMES DE CASTRO,DEPUTADO ESTADUAL,PP,1,0,0,0,0,0,0,False
2026,PI,180002539038,GUSTAVO SOUSA DE NEIVA,DEPUTADO ESTADUAL,PP,1,0,0,0,0,0,0,False
2026,PI,180002539039,PEDRO ALCÂNTARA CARVALHO DO NASCIMENTO,DEPUTADO ESTADUAL,PP,2,1,0,0,0,0,0,False
2026,PI,180002539040,JOSÉ JESUS TRABULO DE SOUSA NETO,DEPUTADO ESTADUAL,PP,1,1,0,0,0,0,0,False
2026,PI,180002539041,JOVENTINA MOURA DUARTE PIMENTEL,DEPUTADO ESTADUAL,PP,1,0,0,0,0,0,0,False
2026,PI,180002539042,ANDREIA ARAUJO COUTO DE SOUSA,DEPUTADO ESTADUAL,PP,1,0,0,0,0,0,0,False
2026,PI,180002539127,JULIO FERRAZ ARCOVERDE,DEPUTADO FEDERAL,PP,1,1,0,0,0,0,0,False
2026,PI,180002539128,FRANCISCO EMANOEL DE PAIVA SOUSA,DEPUTADO FEDERAL,UNIÃO,2,2,0,0,0,0,0,False
2026,PI,180002539129,VANIA CARVALHO DOS SANTOS,DEPUTADO FEDERAL,PP,1,1,0,0,0,0,0,False
2026,PI,180002539130,JOÃO JOSÉ FERREIRA SILVA,DEPUTADO FEDERAL,PP,2,2,0,0,0,0,0,False
2026,PI,180002539131,GERALDO JARQUES PEREIRA FILHO,DEPUTADO FEDERAL,UNIÃO,2,2,0,0,0,0,0,False
2026,PI,180002539133,ATILA DE MELO LIRA,DEPUTADO FEDERAL,PP,2,2,0,0,0,0,0,False
2026,PI,180002539134,SAMANTHA CAVALCA SOBREIRA DUTRA,DEPUTADO FEDERAL,PP,1,1,0,0,0,0,0,False
2026,PI,180002539135,ANTONIO GONÇALVES DE CARVALHO LIMA,DEPUTADO FEDERAL,PP,2,2,0,0,0,0,0,False
2026,PI,180002539136,ALDENICE COSTA MORAES,DEPUTADO FEDERAL,UNIÃO,2,1,0,0,0,0,0,False
2026,PI,180002539137,GIL MARQUES DE MEDEIROS,DEPUTADO FEDERAL,PP,2,1,0,0,0,0,0,False
2026,PI,180002540447,RICARDO SARAIVA DE OLIVEIRA SOBRINHO BRAZ,2º SUPLENTE,PP,1,0,0,0,0,0,0,False
2026,PI,180002540449,TIAGO MAXIMIANO JUNQUEIRA,SENADOR,PL,1,0,0,0,0,0,0,False
2026,PI,180002540450,RAIMUNDO NETO E SILVA NOGUEIRA LIMA,1º SUPLENTE,PP,1,1,0,0,0,0,0,False
2026,PI,180002540451,JHAMYA WELINE VASCONCELOS JUNQUEIRA,1º SUPLENTE,PL,1,0,0,0,0,0,0,False
2026,PI,180002540679,JÉSSICALINE ALVES RODRIGUES,DEPUTADO FEDERAL,MOBILIZA,1,0,0,0,0,0,0,False
2026,PI,180002540680,GALIANA MARQUES DA COSTA,DEPUTADO FEDERAL,MOBILIZA,3,0,0,0,0,0,0,False
2026,PI,180002540684,MARCOS AURELIANO FERREIRA DA SILVA,DEPUTADO FEDERAL,MOBILIZA,2,0,0,0,0,0,0,False
2026,PI,180002540689,MAURICIO PEREIRA DE SOUSA,DEPUTADO FEDERAL,MOBILIZA,1,0,0,0,0,0,0,False
2026,PI,180002541415,WESLEY CARVALHO DE LIMA FRANÇA,DEPUTADO FEDERAL,DEMOCRATA,1,0,0,0,0,0,0,False
2026,PI,180002541416,MANOEL NETO LIMA OLIVEIRA,DEPUTADO FEDERAL,DEMOCRATA,1,1,0,0,0,0,0,False
2026,PI,180002541418,ANDREIA ANDRADE VIANA,DEPUTADO FEDERAL,DEMOCRATA,1,0,0,0,0,0,0,False
2026,PI,180002541420,PAULO CÉSAR ALVES LUSTOSA,DEPUTADO FEDERAL,DEMOCRATA,1,0,0,0,0,0,0,False
2026,PI,180002541691,SANDRA LIMA DE VASCONCELOS RAMOS,DEPUTADO FEDERAL,PODE,1,0,0,0,0,0,0,False
2026,PI,180002541692,MARIA DO DESTERRO DOS ANJOS SOARES,DEPUTADO FEDERAL,PODE,1,1,0,0,0,0,0,False
2026,PI,180002541693,GILBERTO MOREIRA DE SOUSA,DEPUTADO FEDERAL,PODE,1,0,0,0,0,0,0,False
2026,PI,180002541694,ALEXANDRE CAMPELO DE SOUSA,DEPUTADO FEDERAL,PODE,1,0,0,0,0,0,0,False
2026,PI,180002541695,DANIELLE DOS SANTOS ARAUJO,DEPUTADO FEDERAL,PODE,1,0,0,0,0,0,0,False
2026,PI,180002541696,CALEBE OLIVEIRA TEMPORAL DE SOUZA,DEPUTADO FEDERAL,PODE,1,0,0,0,0,0,0,False
2026,PI,180002541938,PEDRO LAURENTINO REIS PEREIRA,SENADOR,UP,1,1,0,0,0,0,0,False
2026,PI,180002544098,FABIO ABREU COSTA,DEPUTADO FEDERAL,REPUBLICANOS,4,2,0,0,0,0,0,False
2026,PI,180002544455,ANGELICA MARIA ARAUJO ALMEIDA DE SOUSA,2º SUPLENTE,MOBILIZA,1,0,0,0,0,0,0,False
2026,PI,180002544460,DYEGO SOARES ESTEVÃO,2º SUPLENTE,MOBILIZA,2,1,0,0,0,0,0,False
2026,PI,180002547859,FRANCISCO DAS CHAGAS DA SILVA,2º SUPLENTE,DC,2,0,0,0,0,0,0,False
2026,PI,180002547860,EVANDRO MARQUES CUNHA,SENADOR,DC,2,0,0,0,0,0,0,False
2026,PI,180002547861,JOSÉ AFONSO VIEIRA,1º SUPLENTE,DC,2,0,0,0,0,0,0,False
2026,PI,180002547863,DIONISIO CARVALHO NETO,SENADOR,DC,2,0,0,0,0,0,0,False
2026,PI,180002548156,GEOVANNI SANTOS DO NASCIMENTO,1º SUPLENTE,DEMOCRATA,1,0,0,0,0,0,0,False
2026,PI,180002548159,SEBASTIANA MARIA CRAVEIRO DA ROCHA,1º SUPLENTE,DEMOCRATA,1,1,0,0,0,0,0,False
2026,PI,180002548388,RAVENNA DE CASTRO LIMA AZEVEDO,GOVERNADOR,DEMOCRATA,1,0,0,0,0,0,0,False
2026,PI,180002548565,FRANCISCO JOSÉ MARTINS JURITY,GOVERNADOR,DC,1,0,0,0,0,0,0,False
2026,PI,180002548567,MILTON NONATO DA SILVA FILHO,2º SUPLENTE,PSDB,2,0,0,0,0,0,0,False
2026,PI,180002548571,ALBINATO VELOSO DA SILVA,DEPUTADO FEDERAL,PSDB,1,0,0,0,0,0,0,False
2026,PI,180002548573,ANTONIO DE PADUA BRITO COSTA,DEPUTADO FEDERAL,PSDB,1,0,0,0,0,0,0,False
2026,PI,180002548576,MAYARA LOPES DE ARÊA LEÃO ARAUJO,DEPUTADO FEDERAL,PSDB,1,0,0,0,0,0,0,False
2026,PI,180002548577,GRAZIELE MARIA OLIVEIRA FRANÇA,DEPUTADO FEDERAL,PSDB,1,0,0,0,0,0,0,False
2026,PI,180002548578,LUCAS HELLYUS DOS SANTOS BARBOSA,DEPUTADO FEDERAL,PSDB,1,0,0,0,0,0,0,False
2026,PI,180002548635,FRANCISCO LIMA SILVA JUNIOR,DEPUTADO ESTADUAL,PL,2,0,0,0,0,0,0,False
2026,PI,180002548636,MARCOS RAIMUNDO DE SOUZA,DEPUTADO ESTADUAL,PL,3,1,0,0,0,0,0,False
2026,PI,180002548637,VITOR DIEGO DE SOUSA LIMA,DEPUTADO ESTADUAL,PL,3,1,0,0,0,0,0,False
2026,PI,180002548638,FRANCISCA MARIA DOS REIS LIMA SOUSA,DEPUTADO ESTADUAL,PL,3,0,0,0,0,0,0,False
2026,PI,180002548639,ADELMAR FERREIRA DE SOUSA,DEPUTADO ESTADUAL,PL,3,0,0,0,0,0,0,False
2026,PI,180002548640,LANNA LYSA DE SOUSA CAMPOS,DEPUTADO ESTADUAL,PL,1,0,0,0,0,0,0,False
2026,PI,180002548641,FLÁVIA MOITA RAMOS,DEPUTADO ESTADUAL,PL,2,0,0,0,0,0,0,False
2026,PI,180002548642,FRANCISCO JACIEL SILVA DA CRUZ,DEPUTADO ESTADUAL,PL,3,1,0,0,0,0,0,False
2026,PI,180002548643,MANOEL LOPES CORREIA LIMA,DEPUTADO ESTADUAL,PL,1,0,0,0,0,0,0,False
2026,PI,180002548644,GLÓRIA BORGES SOARES,DEPUTADO ESTADUAL,PL,1,0,0,0,0,0,0,False
2026,PI,180002548645,SAMUEL COÊLHO DE MELO,DEPUTADO ESTADUAL,PL,2,0,0,0,0,0,0,False
2026,PI,180002548646,FRIDA SILVEIRA DIETRICH SOARES,DEPUTADO ESTADUAL,PL,2,0,0,0,0,0,0,False
2026,PI,180002548647,ALBERTO LUIS ARAÚJO SILVA,DEPUTADO ESTADUAL,PL,3,0,0,0,0,0,0,False
2026,PI,180002548648,OSIAS SOUSA AGUIAR,DEPUTADO ESTADUAL,PL,1,1,0,0,0,0,0,False
2026,PI,180002548649,PEDRO AYRES FILHO,DEPUTADO ESTADUAL,PL,3,0,0,0,0,0,0,False
2026,PI,180002548650,JOSÉ SUDÁRIO DA SILVA SOBRINHO,DEPUTADO ESTADUAL,PL,5,1,0,0,0,0,0,False
2026,PI,180002548652,SIDNEI BONACOLSI,DEPUTADO ESTADUAL,PL,3,0,0,0,0,0,0,False
2026,PI,180002548683,FRANCISCO ERIVAN COUTINHO LIMA,DEPUTADO FEDERAL,PL,3,2,0,0,0,0,0,False
2026,PI,180002548684,MARIA DO SOCORRO MEDEIROS DE SOUSA,DEPUTADO FEDERAL,PL,1,0,0,0,0,0,0,False
2026,PI,180002548685,CLEITON RAFAEL DE MORAES RUFINO,DEPUTADO FEDERAL,PL,1,1,0,0,0,0,0,False
2026,PI,180002548686,MAURICIO SÉRGIO FERREIRA SOARES DA SILVA JÚNIOR,DEPUTADO FEDERAL,PL,2,0,0,0,0,0,0,False
2026,PI,180002548688,ROGÉRIO GOMES GALVÃO LEITE,DEPUTADO FEDERAL,PL,5,2,0,2,1,0,0,True
2026,PI,180002548689,PAULO FERNANDO PEREZ NOBRE MOURÃO,DEPUTADO FEDERAL,PL,3,0,0,0,0,0,0,False
2026,PI,180002548690,NATANAEL RIBEIRO DA SILVA,DEPUTADO FEDERAL,PL,5,1,0,0,0,0,0,False
2026,PI,180002549591,FRANCISCO DAS CHAGAS PEREIRA DE SOUSA,DEPUTADO FEDERAL,DC,1,0,0,0,0,0,0,False
2026,PI,180002549593,CARLOS ALBERTO CARCARA DA SILVA,DEPUTADO FEDERAL,DC,1,0,0,0,0,0,0,False
2026,PI,180002549595,ANTONIO DE DEUS NETO,DEPUTADO FEDERAL,DC,1,0,0,0,0,0,0,False
2026,PI,180002549996,THAYS DIAS DE MORAIS,VICE-GOVERNADOR,UP,2,0,0,0,0,0,0,False
2026,PI,180002550676,DANIEL DA COSTA TEIXEIRA,DEPUTADO FEDERAL,PSOL,1,0,0,0,0,0,0,False
2026,PI,180002550677,CRISTIANO BRAGA FOLHA,DEPUTADO FEDERAL,REDE,1,0,0,0,0,0,0,False
2026,PI,180002552086,DARA DALILA FERREIRA NETO,DEPUTADO FEDERAL,UP,1,0,0,0,0,0,0,False
2026,PI,180002552094,CALINA RAQUEL LOPES BATISTA PEREIRA,DEPUTADO FEDERAL,AVANTE,1,0,0,0,0,0,0,False
2026,PI,180002552114,NEMAURA DE SOUSA SANTOS,DEPUTADO ESTADUAL,PSDB,1,0,0,0,0,0,0,False
2026,PI,180002553722,MARIA DE LOURDES SOARES MELO,GOVERNADOR,PCO,2,0,0,0,0,0,0,False
2026,PI,180002553723,ZEFERINO DA SILVA BRASIL,VICE-GOVERNADOR,PCO,2,0,0,0,0,0,0,False
2026,PI,180002553747,ITALLO LAMBERTINY ARCANJO SANTOS SÁ,DEPUTADO FEDERAL,PCO,2,0,0,0,0,0,0,False
2026,PI,180002553752,GEORGIA KARYNNE ARAGAO DE ANDRADE,1º SUPLENTE,PCO,2,1,0,0,0,0,0,False
2026,PI,180002553753,CLOVES JOSÉ DOS SANTOS,SENADOR,PCO,2,0,0,0,0,0,0,False
2026,PI,180002553972,ELIZANGELA DO NASCIMENTO PEREIRA,DEPUTADO ESTADUAL,PT,1,0,0,0,0,0,0,False
2026,PR,160002532588,MARIO SETO TAKEGUMA JUNIOR,DEPUTADO FEDERAL,PSB,2,0,0,0,0,0,0,False
2026,PR,160002532589,ANTÔNIO FERNANDO TEIGAO,DEPUTADO FEDERAL,PSB,2,0,0,0,0,0,0,False
2026,PR,160002532591,CHARLESTON ROBERTO DE OLIVEIRA MAYER JUNIOR,DEPUTADO FEDERAL,PSB,1,0,0,0,0,0,0,False
2026,PR,160002532592,OMAR RAIMUNDO PICHETH NETO,DEPUTADO FEDERAL,PSB,2,0,0,0,0,0,0,False
2026,PR,160002532593,ELEANGELA VASQUE CERVILHA,DEPUTADO FEDERAL,PSB,1,0,0,0,0,0,0,False
2026,PR,160002532594,EDSON FERNANDO DA SILVA,DEPUTADO FEDERAL,PSB,2,0,0,0,0,0,0,False
2026,PR,160002532595,ANDERSON TUCHINSKI DE OLIVEIRA,DEPUTADO FEDERAL,PSB,3,0,0,0,0,0,0,False
2026,PR,160002532596,LUCIANO DUCCI,DEPUTADO FEDERAL,PSB,8,3,0,1,1,0,0,True
2026,PR,160002532597,THAIS GOMES FERREIRA,DEPUTADO FEDERAL,PSB,3,1,0,0,0,0,0,False
2026,PR,160002532598,LUCAS SIQUEIRA DIONISIO,DEPUTADO FEDERAL,PSB,1,0,0,0,0,0,0,False
2026,PR,160002532600,REJANE SOLDANI SOBREIRO,DEPUTADO FEDERAL,PSB,1,0,0,0,0,0,0,False
2026,PR,160002532601,MARLI DIAS GONÇALVES,DEPUTADO FEDERAL,PSB,1,0,0,0,0,0,0,False
2026,PR,160002532602,CLODOMIR LUIZ ASCARI,DEPUTADO FEDERAL,PSB,1,1,0,0,0,0,0,False
2026,PR,160002532603,MARIA APARECIDA DA SILVA REIS PEREIRA,DEPUTADO FEDERAL,PSB,2,0,0,0,0,0,0,False
2026,PR,160002532604,ARIOVALDO RIBEIRO CARDOSO,DEPUTADO FEDERAL,PSB,3,2,0,2,3,0,0,True
2026,PR,160002532607,JHONY HENRIQUE MARIANO DA CUNHA,DEPUTADO FEDERAL,PSB,2,0,0,0,0,0,0,False
2026,PR,160002532608,MARCELO DA ROSA,DEPUTADO FEDERAL,PSB,2,0,0,0,0,0,0,False
2026,PR,160002532609,GILSON MOREIRA DA SILVA,DEPUTADO FEDERAL,PSB,4,0,0,0,0,0,0,False
2026,PR,160002532610,AMANDA MEDEIROS DIAS,DEPUTADO FEDERAL,PSB,3,1,0,0,0,0,0,False
2026,PR,160002532611,MARILU CAROLESKI DO PRADO,DEPUTADO FEDERAL,PSB,2,0,0,0,0,0,0,False
2026,PR,160002532612,ELAINE CRISTINA FARIA MARINS,DEPUTADO FEDERAL,PSB,1,0,0,0,0,0,0,False
2026,PR,160002532613,VALDIRIA IZIDORO LAUTON,DEPUTADO FEDERAL,PSB,2,0,0,0,0,0,0,False
2026,PR,160002532614,FRANCISMAR PRESTES LEAL,DEPUTADO FEDERAL,PSB,1,0,0,0,0,0,0,False
2026,PR,160002532615,JOÃO JOSÉ DOS SANTOS,DEPUTADO FEDERAL,PSB,3,3,0,3,3,0,0,True
2026,PR,160002532616,RÔMULO VERAS BEZERRA,DEPUTADO FEDERAL,PSB,1,0,0,0,0,0,0,False
2026,PR,160002532617,HAROLDO RODRIGUES FERREIRA,DEPUTADO FEDERAL,PSB,3,0,0,0,0,0,0,False
2026,PR,160002532618,JOSE CARLOS MARQUES DA SILVA,DEPUTADO FEDERAL,PSB,1,0,0,0,0,0,0,False
2026,PR,160002532853,ISABEL CRISTINA RAUEN SILVESTRI,DEPUTADO FEDERAL,PP,1,0,0,0,0,0,0,False
2026,PR,160002532856,MARCELO BELINATI MARTINS,DEPUTADO FEDERAL,PP,2,0,0,0,0,0,0,False
2026,PR,160002532859,PAULO HENRIQUE COLETTI FERNANDES,DEPUTADO FEDERAL,UNIÃO,3,1,0,0,0,0,0,False
2026,PR,160002532861,CRISTINA MARCIA SORIANO VELOSO ANDREACCI,DEPUTADO FEDERAL,PP,1,0,0,0,0,0,0,False
2026,PR,160002532868,GERSON DE JESUS MONTEIRO JUNIOR,DEPUTADO FEDERAL,PP,2,2,0,1,1,0,0,True
2026,PR,160002533446,FABIO DE OLIVEIRA DALÉCIO,DEPUTADO ESTADUAL,PP,1,0,0,0,0,0,0,False
2026,PR,160002533477,BRAULIO CESAR PEREIRA,DEPUTADO ESTADUAL,PP,2,0,0,0,0,0,0,False
2026,PR,160002533487,IRINEU JOSE DA CRUZ ALVES,DEPUTADO ESTADUAL,UNIÃO,1,1,0,0,0,0,0,False
2026,PR,160002536499,ARILSON MAROLDI CHIORATO,DEPUTADO FEDERAL,PT,3,1,0,0,0,0,0,False
2026,PR,160002536503,ANTONIO BERNARDO DA SILVA,DEPUTADO FEDERAL,PCDOB,1,0,0,0,0,0,0,False
2026,PR,160002536506,ANDRE LUIZ VARGAS ILARIO,DEPUTADO FEDERAL,PT,2,1,0,1,1,0,0,True
2026,PR,160002536507,EDUARDO ANTONIO GUADAGNIN DOS SANTOS,DEPUTADO FEDERAL,PT,1,0,0,0,0,0,0,False
2026,PR,160002536515,CLEVERSON PINGOS BUENO,DEPUTADO FEDERAL,PT,2,1,0,0,0,0,0,False
2026,PR,160002540759,ACSA BONJARDIM SILVA LOPES,DEPUTADO FEDERAL,REPUBLICANOS,1,0,0,0,0,0,0,False
2026,PR,160002540769,PEDRO DEBONI LUPION MELLO,DEPUTADO FEDERAL,REPUBLICANOS,4,1,0,0,0,0,0,False
2026,PR,160002540770,DIOGO ROBERTO HUTT,DEPUTADO FEDERAL,REPUBLICANOS,1,1,0,0,0,0,0,False
2026,PR,160002540771,ROGERIO MENDES DOS SANTOS,DEPUTADO FEDERAL,REPUBLICANOS,5,4,0,1,1,0,0,True
2026,PR,160002540772,RANIERI ALBERTON MARCHIORO,DEPUTADO FEDERAL,REPUBLICANOS,2,0,0,0,0,0,0,False
2026,PR,160002540774,NEUZA MARIA VIGANO,DEPUTADO FEDERAL,REPUBLICANOS,1,0,0,0,0,0,0,False
2026,PR,160002540780,JANAINA NAUMANN,DEPUTADO FEDERAL,REPUBLICANOS,1,0,0,0,0,0,0,False
2026,PR,160002540794,SILVIA CRISTINA DE LIMA,DEPUTADO FEDERAL,MDB,1,1,0,0,0,0,0,False
2026,PR,160002540834,EDSON JOSE DE VASCONCELOS,VICE-GOVERNADOR,PL,2,1,0,0,0,0,0,False
2026,PR,160002541985,JOSIAS MILANI,DEPUTADO FEDERAL,PDT,2,0,0,0,0,0,0,False
2026,PR,160002541991,JEANE ISLENA VASILEWSKI,DEPUTADO FEDERAL,PDT,1,0,0,0,0,0,0,False
2026,PR,160002541992,JESUS BRASIL CAPARROZ,DEPUTADO FEDERAL,PDT,1,0,0,0,0,0,0,False
2026,PR,160002542213,PAULO CESAR RODRIGUES,DEPUTADO FEDERAL,PDT,2,2,0,0,0,0,0,False
2026,PR,160002542218,ROBERTO REQUIAO DE MELLO E SILVA,DEPUTADO FEDERAL,PDT,4,4,0,0,0,0,0,False
2026,PR,160002542222,MARCIO ROSA DA SILVA,DEPUTADO FEDERAL,PDT,1,0,0,0,0,0,0,False
2026,PR,160002542224,JULIO ADRIANO TONATTO PHILBERT,DEPUTADO FEDERAL,PDT,3,0,0,0,0,0,0,False
2026,PR,160002542238,JOSE DE JESUZ IZAC,DEPUTADO ESTADUAL,PT,2,1,0,0,0,0,0,False
2026,PR,160002542243,ELISANGELA APARECIDA TOMBA,DEPUTADO ESTADUAL,PT,1,0,0,0,0,0,0,False
2026,PR,160002542249,STHEFANNY BELTHENCOOR DA SILVA BARBOSA,DEPUTADO ESTADUAL,PT,1,0,0,0,0,0,0,False
2026,PR,160002542262,ODARLONE SANTOS DE SOUZA ORENTE,DEPUTADO ESTADUAL,PT,1,0,0,0,0,0,0,False
2026,PR,160002542264,FERNANDO HENRIQUE TRICHES DUSO,DEPUTADO ESTADUAL,PV,3,2,0,0,0,0,0,False
2026,PR,160002542273,MAGALI GENERO,DEPUTADO ESTADUAL,PCDOB,1,1,0,0,0,0,0,False
2026,PR,160002542274,MARIA JOSE DE SOUZA EL SAAD,DEPUTADO ESTADUAL,PCDOB,1,0,0,0,0,0,0,False
2026,PR,160002542278,VALTER ANTONIO PEREIRA,DEPUTADO ESTADUAL,PT,1,1,0,0,0,0,0,False
2026,PR,160002542281,JOSE RODRIGUES LEMOS,DEPUTADO ESTADUAL,PT,2,1,0,0,0,0,0,False
2026,PR,160002542289,HOMERO FIGUEIREDO LIMA E MARCHESE,DEPUTADO FEDERAL,NOVO,1,0,0,0,0,0,0,False
2026,PR,160002542297,PAULO EDUARDO LIMA MARTINS,DEPUTADO FEDERAL,NOVO,1,0,0,0,0,0,0,False
2026,PR,160002542313,MARCELO RANGEL CRUZ DE OLIVEIRA,DEPUTADO FEDERAL,PSD,1,0,0,0,0,0,0,False
2026,PR,160002542315,ROSANGELA APARECIDA SILVEIRA,DEPUTADO FEDERAL,PSD,1,0,0,0,0,0,0,False
2026,PR,160002542316,DARLAN SCALCO,DEPUTADO FEDERAL,PSD,2,0,0,0,0,0,0,False
2026,PR,160002542317,HERALDO TRENTO,DEPUTADO FEDERAL,PSD,2,0,0,0,0,0,0,False
2026,PR,160002542319,JOSE APARECIDO GOTARDO,DEPUTADO FEDERAL,PSD,2,1,0,0,0,0,0,False
2026,PR,160002542321,WALTER VOLPATO,DEPUTADO FEDERAL,PSD,1,0,0,0,0,0,0,False
2026,PR,160002542323,LUIZ HILOSHI NISHIMORI,DEPUTADO FEDERAL,PSD,6,2,0,0,0,0,0,False
2026,PR,160002542324,LEONALDO PARANHOS DA SILVA,DEPUTADO FEDERAL,PSD,2,0,0,0,0,0,0,False
2026,PR,160002542329,WOLMIR CARDOSO DE AGUIAR,DEPUTADO FEDERAL,PSD,3,0,0,0,0,0,0,False
2026,PR,160002542331,SONIA MARIA ESTANSK,DEPUTADO FEDERAL,PSD,1,1,0,0,0,0,0,False
2026,PR,160002542334,CRISTIANE LINS DE ANDRADE,DEPUTADO FEDERAL,PSD,1,0,0,0,0,0,0,False
2026,PR,160002542336,ELCIO JAIME DA LUZ,DEPUTADO FEDERAL,PSD,4,2,0,1,1,0,0,True
2026,PR,160002542338,LISLAINE LOPES DA SILVA PASINI,DEPUTADO FEDERAL,PSD,1,0,0,0,0,0,0,False
2026,PR,160002542339,NILSON FERREIRA,DEPUTADO FEDERAL,PSD,2,1,0,0,0,0,0,False
2026,PR,160002542341,GIOVANI DONIZETE DOS ANJOS,DEPUTADO FEDERAL,PSD,3,0,0,0,0,0,0,False
2026,PR,160002542342,CAMILA FERNANDES BRITES,DEPUTADO FEDERAL,PSD,1,0,0,0,0,0,0,False
2026,PR,160002542366,CARLOS MATHEUS XAVIER SIMÕES,DEPUTADO ESTADUAL,NOVO,1,1,0,0,0,0,0,False
2026,PR,160002546804,OZIEL LUIZ DE SOUZA,DEPUTADO ESTADUAL,PSD,3,1,0,0,0,0,0,False
2026,PR,160002546809,ROSANA DAMAZIO DE SOUZA,DEPUTADO ESTADUAL,PSD,1,0,0,0,0,0,0,False
2026,PR,160002546813,ULISSES DE JESUS MAIA KOTSIFAS,DEPUTADO ESTADUAL,PSD,1,1,0,0,0,0,0,False
2026,PR,160002546815,LUZIA PRADO DE OLIVEIRA,DEPUTADO ESTADUAL,PSD,3,1,0,0,0,0,0,False
2026,PR,160002546817,MARIA CLARA GOMES FERREIRA BUARQUE,DEPUTADO ESTADUAL,PSD,1,1,0,0,0,0,0,False
2026,PR,160002546819,ARTAGAO DE MATTOS LEAO JUNIOR,DEPUTADO ESTADUAL,PSD,1,0,0,0,0,0,0,False
2026,PR,160002546822,ADRIANO JOSÉ DA SILVA,DEPUTADO ESTADUAL,PSD,1,0,0,0,0,0,0,False
2026,PR,160002546828,SERGIO ONOFRE DA SILVA,DEPUTADO ESTADUAL,PSD,1,1,0,0,0,0,0,False
2026,PR,160002546831,GLORIA SANTANA ARCANJO,DEPUTADO ESTADUAL,PSD,1,0,0,0,0,0,0,False
2026,PR,160002546833,ALDINO JORGE BUENO,DEPUTADO ESTADUAL,PSD,1,1,0,0,0,0,0,False
2026,PR,160002546834,MOACYR ELIAS FADEL JUNIOR,DEPUTADO ESTADUAL,PSD,1,0,0,0,0,0,0,False
2026,PR,160002546835,ROBERTO CORDEIRO JUSTUS,DEPUTADO ESTADUAL,PSD,1,1,0,1,1,0,0,True
2026,PR,160002546842,ADAO FERNANDES DA SILVA,DEPUTADO ESTADUAL,PSD,3,1,0,0,0,0,0,False
2026,PR,160002546844,PATRICIA CRISTINA ASSIS SANTOS,DEPUTADO ESTADUAL,PSD,2,0,0,0,0,0,0,False
2026,PR,160002546845,WILSON SAVIO PAULINO,DEPUTADO ESTADUAL,PSD,2,0,0,0,0,0,0,False
2026,PR,160002546847,INES WEIZEMANN DOS SANTOS,DEPUTADO ESTADUAL,PSD,1,0,0,0,0,0,0,False
2026,PR,160002546848,GIZELA TEIXEIRA PARANHOS DREHER,DEPUTADO ESTADUAL,PSD,1,0,0,0,0,0,0,False
2026,PR,160002546851,EMANUEL HUMBERTO DE OLIVEIRA BUENO,DEPUTADO ESTADUAL,PDT,1,0,0,0,0,0,0,False
2026,PR,160002546855,ANA LUCIA LEITE MORO VIEIRA,DEPUTADO ESTADUAL,PDT,1,0,0,0,0,0,0,False
2026,PR,160002546857,LEMUEL WILSON RODRIGUES,DEPUTADO ESTADUAL,PDT,1,0,0,0,0,0,0,False
2026,PR,160002546860,DAYANE CORDEIRO DA SILVEIRA,DEPUTADO ESTADUAL,PDT,1,0,0,0,0,0,0,False
2026,PR,160002546861,DEBORA WIETOZIKOSKI,DEPUTADO ESTADUAL,PDT,2,1,0,0,0,0,0,False
2026,PR,160002546864,ROZENILDA BUCHHORN,DEPUTADO ESTADUAL,PDT,1,1,0,0,0,0,0,False
2026,PR,160002546868,ADEMIR SILVEIRA DOS SANTOS,DEPUTADO ESTADUAL,PDT,1,1,0,0,0,0,0,False
2026,PR,160002546869,VALDECIR JALASKO,DEPUTADO ESTADUAL,PDT,1,0,0,0,0,0,0,False
2026,PR,160002546876,MARCOS DE OLIVEIRA RIBAS,DEPUTADO ESTADUAL,PDT,2,1,0,0,0,0,0,False
2026,PR,160002546878,RODRIGO MAURICIO DA CRUZ,DEPUTADO ESTADUAL,PDT,1,0,0,0,0,0,0,False
2026,PR,160002546880,ALFREDO RACHID,DEPUTADO ESTADUAL,PDT,1,0,0,0,0,0,0,False
2026,PR,160002546881,LUIZ TAVARES ROSA,DEPUTADO ESTADUAL,PDT,1,0,0,0,0,0,0,False
2026,PR,160002546883,JOSMAR DE JESUS BATISTA,DEPUTADO ESTADUAL,PDT,2,1,0,0,0,0,0,False
2026,PR,160002546884,RODOLFO FIORUCCI,DEPUTADO ESTADUAL,PDT,1,0,0,0,0,0,0,False
2026,PR,160002546885,MARCEL ACACIO DE JESUS CHERUBIM,DEPUTADO ESTADUAL,PDT,1,0,0,0,0,0,0,False
2026,PR,160002546887,VICTORIA MARTINA CHAVES GALLO,DEPUTADO ESTADUAL,PDT,1,1,0,0,0,0,0,False
2026,PR,160002546888,SANDRA TARABAYNE,DEPUTADO FEDERAL,PODE,1,0,0,0,0,0,0,False
2026,PR,160002546889,RODRIGO TLUSTIK VENEK,DEPUTADO FEDERAL,PODE,2,1,0,0,0,0,0,False
2026,PR,160002546891,LUCIANO ALVES DOS SANTOS,DEPUTADO FEDERAL,PODE,2,1,0,0,0,0,0,False
2026,PR,160002546892,EZEQUIEL MARCOS FERREIRA BUENO,DEPUTADO FEDERAL,PODE,2,1,0,0,0,0,0,False
2026,PR,160002546893,VAGNER DE MORAES ALAMINO,DEPUTADO FEDERAL,PODE,1,1,0,0,0,0,0,False
2026,PR,160002546899,MARCOS RENAN DE MATTOS CESCHIN,DEPUTADO FEDERAL,PODE,1,1,0,0,0,0,0,False
2026,PR,160002546900,LUIS FELIPE BONATTO FRANCISCHINI,DEPUTADO FEDERAL,PODE,1,1,0,0,0,0,0,False
2026,PR,160002547390,RAFAEL EIK BORGES FERREIRA,DEPUTADO ESTADUAL,AVANTE,1,1,0,0,0,0,0,False
2026,PR,160002547466,GUSTAVO SILVEIRA DA COSTA,DEPUTADO FEDERAL,PODE,1,1,0,0,0,0,0,False
2026,PR,160002547468,FABIULA CRISTHIANE LUSTOSA JUNGLES,DEPUTADO FEDERAL,PODE,1,0,0,0,0,0,0,False
2026,PR,160002547469,TANIA MARA ABRAO GUERREIRO,DEPUTADO FEDERAL,PODE,1,0,0,0,0,0,0,False
2026,PR,160002547470,ANA CARLA NOVAIS DOS SANTOS,DEPUTADO FEDERAL,PODE,1,0,0,0,0,0,0,False
2026,PR,160002547471,LUCIANO MOREIRA DE CASTILHO,DEPUTADO FEDERAL,PODE,1,0,0,0,0,0,0,False
2026,PR,160002547472,JOSÉ FRANCISCO MACHADO MARTINS,DEPUTADO FEDERAL,PODE,2,0,0,0,0,0,0,False
2026,PR,160002547474,ANTONIO MINICHIELLO NETO,DEPUTADO FEDERAL,PODE,1,0,0,0,0,0,0,False
2026,PR,160002547491,RUI BARBOSA FERRO,DEPUTADO ESTADUAL,PODE,1,0,0,0,0,0,0,False
2026,PR,160002547494,MICHELLE THAIS DE ASSIS TAPIA,DEPUTADO ESTADUAL,PODE,1,0,0,0,0,0,0,False
2026,PR,160002547495,EVANDRO BISPO DA CRUZ,DEPUTADO ESTADUAL,PODE,1,1,0,0,0,0,0,False
2026,PR,160002547496,FERNANDO LOURENCO DA SILVA,DEPUTADO ESTADUAL,PODE,1,0,0,0,0,0,0,False
2026,PR,160002547497,RODRIGO CORREA,DEPUTADO ESTADUAL,PODE,2,1,0,0,0,0,0,False
2026,PR,160002547499,JOÃO EDUARDO DOS SANTOS,DEPUTADO ESTADUAL,PODE,1,0,0,0,0,0,0,False
2026,PR,160002547500,PAULO ROGERIO DO CARMO,DEPUTADO ESTADUAL,PODE,1,1,0,0,0,0,0,False
2026,PR,160002547503,DANIEL RODRIGO ANDRADE ANDRASCHKO,DEPUTADO ESTADUAL,PODE,1,1,0,0,0,0,0,False
2026,PR,160002547504,EMERSON ARVELINO DA SILVA,DEPUTADO ESTADUAL,PODE,6,6,0,5,5,0,0,True
2026,PR,160002547505,MARIA DE LOURDES BERTANI,DEPUTADO ESTADUAL,PODE,2,1,0,0,0,0,0,False
2026,PR,160002547506,ARTIDOR JOSE DELCI SOARES,DEPUTADO ESTADUAL,PODE,1,1,0,0,0,0,0,False
2026,PR,160002547512,LUCAS GABRIEL RODRIGUES DOS SANTOS,DEPUTADO ESTADUAL,PODE,3,0,0,0,0,0,0,False
2026,PR,160002547515,SIDNEI SILVA PRESTES JUNIOR,DEPUTADO ESTADUAL,PODE,2,1,0,0,0,0,0,False
2026,PR,160002547516,SILVANA LUIZA DA SILVA RIBEIRO,DEPUTADO ESTADUAL,PODE,1,0,0,0,0,0,0,False
2026,PR,160002547517,IVONETE APARECIDA DOS SANTOS,DEPUTADO ESTADUAL,PODE,1,0,0,0,0,0,0,False
2026,PR,160002547524,CILENE DA SILVA PINHEIRO VIEIRA,DEPUTADO ESTADUAL,PODE,1,1,0,0,0,0,0,False
2026,PR,160002547528,SAMUEL PINHEIRO,DEPUTADO ESTADUAL,PODE,1,1,0,0,0,0,0,False
2026,PR,160002547529,LUIZ TARDIOLLE NETO,DEPUTADO ESTADUAL,PODE,1,1,0,0,0,0,0,False
2026,PR,160002547531,CINTHIA GONCALVES DA SILVA,DEPUTADO ESTADUAL,PODE,1,1,0,0,0,0,0,False
2026,PR,160002547532,WALDIRENE BUDAL,DEPUTADO ESTADUAL,PODE,2,0,0,0,0,0,0,False
2026,PR,160002547535,SEBASTIAO CARLOS DE SOUZA,DEPUTADO ESTADUAL,PODE,2,0,0,0,0,0,0,False
2026,PR,160002547536,SAMUEL ALMEIDA DA SILVA,DEPUTADO ESTADUAL,PODE,1,0,0,0,0,0,0,False
2026,PR,160002547538,ORLANDO SILVIO BADUINO,DEPUTADO ESTADUAL,REPUBLICANOS,5,1,0,1,3,0,0,True
2026,PR,160002547540,EDILSO FERNANDES,DEPUTADO ESTADUAL,REPUBLICANOS,1,0,0,0,0,0,0,False
2026,PR,160002547542,EDUARDO ALBANI DALA COSTA,DEPUTADO ESTADUAL,REPUBLICANOS,2,1,0,0,0,0,0,False
2026,PR,160002547544,JOSIMAR HUDEMA,DEPUTADO ESTADUAL,REPUBLICANOS,1,0,0,0,0,0,0,False
2026,PR,160002547547,SILVIA CRISTINA ALVES,DEPUTADO ESTADUAL,REPUBLICANOS,1,1,0,0,0,0,0,False
2026,PR,160002547553,DEOCLIDES ESPINDOLA DOS SANTOS JUNIOR,DEPUTADO ESTADUAL,REPUBLICANOS,2,0,0,0,0,0,0,False
2026,PR,160002547556,ELISANDRA PATRICIA SOARES,DEPUTADO ESTADUAL,REPUBLICANOS,1,0,0,0,0,0,0,False
2026,PR,160002547558,MARIO JUNIO KAZUO DA SILVA,DEPUTADO ESTADUAL,REPUBLICANOS,1,0,0,0,0,0,0,False
2026,PR,160002547560,ANDERSON CRIPA LUIS CARDOSO,DEPUTADO ESTADUAL,REPUBLICANOS,1,0,0,0,0,0,0,False
2026,PR,160002547561,TANIA APARECIDA MAION,DEPUTADO ESTADUAL,REPUBLICANOS,1,0,0,0,0,0,0,False
2026,PR,160002547581,GILSON DE SOUZA,DEPUTADO FEDERAL,PL,3,1,0,0,0,0,0,False
2026,PR,160002547596,MARCIA PEREIRA DA SILVA,DEPUTADO ESTADUAL,PL,3,0,0,0,0,0,0,False
2026,PR,160002547611,ITAMAR PAIM PRUCH,DEPUTADO ESTADUAL,PL,4,1,0,0,0,0,0,False
2026,PR,160002547613,ARNALDO DE SÁ MARANHÃO JUNIOR,DEPUTADO ESTADUAL,PL,3,1,0,0,0,0,0,False
2026,PR,160002547615,ROSÂNGELA ROSA,DEPUTADO ESTADUAL,PL,2,1,0,0,0,0,0,False
2026,PR,160002547635,MANOEL BATISTA DA SILVA JUNIOR,DEPUTADO ESTADUAL,PL,3,0,0,0,0,0,0,False
2026,PR,160002547639,MICHEL FERNANDO BECKER,DEPUTADO ESTADUAL,PL,5,1,0,0,0,0,0,False
2026,PR,160002547653,CELINA DO CARMO DA SILVA WOTCOSKI,2º SUPLENTE,PT,1,0,0,0,0,0,0,False
2026,PR,160002547658,FLORISVALDO FIER,SENADOR,PT,1,0,0,0,0,0,0,False
2026,PR,160002547659,WILSON PICLER,1º SUPLENTE,PL,1,0,0,0,0,0,0,False
2026,PR,160002547661,DELTAN MARTINAZZO DALLAGNOL,SENADOR,NOVO,4,1,0,0,0,0,0,False
2026,PR,160002547662,SERGIO ROBERTO DOMINGUES,2º SUPLENTE,PL,4,0,0,0,0,0,0,False
2026,PR,160002547663,PAULO HENRIQUE CARRANO SANTOS,1º SUPLENTE,PL,1,0,0,0,0,0,0,False
2026,PR,160002547664,MARKENSON MARQUES DOS SANTOS,2º SUPLENTE,NOVO,3,1,0,0,0,0,0,False
2026,PR,160002547665,MICHELE CAPUTO NETO,VICE-GOVERNADOR,SOLIDARIEDADE,1,0,0,0,0,0,0,False
2026,PR,160002547682,JOSE MAURINO DE OLIVEIRA MARTINS,DEPUTADO ESTADUAL,MDB,1,0,0,0,0,0,0,False
2026,PR,160002547708,FREDERICO SIMONI DA SILVA,DEPUTADO FEDERAL,PSOL,1,0,0,0,0,0,0,False
2026,PR,160002547712,VANICE PEDROSO DE LIMA,DEPUTADO FEDERAL,REDE,2,1,0,0,0,0,0,False
2026,PR,160002547716,ANTONIO GERALDO KILIM,DEPUTADO FEDERAL,PSOL,1,0,0,0,0,0,0,False
2026,PR,160002547720,LEANDRO SANTOS DIAS,DEPUTADO FEDERAL,PSOL,1,1,0,0,0,0,0,False
2026,PR,160002547723,ETIENE DA SILVA,DEPUTADO FEDERAL,PSOL,1,0,0,0,0,0,0,False
2026,PR,160002547728,VALDECIR BATISTA DOS SANTOS,DEPUTADO ESTADUAL,REDE,1,0,0,0,0,0,0,False
2026,PR,160002547731,IRENE DOS ANJOS,DEPUTADO ESTADUAL,REDE,6,2,0,0,0,0,0,False
2026,PR,160002547737,EDUARDO YOCHIMITSU FUJIKAWA,DEPUTADO ESTADUAL,PSOL,1,0,0,0,0,0,0,False
2026,PR,160002547741,LUIZ CARLOS RANGEL,DEPUTADO ESTADUAL,REDE,1,0,0,0,0,0,0,False
2026,PR,160002547743,ROBERTO GONZAGA DE OLIVEIRA COELHO,DEPUTADO ESTADUAL,REDE,1,0,0,0,0,0,0,False
2026,PR,160002547744,DANIELA PIRES DOS SANTOS,DEPUTADO ESTADUAL,REDE,2,0,0,0,0,0,0,False
2026,PR,160002547751,CLEILTON EDUARDO VICENTE,DEPUTADO ESTADUAL,REDE,3,0,0,0,0,0,0,False
2026,PR,160002547753,ELOY JACINTHO,DEPUTADO ESTADUAL,PSOL,1,0,0,0,0,0,0,False
2026,PR,160002547754,ANDREA APARECIDA GRESYK PEREIRA,DEPUTADO ESTADUAL,REDE,2,0,0,0,0,0,0,False
2026,PR,160002547758,MARCIA REGINA DOS SANTOS,DEPUTADO ESTADUAL,PSOL,1,0,0,0,0,0,0,False
2026,PR,160002547759,JEAN HENRIQUE DA CRUZ SILVA,DEPUTADO ESTADUAL,PSOL,1,0,0,0,0,0,0,False
2026,PR,160002547761,ANDERVAL APARECIDO COSTA DA SILVA,DEPUTADO ESTADUAL,REDE,3,1,0,0,0,0,0,False
2026,PR,160002547762,AGNALDO BARALDI RODRIGUES,DEPUTADO ESTADUAL,REDE,1,0,0,0,0,0,0,False
2026,PR,160002547767,MAURICIO ANTONIO DE FREITAS,DEPUTADO ESTADUAL,REDE,2,0,0,0,0,0,0,False
2026,PR,160002547953,AMANDA DEGASPERI DO CARMO SOUZA,DEPUTADO ESTADUAL,AVANTE,1,1,0,0,0,0,0,False
2026,PR,160002548032,DANUBIA CRISTINA SOARES,DEPUTADO ESTADUAL,PDT,1,0,0,0,0,0,0,False
2026,PR,160002549502,LARISSA GONCALVES COSTA,DEPUTADO ESTADUAL,MOBILIZA,4,2,0,0,0,0,0,False
2026,PR,160002549503,EDILSON APARECIDO GOES,DEPUTADO ESTADUAL,MOBILIZA,2,0,0,0,0,0,0,False
2026,PR,160002549505,VICTOR HUGO SAMPAIO CORREA,DEPUTADO ESTADUAL,MOBILIZA,1,0,0,0,0,0,0,False
2026,PR,160002549507,MARCIA REGINA MOTTA,DEPUTADO ESTADUAL,MOBILIZA,3,1,0,0,0,0,0,False
2026,PR,160002549508,JOÃO CARLOS DO NASCIMENTO,DEPUTADO ESTADUAL,MOBILIZA,3,1,0,0,0,0,0,False
2026,PR,160002549509,ODAIR GUILHEN,DEPUTADO ESTADUAL,MOBILIZA,1,0,0,0,0,0,0,False
2026,PR,160002549510,ARTUR RIBEIRO PEREIRA DE SOUZA,DEPUTADO ESTADUAL,MOBILIZA,3,1,0,0,0,0,0,False
2026,PR,160002549514,JOSE APARECIDO DOS SANTOS,DEPUTADO ESTADUAL,MOBILIZA,1,0,0,0,0,0,0,False
2026,PR,160002549515,DEOCLECIO ACHRE,DEPUTADO ESTADUAL,MOBILIZA,1,0,0,0,0,0,0,False
2026,PR,160002549516,SELMA APARECIDA GALDINO,DEPUTADO ESTADUAL,MOBILIZA,1,0,0,0,0,0,0,False
2026,PR,160002549525,MARCUS ANTONIO ELIAS ROQUE,DEPUTADO FEDERAL,PSDB,3,0,0,0,0,0,0,False
2026,PR,160002549526,JOAO CLAUDIO DEROSSO,DEPUTADO FEDERAL,PSDB,1,1,0,1,17,0,0,True
2026,PR,160002549530,TULIO MARCELO DENIG BANDEIRA,DEPUTADO FEDERAL,PSDB,18,12,0,9,7,0,0,True
2026,PR,160002549531,LEANDRO DA SILVA PINTO,DEPUTADO FEDERAL,PSDB,1,1,0,0,0,0,0,False
2026,PR,160002549532,CELSO VARIANI FERRI,DEPUTADO FEDERAL,PSDB,4,2,0,0,0,0,0,False
2026,PR,160002549534,IVANILDO DA SILVA,DEPUTADO FEDERAL,PSDB,2,1,0,0,0,0,0,False
2026,PR,160002549538,JOAO HENRIQUE MATOS CARRARA,DEPUTADO FEDERAL,CIDADANIA,1,1,0,0,0,0,0,False
2026,PR,160002549542,MARJORIE LOUISE FERREIRA DE SOUZA,DEPUTADO FEDERAL,PSDB,1,0,0,0,0,0,0,False
2026,PR,160002549545,ANDREIA GRUTDNER,DEPUTADO FEDERAL,PSDB,1,0,0,0,0,0,0,False
2026,PR,160002549549,FRANCISCO LACERDA BRASILEIRO,DEPUTADO FEDERAL,PSDB,1,0,0,0,0,0,0,False
2026,PR,160002549551,EVANDRO ROGERIO ROMAN,DEPUTADO FEDERAL,CIDADANIA,2,2,0,2,2,0,0,True
2026,PR,160002551013,MARIANNY THAYLA CARVALHO GUEDES,DEPUTADO FEDERAL,MISSÃO,1,1,0,0,0,0,0,False
2026,PR,160002551015,JÉSSICA THIS MACHADO,DEPUTADO FEDERAL,MISSÃO,2,0,0,0,0,0,0,False
2026,PR,160002551016,MAURÍCIO MATHEUS FRANCISCON,DEPUTADO FEDERAL,MISSÃO,1,0,0,0,0,0,0,False
2026,PR,160002551017,GLAUBERSON ROCHA,DEPUTADO FEDERAL,MISSÃO,1,0,0,0,0,0,0,False
2026,PR,160002551018,FELIPE GÂMBARO PEREIRA,DEPUTADO FEDERAL,MISSÃO,1,0,0,0,0,0,0,False
2026,PR,160002551019,MARIA APARECIDA BARRETO,DEPUTADO FEDERAL,MISSÃO,1,1,0,0,0,0,0,False
2026,PR,160002551020,FERNANDO GARBATCHEVSKI,DEPUTADO FEDERAL,MISSÃO,1,0,0,0,0,0,0,False
2026,PR,160002551021,CARLOS EDUARDO DE OLIVEIRA GASPARIN,DEPUTADO FEDERAL,MISSÃO,1,0,0,0,0,0,0,False
2026,PR,160002551023,JOSÉ MATHEUS DAMASCENO MACHADO ZOZOLOTO DARIVA,DEPUTADO FEDERAL,MISSÃO,1,0,0,0,0,0,0,False
2026,PR,160002551025,RICARDO ANDRE SCHIRMANN PEREIRA,DEPUTADO FEDERAL,MISSÃO,2,0,0,0,0,0,0,False
2026,PR,160002551029,EDUARDO KRUGER COSTA,DEPUTADO FEDERAL,MISSÃO,1,0,0,0,0,0,0,False
2026,PR,160002551031,EMANUELLE SHTORACH BITTENCOURT,DEPUTADO FEDERAL,MISSÃO,1,1,0,0,0,0,0,False
2026,PR,160002551032,GERUSA FRANCIELLI CORREA DA SILVA,DEPUTADO FEDERAL,MISSÃO,1,0,0,0,0,0,0,False
2026,PR,160002551034,ISAAK JOEL PEREIRA ALMEIDA,DEPUTADO FEDERAL,MISSÃO,1,0,0,0,0,0,0,False
2026,PR,160002551035,VICTOR HUGO MOREIRA,DEPUTADO FEDERAL,MISSÃO,1,0,0,0,0,0,0,False
2026,PR,160002551036,GABRIEL JULIANO BERTOLUCCI RODRIGUES,DEPUTADO FEDERAL,MISSÃO,3,2,0,0,0,0,0,False
2026,PR,160002551037,TAYNA RUTKOWSKI VIEIRA MARTINS,DEPUTADO FEDERAL,MISSÃO,1,1,0,0,0,0,0,False
2026,PR,160002551038,ANDREY LUIZ DE MELO OZORIO,DEPUTADO FEDERAL,MISSÃO,1,0,0,0,0,0,0,False
2026,PR,160002551039,YAN PEREIRA GAUDARD,DEPUTADO FEDERAL,MISSÃO,1,0,0,0,0,0,0,False
2026,PR,160002551041,MARCELLO INÁCIO DE PAULA,DEPUTADO FEDERAL,MISSÃO,1,0,0,0,0,0,0,False
2026,PR,160002551042,CAROLINE SANTOS BARBOSA,DEPUTADO FEDERAL,MISSÃO,2,0,0,0,0,0,0,False
2026,PR,160002551044,PATRICIA COTA,1º SUPLENTE,UP,2,1,0,0,0,0,0,False
2026,PR,160002551045,JOÃO FERNANDO DORNELLAS DE OLIVEIRA,2º SUPLENTE,UP,2,0,0,0,0,0,0,False
2026,PR,160002551046,JULIANE MENDES BERNARDO,DEPUTADO ESTADUAL,UP,2,0,0,0,0,0,0,False
2026,PR,160002551119,SONNI JAIR RICARDO COLOMBO REZINI,1º SUPLENTE,MISSÃO,1,0,0,0,0,0,0,False
2026,PR,160002551120,RENATO SCARANTE,2º SUPLENTE,MISSÃO,2,0,0,0,0,0,0,False
2026,PR,160002551121,KAREN CORREIA GUERREIRO,SENADOR,MISSÃO,2,0,0,0,0,0,0,False
2026,PR,160002551151,RAPHAEL LACERDA ARAÚJO BANDEIRA,DEPUTADO ESTADUAL,MISSÃO,3,1,0,0,0,0,0,False
2026,PR,160002551152,ERICA DE FREITAS GONÇALVES,DEPUTADO ESTADUAL,MISSÃO,1,0,0,0,0,0,0,False
2026,PR,160002551154,LUCAS BACKES,DEPUTADO ESTADUAL,MISSÃO,1,0,0,0,0,0,0,False
2026,PR,160002551155,DYAMOND PIRES,DEPUTADO ESTADUAL,MISSÃO,1,0,0,0,0,0,0,False
2026,PR,160002551156,MARIA GRACIELA MOREIRA,DEPUTADO ESTADUAL,MISSÃO,2,0,0,0,0,0,0,False
2026,PR,160002551158,WAGNER PROENCA JUNIOR,DEPUTADO ESTADUAL,MISSÃO,2,0,0,0,0,0,0,False
2026,PR,160002551159,EDUARDO NUNES GOMES,DEPUTADO ESTADUAL,MISSÃO,2,0,0,0,0,0,0,False
2026,PR,160002551160,THIAGO PELEGRINI MALDONADO,DEPUTADO ESTADUAL,MISSÃO,1,0,0,0,0,0,0,False
2026,PR,160002551161,KELVEN DE ALCANTARA BONFIM,DEPUTADO ESTADUAL,MISSÃO,1,1,0,0,0,0,0,False
2026,PR,160002551162,ALINE DE SOUZA FRANZON,DEPUTADO ESTADUAL,MISSÃO,2,0,0,0,0,0,0,False
2026,PR,160002551164,CARLOS EDUARDO DE LIMA,DEPUTADO ESTADUAL,MISSÃO,2,0,0,0,0,0,0,False
2026,PR,160002551165,FRANCYELLY IENE GOMES ENGEE,DEPUTADO ESTADUAL,MISSÃO,1,0,0,0,0,0,0,False
2026,PR,160002551166,DANUSA LOPES BEZERRA,DEPUTADO ESTADUAL,MISSÃO,2,1,0,0,0,0,0,False
2026,PR,160002551167,MATEUS PEPICE,DEPUTADO ESTADUAL,MISSÃO,1,1,0,0,0,0,0,False
2026,PR,160002551169,ADRIANO FRITZ,DEPUTADO ESTADUAL,MISSÃO,2,0,0,0,0,0,0,False
2026,PR,160002551170,ODENILSON VICENTE,DEPUTADO ESTADUAL,MISSÃO,1,1,0,0,0,0,0,False
2026,PR,160002551171,MARIANE APARECIDA MAZZON,DEPUTADO ESTADUAL,MISSÃO,2,1,0,0,0,0,0,False
2026,PR,160002551172,WILLIAN PEDROSO DA ROCHA,DEPUTADO ESTADUAL,MISSÃO,1,0,0,0,0,0,0,False
2026,PR,160002551173,RUBENS EDUARDO CORREIA DO NASCIMENTO,DEPUTADO ESTADUAL,MISSÃO,1,0,0,0,0,0,0,False
2026,PR,160002551176,ALESSANDRA PIEROBOM DOS SANTOS LIMA,DEPUTADO ESTADUAL,MISSÃO,1,0,0,0,0,0,0,False
2026,PR,160002551177,LUDGERIO RIESEMBERG,DEPUTADO ESTADUAL,MISSÃO,1,0,0,0,0,0,0,False
2026,PR,160002551178,PAULO HENRIQUE DE MELO,DEPUTADO ESTADUAL,MISSÃO,6,3,0,0,0,0,0,False
2026,PR,160002551179,BRUNO LOPES VIEIRA,DEPUTADO ESTADUAL,MISSÃO,4,3,0,3,3,0,0,True
2026,PR,160002551180,GUSTAVO KOMIYAMA CAMILLO,DEPUTADO ESTADUAL,MISSÃO,1,1,0,0,0,0,0,False
2026,PR,160002551181,ELOINE ALMEIDA STUCHI,DEPUTADO ESTADUAL,MISSÃO,2,1,0,0,0,0,0,False
2026,PR,160002551183,NATALIE AMARO DA SILVEIRA FACCO,DEPUTADO ESTADUAL,MISSÃO,1,0,0,0,0,0,0,False
2026,PR,160002551662,FRANCISCA PEREIRA DA SILVA NAKAZONO,DEPUTADO ESTADUAL,PSD,2,0,0,0,0,0,0,False
2026,PR,160002552139,ARI ANTONIO ALVES SOBRINHO,DEPUTADO FEDERAL,PDT,1,0,0,0,0,0,0,False
2026,PR,160002552570,VICTOR AUGUSTO OLIVEIRA DO NASCIMENTO,DEPUTADO FEDERAL,PODE,1,0,0,0,0,0,0,False
2026,PR,160002552585,GISLAINE GONÇALVES,DEPUTADO FEDERAL,PDT,1,0,0,0,0,0,0,False
2026,PR,160002552761,LEONICE MOTTA VIEIRA,DEPUTADO ESTADUAL,PSDB,4,1,0,0,0,0,0,False
2026,PR,160002552762,EDINA MARIA PORUCZENHSKI PEREIRA,DEPUTADO ESTADUAL,PSDB,1,0,0,0,0,0,0,False
2026,PR,160002552783,FLAVIA LUIZA NOGUEIRA DOS SANTOS,DEPUTADO ESTADUAL,PSDB,1,0,0,0,0,0,0,False
2026,PR,160002552785,JESIEL DA SILVA,DEPUTADO ESTADUAL,PSDB,1,0,0,0,0,0,0,False
2026,PR,160002552786,LUCIANO JOSE GOMES,DEPUTADO ESTADUAL,PSDB,3,1,0,0,0,0,0,False
2026,PR,160002552787,MIRELLE DO CARMO ROMANCHUC DE OLIVEIRA,DEPUTADO ESTADUAL,PSDB,2,2,0,0,0,0,0,False
2026,PR,160002552788,SILVANA ROSA PEREIRA,DEPUTADO ESTADUAL,PSDB,2,1,0,0,0,0,0,False
2026,PR,160002552789,JAIR ARCENO DOS SANTOS,DEPUTADO ESTADUAL,PSDB,5,1,0,0,0,0,0,False
2026,PR,160002552790,LUCAS APARECIDO RAMOS,DEPUTADO ESTADUAL,CIDADANIA,3,1,0,1,1,0,0,True
2026,PR,160002552791,TAISON WILLIAN DA SILVA SUTIL,DEPUTADO ESTADUAL,PSDB,1,0,0,0,0,0,0,False
2026,PR,160002552793,FABIO RICARDO ALVES,DEPUTADO ESTADUAL,PSDB,4,1,0,0,0,0,0,False
2026,PR,160002552794,JADERSON DA SILVA,DEPUTADO ESTADUAL,PSDB,2,0,0,0,0,0,0,False
2026,PR,160002552795,ADELINO RIBEIRO SILVA,DEPUTADO ESTADUAL,PSDB,1,1,0,0,0,0,0,False
2026,PR,160002552796,ANTONIO GARCIA,DEPUTADO ESTADUAL,PSDB,3,2,0,1,0,1,0,True
2026,PR,160002552798,ORIVALDO ROBERTO OLIVEIRA DA SILVA,DEPUTADO ESTADUAL,CIDADANIA,4,2,0,0,0,0,0,False
2026,PR,160002552799,ADRIANE RIBEIRO DE JESUS SALVADOR,DEPUTADO ESTADUAL,PSDB,2,0,0,0,0,0,0,False
2026,PR,160002552800,EDSON PEREIRA RODRIGUES,DEPUTADO ESTADUAL,PSDB,3,1,0,0,0,0,0,False
2026,PR,160002552802,MOISES ROSA DA CONCEICAO,DEPUTADO ESTADUAL,PSDB,2,0,0,0,0,0,0,False
2026,PR,160002552803,WAGNER ESQUIANI MARTINS,DEPUTADO ESTADUAL,PSDB,1,0,0,0,0,0,0,False
2026,PR,160002552804,ANGELA JULIANE COSTA,DEPUTADO ESTADUAL,PSDB,2,1,0,0,0,0,0,False
2026,PR,160002552805,ELIZ REGINA DE MELO FUJIHARU,DEPUTADO ESTADUAL,PSDB,1,0,0,0,0,0,0,False
2026,PR,160002552806,LUCIANO JOSE IGNACIO,DEPUTADO ESTADUAL,PSDB,8,1,0,0,0,0,0,False
2026,PR,160002552807,MARCIA MARIA DA SILVEIRA,DEPUTADO ESTADUAL,PSDB,2,0,0,0,0,0,0,False
2026,PR,160002552808,BRUNO DA SILVA NOGUEIRA,DEPUTADO ESTADUAL,CIDADANIA,4,0,0,0,0,0,0,False
2026,PR,160002552809,ARI VALDIR DO NASCIMENTO LOPES,DEPUTADO ESTADUAL,PSDB,1,1,0,0,0,0,0,False
2026,PR,160002552812,EDILBERTO DE ARAUJO AVILA,DEPUTADO ESTADUAL,PSDB,1,0,0,0,0,0,0,False
2026,PR,160002552813,MARIA DE LOURDES TAMAGNINI,DEPUTADO ESTADUAL,CIDADANIA,1,1,0,0,0,0,0,False
2026,PR,160002552818,ANA GABRIELA DE SOUZA PEREIRA,DEPUTADO ESTADUAL,PSDB,1,0,0,0,0,0,0,False
2026,PR,160002552819,ORIVALDO SOLER PERES,DEPUTADO ESTADUAL,PSDB,1,0,0,0,0,0,0,False
2026,PR,160002552821,JAIRO CARDOSO DE SOUZA,DEPUTADO ESTADUAL,PSDB,1,0,0,0,0,0,0,False
2026,PR,160002552822,ELCY BARRETO FERNANDES,DEPUTADO ESTADUAL,PSDB,4,2,0,0,0,0,0,False
2026,PR,160002552823,SILVINHO PEREIRA RIBEIRO,DEPUTADO ESTADUAL,PSDB,1,1,0,0,0,0,0,False
2026,PR,160002552824,DORCAS NOGUEIRA,DEPUTADO ESTADUAL,PSDB,3,2,0,0,0,0,0,False
2026,PR,160002552825,EDUARDO DE OLIVEIRA FILHO,DEPUTADO ESTADUAL,PSDB,3,0,0,0,0,0,0,False
2026,PR,160002552828,EDSON FERREIRA DA SILVA,DEPUTADO ESTADUAL,PSDB,2,2,0,0,0,0,0,False
2026,PR,160002552829,PAULO HENRIQUE OLIVEIRA COSTA,DEPUTADO ESTADUAL,PSDB,3,3,0,0,0,0,0,False
2026,PR,160002552830,SANDRA APARECIDA DA SILVA LOPES,DEPUTADO ESTADUAL,PSDB,2,0,0,0,0,0,0,False
2026,PR,160002553357,ANGELA GARCIA,DEPUTADO FEDERAL,SOLIDARIEDADE,1,1,0,1,1,0,0,True
2026,PR,160002553358,CLEIR JORGE BRANDAO,DEPUTADO FEDERAL,SOLIDARIEDADE,1,0,0,0,0,0,0,False
2026,PR,160002553363,MARCO ANTONIO ABUJAMRA,DEPUTADO FEDERAL,SOLIDARIEDADE,5,2,0,0,0,0,0,False
2026,PR,160002553365,FRANCISJONES CAVALCANTI,DEPUTADO FEDERAL,SOLIDARIEDADE,1,1,0,0,0,0,0,False
2026,PR,160002553379,EDIVANDE JOSÉ DE FREITAS,DEPUTADO ESTADUAL,SOLIDARIEDADE,1,0,0,0,0,0,0,False
2026,PR,160002553385,CASSIO JULIANO PEREIRA KOTRICH,DEPUTADO ESTADUAL,SOLIDARIEDADE,4,0,0,0,0,0,0,False
2026,PR,160002553387,TIAGO ROCCO REZENDE,DEPUTADO ESTADUAL,SOLIDARIEDADE,1,0,0,0,0,0,0,False
2026,PR,160002554287,MAITÊ DIAS,DEPUTADO ESTADUAL,PSD,1,0,0,0,0,0,0,False
2026,RJ,190002532796,REBECA TEIXEIRA RAMAGEM RODRIGUES,DEPUTADO FEDERAL,PL,1,0,0,0,0,0,0,False
2026,RJ,190002532799,EDNARDO DAVILA MELLO RAPOSO,DEPUTADO FEDERAL,PL,3,1,0,1,1,0,0,True
2026,RJ,190002532800,SANDRA BRAZ DOS SANTOS,DEPUTADO FEDERAL,PL,1,0,0,0,0,0,0,False
2026,RJ,190002532805,WLADIMIR BARROS ASSED MATHEUS DE OLIVEIRA,DEPUTADO FEDERAL,PL,4,3,0,0,0,0,0,False
2026,RJ,190002532809,FILIPPE MEDEIROS POUBEL,DEPUTADO FEDERAL,PL,10,8,0,3,15,0,0,True
2026,RJ,190002532817,DOUGLAS DE SOUZA GOMES,DEPUTADO FEDERAL,PL,1,1,0,1,1,0,0,True
2026,RJ,190002532818,ANTONIO DA LUZ FURTADO,DEPUTADO FEDERAL,PL,1,1,0,0,0,0,0,False
2026,RJ,190002532819,EDUARDO PAZUELLO,DEPUTADO FEDERAL,PL,2,0,0,0,0,0,0,False
2026,RJ,190002532823,JORGE LUCIO FERREIRA MIRANDA,DEPUTADO FEDERAL,PL,1,1,0,1,2,0,0,True
2026,RJ,190002532827,DANIELLE DYTZ DA CUNHA,DEPUTADO FEDERAL,PL,1,0,0,0,0,0,0,False
2026,RJ,190002532831,IGOR PORTO GAVAZZI,DEPUTADO FEDERAL,PL,1,1,0,0,0,0,0,False
2026,RJ,190002532832,MAURÍLIO RIBEIRO SCHIAVO,DEPUTADO FEDERAL,PL,1,0,0,0,0,0,0,False
2026,RJ,190002532833,VANESSA DA SILVA OLIVEIRA,DEPUTADO FEDERAL,PL,1,0,0,0,0,0,0,False
2026,RJ,190002532834,CHRISTINE NOGUEIRA DOS REIS TONIETTO,DEPUTADO FEDERAL,PL,1,0,0,0,0,0,0,False
2026,RJ,190002533421,DANIEL MARQUES FREDERICO,DEPUTADO ESTADUAL,PL,1,1,0,0,0,0,0,False
2026,RJ,190002533423,VALDECIR DIAS DA SILVA,DEPUTADO ESTADUAL,PL,3,0,0,0,0,0,0,False
2026,RJ,190002533428,BRUNO BASTOS LESSA,DEPUTADO ESTADUAL,PL,2,0,0,0,0,0,0,False
2026,RJ,190002533432,RODRIGO JARDIM ASCOLY,DEPUTADO ESTADUAL,PL,2,2,0,1,1,0,0,True
2026,RJ,190002533676,OCTAVIO SAMPAIO DA COSTA DE PAULA,DEPUTADO ESTADUAL,PL,2,1,0,1,1,0,0,True
2026,RJ,190002533680,ROGERIO MARTINS PIRES DE AMORIM,DEPUTADO ESTADUAL,PL,1,1,0,0,0,0,0,False
2026,RJ,190002533686,JORGE MIGUEL FELIPPE POYARES BETHLEM,DEPUTADO ESTADUAL,PL,1,1,0,0,0,0,0,False
2026,RJ,190002533687,FELIPE FERREIRA,DEPUTADO ESTADUAL,PL,1,0,0,0,0,0,0,False
2026,RJ,190002533688,ALEXANDRE ISQUIERDO MOREIRA,DEPUTADO ESTADUAL,PL,2,0,0,0,0,0,0,False
2026,RJ,190002533694,BRUNO ALVES BOARETTO,DEPUTADO ESTADUAL,PL,1,0,0,0,0,0,0,False
2026,RJ,190002533695,SERGIO RENATO FERREIRA MIRANDA,DEPUTADO ESTADUAL,PL,5,5,0,1,1,0,0,True
2026,RJ,190002533697,RALPH GRACIE,DEPUTADO ESTADUAL,PL,3,1,0,1,1,0,0,True
2026,RJ,190002533703,RODRIGO DA COSTA MEDEIROS,DEPUTADO ESTADUAL,PL,2,2,0,1,1,0,0,True
2026,RJ,190002533704,ALAN LOPES SANTANA,DEPUTADO ESTADUAL,PL,1,1,0,1,1,0,0,True
2026,RJ,190002533709,KAUAN DE ABREU MEDEIROS POUBEL,DEPUTADO ESTADUAL,PL,2,0,0,0,0,0,0,False
2026,RJ,190002533711,PEDRO RICARDO DE CARVALHO OLIVEIRA,DEPUTADO ESTADUAL,PL,2,1,0,0,0,0,0,False
2026,RJ,190002534054,ALEXANDRE SILVA DOS SANTOS,DEPUTADO ESTADUAL,SOLIDARIEDADE,1,1,0,1,7,0,0,True
2026,RJ,190002534055,LILIAM SA DE PAULA,DEPUTADO ESTADUAL,SOLIDARIEDADE,1,1,0,1,1,0,0,True
2026,RJ,190002534057,ALEXANDRE BATISTA PINTO,DEPUTADO ESTADUAL,SOLIDARIEDADE,3,2,0,0,0,0,0,False
2026,RJ,190002534058,IZABEL CRISTINA PIMENTEL DE OLIVEIRA,DEPUTADO ESTADUAL,PRD,1,0,0,0,0,0,0,False
2026,RJ,190002534059,LEONARDO HENRIQUE VIEIRA DE MORAES,DEPUTADO ESTADUAL,SOLIDARIEDADE,3,1,0,0,0,0,0,False
2026,RJ,190002534061,ALEXANDRE AGUIAR,DEPUTADO ESTADUAL,SOLIDARIEDADE,2,2,0,0,0,0,0,False
2026,RJ,190002534062,WELLINGTON PAULINO DE SOUZA,DEPUTADO ESTADUAL,SOLIDARIEDADE,3,1,0,0,0,0,0,False
2026,RJ,190002534063,DALIELSON PEREIRA BERTO,DEPUTADO ESTADUAL,SOLIDARIEDADE,2,1,0,0,0,0,0,False
2026,RJ,190002534064,RENATO DE ABREU,DEPUTADO ESTADUAL,SOLIDARIEDADE,1,1,0,1,2,0,0,True
2026,RJ,190002534065,DENIS MAIQUEL DA COSTA RAMOS,DEPUTADO ESTADUAL,SOLIDARIEDADE,3,2,0,1,1,0,0,True
2026,RJ,190002534066,JAIRO SOUZA BISPO DOS SANTOS,DEPUTADO ESTADUAL,SOLIDARIEDADE,4,2,0,1,1,0,0,True
2026,RJ,190002534071,ELIESIO PERES DA SILVA,DEPUTADO ESTADUAL,PRD,1,0,0,0,0,0,0,False
2026,RJ,190002534073,GISELE SANTOS DO NASCIMENTO TEIXEIRA,DEPUTADO ESTADUAL,SOLIDARIEDADE,1,0,0,0,0,0,0,False
2026,RJ,190002534074,JOAO EVANGELISTA LUCAS,DEPUTADO ESTADUAL,SOLIDARIEDADE,3,1,0,0,0,0,0,False
2026,RJ,190002534075,FABIO TOBIAS DE ARAUJO,DEPUTADO ESTADUAL,PRD,2,2,0,0,0,0,0,False
2026,RJ,190002534077,MARCELLA NOBREGA DE MELLO ALVES,DEPUTADO ESTADUAL,SOLIDARIEDADE,4,2,0,0,0,0,0,False
2026,RJ,190002534078,FRANCISCO DOMINICO CORONEL JUNIOR,DEPUTADO ESTADUAL,SOLIDARIEDADE,3,1,0,0,0,0,0,False
2026,RJ,190002534079,JOÃO FELIPE DRUMOND ESPINDOLA DE FREITAS,DEPUTADO ESTADUAL,PRD,1,0,0,0,0,0,0,False
2026,RJ,190002534080,JORGE BRUM CRISPIM DE CARVALHO,DEPUTADO ESTADUAL,PRD,1,1,0,0,0,0,0,False
2026,RJ,190002534081,CLAUDIA DE FARIAS BRAGA DE ABREU,DEPUTADO ESTADUAL,SOLIDARIEDADE,1,0,0,0,0,0,0,False
2026,RJ,190002534082,MARCOS PARREIRA DO CARMO,DEPUTADO ESTADUAL,PRD,1,0,0,0,0,0,0,False
2026,RJ,190002534085,VAGNER MATEUS DOS SANTOS,DEPUTADO ESTADUAL,PRD,2,0,0,0,0,0,0,False
2026,RJ,190002534086,RENATO COSTA VALVERDE,DEPUTADO ESTADUAL,SOLIDARIEDADE,1,1,0,0,0,0,0,False
2026,RJ,190002534089,MARIA INES DE ARAUJO DOS SANTOS,DEPUTADO ESTADUAL,SOLIDARIEDADE,2,1,0,0,0,0,0,False
2026,RJ,190002534090,ANA PAULA FREITAS SOARES PIMENTEL,DEPUTADO ESTADUAL,PRD,3,2,0,0,0,0,0,False
2026,RJ,190002534091,LELIANE MARIA PINHEIRO,DEPUTADO ESTADUAL,SOLIDARIEDADE,3,2,0,0,0,0,0,False
2026,RJ,190002534093,CAMILA PALERMO TOBLER,DEPUTADO ESTADUAL,SOLIDARIEDADE,1,0,0,0,0,0,0,False
2026,RJ,190002534094,SIDNEY MORGADO NASCIMENTO FILHO,DEPUTADO ESTADUAL,PRD,1,0,0,0,0,0,0,False
2026,RJ,190002534095,WELDERSON SIDNEY DA SILVA TEIXEIRA,DEPUTADO ESTADUAL,PRD,1,1,0,0,0,0,0,False
2026,RJ,190002534096,RENATA VIEIRA SOARES,DEPUTADO ESTADUAL,SOLIDARIEDADE,2,1,0,0,0,0,0,False
2026,RJ,190002534097,SIMONE DA SILVA MELLO BRASILIENSE,DEPUTADO ESTADUAL,SOLIDARIEDADE,1,1,0,1,1,0,0,True
2026,RJ,190002534099,MARCO ANTONIO NEVES CABRAL,DEPUTADO ESTADUAL,SOLIDARIEDADE,3,3,0,0,0,0,0,False
2026,RJ,190002534100,JOSE SEBASTIAO RABELLO,DEPUTADO ESTADUAL,SOLIDARIEDADE,4,3,0,1,1,0,0,True
2026,RJ,190002534102,ALEXANDER CASSIANO DA COSTA,DEPUTADO ESTADUAL,SOLIDARIEDADE,2,2,0,0,0,0,0,False
2026,RJ,190002534103,RODRIGO GONCALVES FONSECA,DEPUTADO ESTADUAL,SOLIDARIEDADE,1,1,0,0,0,0,0,False
2026,RJ,190002534104,JOAO LUCAS MACIEL DE LIMA,DEPUTADO ESTADUAL,SOLIDARIEDADE,3,2,0,0,0,0,0,False
2026,RJ,190002534105,ANDRE BENIGNO RIOS,DEPUTADO ESTADUAL,SOLIDARIEDADE,3,1,0,1,1,0,0,True
2026,RJ,190002534106,LEANDRO REIS LIMA,DEPUTADO ESTADUAL,PRD,2,0,0,0,0,0,0,False
2026,RJ,190002534109,ROBERTO MARTINS DA SILVA JUNIOR,DEPUTADO ESTADUAL,SOLIDARIEDADE,2,1,0,0,0,0,0,False
2026,RJ,190002534112,ANA MARIA DE AZEVEDO SAGARIO PEDROSA DE MELLO,DEPUTADO ESTADUAL,SOLIDARIEDADE,1,0,0,0,0,0,0,False
2026,RJ,190002534113,MUNIR FRANCISCO,DEPUTADO ESTADUAL,SOLIDARIEDADE,6,3,0,0,0,0,0,False
2026,RJ,190002534115,ROBSON BOTELHO DE MENEZES,DEPUTADO ESTADUAL,SOLIDARIEDADE,1,1,0,0,0,0,0,False
2026,RJ,190002534116,BIANCA SILVA PASSOS DE AQUINO,DEPUTADO ESTADUAL,SOLIDARIEDADE,1,1,0,0,0,0,0,False
2026,RJ,190002534117,ALINE LOPES DA SILVA,DEPUTADO ESTADUAL,PRD,1,1,0,0,0,0,0,False
2026,RJ,190002534118,DIOGO AUGUSTO DA SILVA SANTOS,DEPUTADO ESTADUAL,PRD,2,0,0,0,0,0,0,False
2026,RJ,190002534119,FLÁVIA GOMES TOMÁZ DOS SANTOS,DEPUTADO ESTADUAL,PRD,1,0,0,0,0,0,0,False
2026,RJ,190002534120,HELBIA SANT ANA BARRETO GONCALVES BRANDAO NEVES,DEPUTADO ESTADUAL,SOLIDARIEDADE,1,0,0,0,0,0,0,False
2026,RJ,190002534121,LIVIA SILVA OLIVEIRA,DEPUTADO ESTADUAL,PRD,1,0,0,0,0,0,0,False
2026,RJ,190002534122,ANTONIO DE ARAUJO MEDEIROS SILVA,DEPUTADO ESTADUAL,SOLIDARIEDADE,4,1,0,1,1,0,0,True
2026,RJ,190002534123,JACIVANIA CRISTINA DIAS,DEPUTADO ESTADUAL,PRD,2,0,0,0,0,0,0,False
2026,RJ,190002534124,MARIA DA GLORIA VIDAL FELISMINO DOS SANTOS,DEPUTADO ESTADUAL,SOLIDARIEDADE,1,1,0,0,0,0,0,False
2026,RJ,190002534449,CASSIUS PESSANHA VIEIRA,DEPUTADO ESTADUAL,NOVO,2,1,0,0,0,0,0,False
2026,RJ,190002534450,CLAUDIO MARCIO TEIXEIRA MOTTA,DEPUTADO ESTADUAL,NOVO,2,1,0,1,2,0,0,True
2026,RJ,190002534451,ALBA LEA DE OLIVEIRA MONTEIRO,DEPUTADO ESTADUAL,NOVO,2,1,0,0,0,0,0,False
2026,RJ,190002534452,ROGÉRIO SANTOS TORRES DE ALBUQUERQUE,DEPUTADO ESTADUAL,NOVO,2,2,0,0,0,0,0,False
2026,RJ,190002534453,SILVIA AFFONSO BROLO CABRAL,DEPUTADO ESTADUAL,NOVO,1,1,0,0,0,0,0,False
2026,RJ,190002534606,LEONEL POLICIANO PRIMO,DEPUTADO FEDERAL,NOVO,2,2,0,0,0,0,0,False
2026,RJ,190002534607,AZIEL SANTOS DIAS,DEPUTADO FEDERAL,NOVO,2,0,0,0,0,0,0,False
2026,RJ,190002534608,RODRIGO MARTINS COSTA MELO,DEPUTADO FEDERAL,NOVO,2,1,0,1,1,0,0,True
2026,RJ,190002534609,JULIANA SANTOS DA CRUZ DE ALMEIDA,DEPUTADO FEDERAL,NOVO,2,1,0,0,0,0,0,False
2026,RJ,190002534610,DIEGO VAZ ARAÚJO,DEPUTADO FEDERAL,NOVO,2,0,0,0,0,0,0,False
2026,RJ,190002534611,FELÍCIO LATERÇA DE ALMEIDA,DEPUTADO FEDERAL,NOVO,2,1,0,0,0,0,0,False
2026,RJ,190002534612,RALPH LUIZ DA SILVA IBRAIM,DEPUTADO FEDERAL,NOVO,2,1,0,0,0,0,0,False
2026,RJ,190002534613,EULER FRANCIS BARBOSA BERTUCIO,DEPUTADO FEDERAL,NOVO,2,1,0,0,0,0,0,False
2026,RJ,190002534614,VALMIR RAMOS BARRETO JUNIOR,DEPUTADO FEDERAL,NOVO,2,1,0,0,0,0,0,False
2026,RJ,190002534615,KELAINE NUNES DE ALVARENGA DE SOUZA DE ÁVILA,DEPUTADO FEDERAL,NOVO,1,0,0,0,0,0,0,False
2026,RJ,190002534616,CREBYLON NINO GONÇALVES LOPES SILVA,DEPUTADO FEDERAL,NOVO,1,0,0,0,0,0,0,False
2026,RJ,190002534617,FABIANE ALVES DA SILVA,DEPUTADO FEDERAL,NOVO,2,0,0,0,0,0,0,False
2026,RJ,190002534618,ALESSANDRE ALEX PEREIRA DOMINGUES,DEPUTADO FEDERAL,NOVO,2,0,0,0,0,0,0,False
2026,RJ,190002534619,DAYVIANE FERNANDES GARCIA,DEPUTADO FEDERAL,NOVO,2,2,0,0,0,0,0,False
2026,RJ,190002534620,MARCIO JOSÉ CORREA ALVES,DEPUTADO FEDERAL,NOVO,1,0,0,0,0,0,0,False
2026,RJ,190002534621,LEDA HELENA MOREIRA ALVES,DEPUTADO FEDERAL,NOVO,2,1,0,0,0,0,0,False
2026,RJ,190002534622,KELLY CRISTINA SILVA DE FARIA,DEPUTADO FEDERAL,NOVO,2,1,0,0,0,0,0,False
2026,RJ,190002534623,GILSON SENNA FILHO,DEPUTADO FEDERAL,NOVO,2,0,0,0,0,0,0,False
2026,RJ,190002534624,GIOVANNA MIGUEL ABREU,DEPUTADO FEDERAL,NOVO,2,0,0,0,0,0,0,False
2026,RJ,190002534625,ALEXANDRE CARVALHO DA SILVA,DEPUTADO FEDERAL,NOVO,2,1,0,0,0,0,0,False
2026,RJ,190002534626,ADRIANA SOBREIRA BUSTAMANTE,DEPUTADO FEDERAL,NOVO,2,1,0,0,0,0,0,False
2026,RJ,190002534627,ALEXANDRE HERCULANO P VAZ,DEPUTADO FEDERAL,NOVO,2,1,0,0,0,0,0,False
2026,RJ,190002534628,ROSANNE ANDRADE DE MELO GARCIA,DEPUTADO FEDERAL,NOVO,2,2,0,0,0,0,0,False
2026,RJ,190002534629,CARLOS MURDOCH FERNANDES,DEPUTADO FEDERAL,NOVO,2,2,0,0,0,0,0,False
2026,RJ,190002534630,DANIELLE GABRIEL ROURA,DEPUTADO FEDERAL,NOVO,2,1,0,0,0,0,0,False
2026,RJ,190002534631,JAYME TEIXEIRA DA CUNHA NETO,DEPUTADO FEDERAL,NOVO,2,2,0,0,0,0,0,False
2026,RJ,190002534632,PEDRO LUIS B LITWINCZUK,DEPUTADO FEDERAL,NOVO,2,1,0,0,0,0,0,False
2026,RJ,190002534633,LUIZ EDUARDO CARNEIRO DA SILVA DE SOUZA LIMA,DEPUTADO FEDERAL,NOVO,2,1,0,1,1,0,0,True
2026,RJ,190002534634,CARLOS EDUARDO RODRIGUES SANTOS,DEPUTADO FEDERAL,NOVO,2,2,0,0,0,0,0,False
2026,RJ,190002534635,JONATAS VIANNA DE OLIVEIRA,DEPUTADO FEDERAL,NOVO,2,1,0,0,0,0,0,False
2026,RJ,190002534636,SILVIA ROSA BLUMBERG,DEPUTADO FEDERAL,NOVO,2,1,0,0,0,0,0,False
2026,RJ,190002534637,CARLOS MAGNO DA SILVA GOUVEIA FILHO,DEPUTADO FEDERAL,NOVO,2,1,0,0,0,0,0,False
2026,RJ,190002534638,WASHINGTON STAUFFER SORIO,DEPUTADO FEDERAL,NOVO,2,2,0,0,0,0,0,False
2026,RJ,190002534639,BIANCA GARCIA COSTA,DEPUTADO FEDERAL,NOVO,2,2,0,0,0,0,0,False
2026,RJ,190002534640,ALEX DE SOUZA FERREIRA,DEPUTADO FEDERAL,NOVO,2,0,0,0,0,0,0,False
2026,RJ,190002534641,ANA CAROLINA SPONZA BRAGA,DEPUTADO FEDERAL,NOVO,2,1,0,0,0,0,0,False
2026,RJ,190002534642,ANNA LUIZA AZEVEDO FEIO DE REZENDE,DEPUTADO FEDERAL,NOVO,2,1,0,0,0,0,0,False
2026,RJ,190002534643,JÚLIO SÉRGIO CARNEIRO MARQUES,DEPUTADO FEDERAL,NOVO,2,2,0,1,1,0,0,True
2026,RJ,190002534644,THIAGO DE SOUZA LYRA,DEPUTADO FEDERAL,NOVO,2,2,0,0,0,0,0,False
2026,RJ,190002534645,CARLA VALERIA PINTO COUTINHO,DEPUTADO FEDERAL,NOVO,2,0,0,0,0,0,0,False
2026,RJ,190002534646,SERGIO RICARDO DE FIGUEIREDO MENEZES,DEPUTADO FEDERAL,NOVO,2,0,0,0,0,0,0,False
2026,RJ,190002534648,ELVIS DA SILVA LIMA,DEPUTADO FEDERAL,NOVO,2,1,0,0,0,0,0,False
2026,RJ,190002534649,CARLOS EDUARDO DE LIMA MARTINS,DEPUTADO FEDERAL,NOVO,2,1,0,0,0,0,0,False
2026,RJ,190002534674,VLAMIR GOULART DA SILVEIRA,DEPUTADO ESTADUAL,NOVO,2,1,0,0,0,0,0,False
2026,RJ,190002534675,WELBERT DE ALMEIDA PEDRO,DEPUTADO ESTADUAL,NOVO,2,1,0,1,1,0,0,True
2026,RJ,190002534676,ALESSANDRA DA COSTA TEIXEIRA,DEPUTADO ESTADUAL,NOVO,2,2,0,0,0,0,0,False
2026,RJ,190002534677,CLAUDIA VIEIRA BELLO,DEPUTADO ESTADUAL,NOVO,2,1,0,1,1,0,0,True
2026,RJ,190002534678,CREMILDO CORRÊA DE SOUZA JUNIOR,DEPUTADO ESTADUAL,NOVO,3,0,0,0,0,0,0,False
2026,RJ,190002534679,RENATA CORREA CLAUDINO,DEPUTADO ESTADUAL,NOVO,2,1,0,0,0,0,0,False
2026,RJ,190002534680,ANA PAULA GOLDBACH,DEPUTADO ESTADUAL,NOVO,2,0,0,0,0,0,0,False
2026,RJ,190002534681,SIMONE SOARES DA SILVA FOLLY,DEPUTADO ESTADUAL,NOVO,2,2,0,0,0,0,0,False
2026,RJ,190002534682,LUIZ CLAUDIO FERREIRA,DEPUTADO ESTADUAL,NOVO,2,1,0,1,2,0,0,True
2026,RJ,190002534683,FABIANE RODRIGUES TORRES,DEPUTADO ESTADUAL,NOVO,2,1,0,0,0,0,0,False
2026,RJ,190002534684,FABIANA MIGUEL AÇUCENA,DEPUTADO ESTADUAL,NOVO,2,1,0,0,0,0,0,False
2026,RJ,190002534685,ERICK SANTOS DA CRUZ,DEPUTADO ESTADUAL,NOVO,2,1,0,0,0,0,0,False
2026,RJ,190002534686,ALEXANDRE HENRIQUE DE SOUZA,DEPUTADO ESTADUAL,NOVO,2,2,0,1,1,0,0,True
2026,RJ,190002534687,LETICIA SÁ REIS DE CALAZANS PEREIRA,DEPUTADO ESTADUAL,NOVO,2,1,0,1,1,0,0,True
2026,RJ,190002534688,ALESSANDRA ESEQUIEL MARTINS DOS SANTOS,DEPUTADO ESTADUAL,NOVO,2,1,0,0,0,0,0,False
2026,RJ,190002534689,BRUNO BRITO GUERRA,DEPUTADO ESTADUAL,NOVO,2,1,0,0,0,0,0,False
2026,RJ,190002534690,EDSON MARCELO RODRIGUES,DEPUTADO ESTADUAL,NOVO,2,1,0,0,0,0,0,False
2026,RJ,190002534691,MARCOS VINICIUS BARCELLOS COUTINHO,DEPUTADO ESTADUAL,NOVO,2,2,0,0,0,0,0,False
2026,RJ,190002534692,MARIO JESUS CHAGAS DA ROSA JUNIOR,DEPUTADO ESTADUAL,NOVO,2,1,0,0,0,0,0,False
2026,RJ,190002534693,THAIS VENANCIO AREAS MUQUICI PALMEIRA,DEPUTADO ESTADUAL,NOVO,2,0,0,0,0,0,0,False
2026,RJ,190002534694,IGOR NOGUEIRA DE BARROS,DEPUTADO ESTADUAL,NOVO,2,1,0,0,0,0,0,False
2026,RJ,190002534695,CRISTINE ARAUJO MOUTINHO,DEPUTADO ESTADUAL,NOVO,2,2,0,0,0,0,0,False
2026,RJ,190002534696,DIEGO GONÇALVES MORENO,DEPUTADO ESTADUAL,NOVO,2,1,0,0,0,0,0,False
2026,RJ,190002534697,RICARDO DA SILVA BITENCOURT,DEPUTADO ESTADUAL,NOVO,2,1,0,1,1,0,0,True
2026,RJ,190002534698,GUSTAVO ADOLPHO DA ROCHA BUSSE,DEPUTADO ESTADUAL,NOVO,2,1,0,0,0,0,0,False
2026,RJ,190002534699,ALEXANDRE MARCIANO DE CARVALHO,DEPUTADO ESTADUAL,NOVO,2,1,0,1,4,0,0,True
2026,RJ,190002534700,FERNANDO BRAZ DE LIMA,DEPUTADO ESTADUAL,NOVO,2,1,0,0,0,0,0,False
2026,RJ,190002534701,ANA LUISA DA SILVA FRANCO,DEPUTADO ESTADUAL,NOVO,2,1,0,1,2,0,0,True
2026,RJ,190002534702,LILIANE LOURENCO DE OLIVEIRA,DEPUTADO ESTADUAL,NOVO,2,1,0,0,0,0,0,False
2026,RJ,190002534703,VALERILAINE CONSTANTINO DA CONCEIÇÃO XAVIER LUCAS,DEPUTADO ESTADUAL,NOVO,2,0,0,0,0,0,0,False
2026,RJ,190002534704,GENILSON DE BARROS FERREIRA,DEPUTADO ESTADUAL,NOVO,2,1,0,0,0,0,0,False
2026,RJ,190002534705,VINICIUS VITORINO FREITAS,DEPUTADO ESTADUAL,NOVO,2,1,0,0,0,0,0,False
2026,RJ,190002534706,VALMIR DE ALMEIDA,DEPUTADO ESTADUAL,NOVO,2,1,0,0,0,0,0,False
2026,RJ,190002534707,ALEXANDRE MARTINS DE AGUIAR,DEPUTADO ESTADUAL,NOVO,2,1,0,0,0,0,0,False
2026,RJ,190002534708,GABRIEL COSTENARO DE SOUSA,DEPUTADO ESTADUAL,NOVO,2,1,0,0,0,0,0,False
2026,RJ,190002534709,LUANA GOUVEA LEITE DEFAVERI,DEPUTADO ESTADUAL,NOVO,2,0,0,0,0,0,0,False
2026,RJ,190002534710,RAUL FERNANDO GONÇALVES GOMES,DEPUTADO ESTADUAL,NOVO,2,1,0,0,0,0,0,False
2026,RJ,190002534711,YÁRA MOEMA DA SILVEIRA MELHEM HAQUIM,DEPUTADO ESTADUAL,NOVO,2,1,0,0,0,0,0,False
2026,RJ,190002534712,SHIRLEY CONCEIÇÃO SILVA DE MORAES,DEPUTADO ESTADUAL,NOVO,2,2,0,0,0,0,0,False
2026,RJ,190002534713,NICOLE DE OLIVEIRA,DEPUTADO ESTADUAL,NOVO,2,2,0,0,0,0,0,False
2026,RJ,190002534714,ROMILDO VICTORINO DA SILVA,DEPUTADO ESTADUAL,NOVO,2,0,0,0,0,0,0,False
2026,RJ,190002534715,CLÁUDIA MÁRCIA BODART NORONHA,DEPUTADO ESTADUAL,NOVO,2,1,0,0,0,0,0,False
2026,RJ,190002534716,FERNANDO LUIZ BICUDO,DEPUTADO ESTADUAL,NOVO,2,1,0,0,0,0,0,False
2026,RJ,190002534717,ALBERTO VALENTE HABIB,DEPUTADO ESTADUAL,NOVO,2,2,0,0,0,0,0,False
2026,RJ,190002534718,ADAIR DIAS VIEIRA,DEPUTADO ESTADUAL,NOVO,2,1,0,1,2,0,0,True
2026,RJ,190002534719,SYLVIO ANTÔNIO LUCAS DE OLIVEIRA,DEPUTADO ESTADUAL,NOVO,2,0,0,0,0,0,0,False
2026,RJ,190002534720,ARNALDO ALVES MOREIRA JÚNIOR,DEPUTADO ESTADUAL,NOVO,2,1,0,0,0,0,0,False
2026,RJ,190002534721,WELBER MOTTA DE ASSIS,DEPUTADO ESTADUAL,NOVO,2,1,0,0,0,0,0,False
2026,RJ,190002534722,ANTÔNIO UOSTOM BORGES GERMANO,DEPUTADO ESTADUAL,NOVO,1,0,0,0,0,0,0,False
2026,RJ,190002534723,RENATO MARCOS MARINS,DEPUTADO ESTADUAL,NOVO,2,1,0,0,0,0,0,False
2026,RJ,190002534724,WELINGTON FRANCO DA SILVA,DEPUTADO ESTADUAL,NOVO,1,0,0,0,0,0,0,False
2026,RJ,190002534725,DAYAN DA SILVA BRITO,DEPUTADO ESTADUAL,NOVO,2,2,0,0,0,0,0,False
2026,RJ,190002534726,HÉLIO PEREIRA DO CARMO FILHO,DEPUTADO ESTADUAL,NOVO,2,0,0,0,0,0,0,False
2026,RJ,190002534727,CARLOS EDUARDO DE SOUZA CABRAL,DEPUTADO ESTADUAL,NOVO,2,1,0,0,0,0,0,False
2026,RJ,190002534728,JANIO CORREA DOS SANTOS,DEPUTADO ESTADUAL,NOVO,2,2,0,0,0,0,0,False
2026,RJ,190002534729,LUCIO DUARTE DE OLIVEIRA,DEPUTADO ESTADUAL,NOVO,2,2,0,1,2,0,0,True
2026,RJ,190002534730,GILBERTO MARTINS ESTEVES,DEPUTADO ESTADUAL,NOVO,2,0,0,0,0,0,0,False
2026,RJ,190002534731,ROSELI DE LOURDES FERREIRA GAMA,DEPUTADO ESTADUAL,NOVO,2,2,0,0,0,0,0,False
2026,RJ,190002534732,EDPO ROCHA FELIX,DEPUTADO ESTADUAL,NOVO,2,1,0,0,0,0,0,False
2026,RJ,190002534733,LEOCIR DAL PAI,DEPUTADO ESTADUAL,NOVO,2,2,0,1,2,0,0,True
2026,RJ,190002534734,ALEXANDRE TEIXEIRA DE FREITAS RODRIGUES,DEPUTADO ESTADUAL,NOVO,1,1,0,1,2,0,0,True
2026,RJ,190002534830,ANDERSON LUIZ BRAVO,DEPUTADO FEDERAL,SOLIDARIEDADE,4,3,0,1,1,0,0,True
2026,RJ,190002534831,ELOI SOUZA DE OLIVEIRA,DEPUTADO FEDERAL,PRD,1,0,0,0,0,0,0,False
2026,RJ,190002534832,RICARDO DE OLIVEIRA URSINE SILVA,DEPUTADO FEDERAL,SOLIDARIEDADE,1,0,0,0,0,0,0,False
2026,RJ,190002534833,EDSON PEREIRA DA SILVA,DEPUTADO FEDERAL,SOLIDARIEDADE,3,1,0,0,0,0,0,False
2026,RJ,190002534835,THIAGO DO NASCIMENTO ANTUNES,DEPUTADO FEDERAL,SOLIDARIEDADE,1,1,0,1,5,0,0,True
2026,RJ,190002534836,KELLY FERREIRA DO NASCIMENTO,DEPUTADO FEDERAL,PRD,1,0,0,0,0,0,0,False
2026,RJ,190002534838,NURIMAR DOS SANTOS MENDONÇA,DEPUTADO FEDERAL,PRD,1,0,0,0,0,0,0,False
2026,RJ,190002534839,AUREO LIDIO MOREIRA RIBEIRO,DEPUTADO FEDERAL,SOLIDARIEDADE,2,1,0,0,0,0,0,False
2026,RJ,190002534840,EDSON DOS SANTOS,DEPUTADO FEDERAL,SOLIDARIEDADE,2,0,0,0,0,0,0,False
2026,RJ,190002534841,MARCUS VINICIUS DE VASCONCELOS FERREIRA,DEPUTADO FEDERAL,PRD,2,1,0,1,3,0,0,True
2026,RJ,190002534842,VIVIANE CARVALHO PETISCO PINHEIRO,DEPUTADO FEDERAL,SOLIDARIEDADE,2,2,0,0,0,0,0,False
2026,RJ,190002534843,ELIZANGELA SANTOS PEREIRA DE SOUZA,DEPUTADO FEDERAL,SOLIDARIEDADE,1,1,0,0,0,0,0,False
2026,RJ,190002534850,JOSÉ HENRIQUE PEREIRA DA COSTA VIEIRA,DEPUTADO FEDERAL,PRD,1,0,0,0,0,0,0,False
2026,RJ,190002534851,MARCELO DE ALMEIDA DE ASSIS,DEPUTADO FEDERAL,PRD,1,0,0,0,0,0,0,False
2026,RJ,190002534853,PAOLA DA SILVA DANIEL,DEPUTADO FEDERAL,PRD,1,0,0,0,0,0,0,False
2026,RJ,190002534854,WILLIAN AUGUSTO BRAND PINHEIRO,DEPUTADO FEDERAL,PRD,1,0,0,0,0,0,0,False
2026,RJ,190002534857,CARLOS ROBERTO DE CARVALHO,DEPUTADO FEDERAL,SOLIDARIEDADE,4,3,0,0,0,0,0,False
2026,RJ,190002534860,WILSON MARTINS COUTINHO,DEPUTADO FEDERAL,SOLIDARIEDADE,4,3,0,1,3,0,0,True
2026,RJ,190002534863,ELOI PEREIRA RAMALHO,DEPUTADO FEDERAL,SOLIDARIEDADE,4,3,0,0,0,0,0,False
2026,RJ,190002534864,DEISILANE DA SILVA CAMPOS,DEPUTADO FEDERAL,SOLIDARIEDADE,4,1,0,0,0,0,0,False
2026,RJ,190002534865,GLEIBE DE ANDRADE OLIVEIRA,DEPUTADO FEDERAL,PRD,1,0,0,0,0,0,0,False
2026,RJ,190002534867,RONALDO DO CARMO ANQUIETA,DEPUTADO FEDERAL,PRD,1,1,0,0,0,0,0,False
2026,RJ,190002534868,RUI TOMÉ DE SOUZA AGUIAR,DEPUTADO FEDERAL,PRD,1,0,0,0,0,0,0,False
2026,RJ,190002534869,MICHELE SANTOS DO NASCIMENTO,DEPUTADO FEDERAL,SOLIDARIEDADE,2,2,0,0,0,0,0,False
2026,RJ,190002534870,EDGAR JESUS COSTA,DEPUTADO FEDERAL,SOLIDARIEDADE,3,2,0,0,0,0,0,False
2026,RJ,190002534872,ERICA DE OLIVEIRA BISPO,DEPUTADO FEDERAL,PRD,1,0,0,0,0,0,0,False
2026,RJ,190002534873,GLAUBER MEDEIROS POUBEL,DEPUTADO FEDERAL,SOLIDARIEDADE,4,2,0,0,0,0,0,False
2026,RJ,190002534876,BENY MACHADO BALABRAM,DEPUTADO FEDERAL,SOLIDARIEDADE,1,1,0,0,0,0,0,False
2026,RJ,190002535142,CARLOS FRANCISCO PORTINHO,SENADOR,PL,1,0,0,0,0,0,0,False
2026,RJ,190002536102,CRISTIANE SANTANA NASCIMENTO,DEPUTADO ESTADUAL,PSOL,1,0,0,0,0,0,0,False
2026,RJ,190002536103,DANIELLA MONTEIRO DA SILVA,DEPUTADO ESTADUAL,PSOL,2,0,0,0,0,0,0,False
2026,RJ,190002536104,ALEXANDRE CAMPOS INÁCIO DA FONSECA,DEPUTADO ESTADUAL,PSOL,3,2,0,0,0,0,0,False
2026,RJ,190002536105,CLARICE SALLES CHACON,DEPUTADO ESTADUAL,PSOL,1,0,0,0,0,0,0,False
2026,RJ,190002536106,FABIO EVARISTO BARBOSA,DEPUTADO ESTADUAL,PSOL,2,2,0,0,0,0,0,False
2026,RJ,190002536107,EMANUEL DIAS DE ALENCAR,DEPUTADO ESTADUAL,PSOL,1,0,0,0,0,0,0,False
2026,RJ,190002536109,FABIOLA SOARES FERREIRA RODRIGUES,DEPUTADO ESTADUAL,PSOL,1,0,0,0,0,0,0,False
2026,RJ,190002536110,FLAVIO ALVES SERAFINI,DEPUTADO ESTADUAL,PSOL,2,2,0,0,0,0,0,False
2026,RJ,190002536111,MONICA SUZANA BARBOSA DA SILVA,DEPUTADO ESTADUAL,PSOL,1,1,0,0,0,0,0,False
2026,RJ,190002536112,PEDRO PAULO MONTEIRO DA SILVA NASSIF,DEPUTADO ESTADUAL,PSOL,1,0,0,0,0,0,0,False
2026,RJ,190002536113,JOSE ANTONIO DA SILVA MATIAS,DEPUTADO ESTADUAL,PSOL,2,1,0,0,0,0,0,False
2026,RJ,190002536114,MARCIO ALVES DOS SANTOS,DEPUTADO ESTADUAL,REDE,2,1,0,0,0,0,0,False
2026,RJ,190002536115,JOSEMAR PINHEIRO DE CARVALHO,DEPUTADO ESTADUAL,PSOL,2,0,0,0,0,0,0,False
2026,RJ,190002536116,RAUL DA SILVA JUNIOR,DEPUTADO ESTADUAL,REDE,3,2,0,0,0,0,0,False
2026,RJ,190002536117,ROBSON SILVA DE SOUSA,DEPUTADO ESTADUAL,REDE,2,1,0,0,0,0,0,False
2026,RJ,190002536118,MARCOS HERVAL MARTINS DE SOUZA JUNIOR,DEPUTADO ESTADUAL,REDE,3,1,0,0,0,0,0,False
2026,RJ,190002536119,WALLACE FERREIRA DA MOTA,DEPUTADO ESTADUAL,REDE,1,1,0,0,0,0,0,False
2026,RJ,190002536120,RENATA DA SILVA SOUZA,DEPUTADO ESTADUAL,PSOL,3,2,0,0,0,0,0,False
2026,RJ,190002536122,MARCUS VINICIUS TEODORO LOPES,DEPUTADO ESTADUAL,PSOL,2,0,0,0,0,0,0,False
2026,RJ,190002536123,PAULO PINHEIRO,DEPUTADO ESTADUAL,PSOL,2,1,0,0,0,0,0,False
2026,RJ,190002536124,JEFFERSON DE OLIVEIRA VINCO,DEPUTADO ESTADUAL,PSOL,3,2,0,0,0,0,0,False
2026,RJ,190002536125,ANTONIO AUGUSTO BRAZ,DEPUTADO ESTADUAL,PSOL,3,3,0,0,0,0,0,False
2026,RJ,190002536126,MARIA JOSE LOPES DOS ANJOS MACHADO,DEPUTADO ESTADUAL,REDE,3,2,0,0,0,0,0,False
2026,RJ,190002536127,MONICA DA SILVA BICUDO,DEPUTADO ESTADUAL,REDE,2,2,0,0,0,0,0,False
2026,RJ,190002536128,JOE LOUIS VENTURA DE AVELAR,DEPUTADO ESTADUAL,REDE,3,1,0,0,0,0,0,False
2026,RJ,190002536129,ISABELLE DE LOYS,DEPUTADO ESTADUAL,REDE,3,2,0,0,0,0,0,False
2026,RJ,190002536130,CARLOS MARCELO NUNES,DEPUTADO ESTADUAL,REDE,4,4,0,0,0,0,0,False
2026,RJ,190002536131,ALVARO RIBEIRO TRAVASSOS,DEPUTADO ESTADUAL,REDE,2,1,0,0,0,0,0,False
2026,RJ,190002536132,YURI LUCAS CARIUS DE MOURA ALMEIDA,DEPUTADO ESTADUAL,PSOL,2,1,0,1,3,0,0,True
2026,RJ,190002536133,ANDERSON ANDRÉ DA COSTA RIBEIRO,DEPUTADO ESTADUAL,PSOL,2,1,0,0,0,0,0,False
2026,RJ,190002536134,ELIOMAR DE SOUZA COELHO,DEPUTADO ESTADUAL,REDE,4,2,0,2,3,0,0,True
2026,RJ,190002536135,JAIME ALBINO VELOSO,DEPUTADO ESTADUAL,REDE,2,1,0,0,0,0,0,False
2026,RJ,190002536136,INGRID OLIVEIRA,DEPUTADO ESTADUAL,REDE,2,1,0,0,0,0,0,False
2026,RJ,190002536137,TEREZA CORRÊA DA SILVA,DEPUTADO ESTADUAL,REDE,4,3,0,0,0,0,0,False
2026,RJ,190002536138,GUILHERME PIMENTEL SPREAFICO BRAGA,DEPUTADO FEDERAL,PSOL,1,0,0,0,0,0,0,False
2026,RJ,190002536139,VINICIUS OLIVEIRA DE ARAUJO,DEPUTADO FEDERAL,PSOL,3,0,0,0,0,0,0,False
2026,RJ,190002536140,AMANDA AGUIAR SALES COSTA,DEPUTADO FEDERAL,PSOL,2,0,0,0,0,0,0,False
2026,RJ,190002536141,ANDRE MAGALHAES BARROS,DEPUTADO FEDERAL,PSOL,3,0,0,0,0,0,0,False
2026,RJ,190002536142,DELMA SILVEIRA DO NASCIMENTO,DEPUTADO FEDERAL,PSOL,1,1,0,0,0,0,0,False
2026,RJ,190002536143,DENILSON PRATA DA SILVA,DEPUTADO FEDERAL,PSOL,1,0,0,0,0,0,0,False
2026,RJ,190002536145,HENRIQUE DOS SANTOS VIEIRA LIMA,DEPUTADO FEDERAL,PSOL,1,1,0,0,0,0,0,False
2026,RJ,190002536146,RODRIGO POCA DE SOUZA,DEPUTADO FEDERAL,PSOL,1,1,0,0,0,0,0,False
2026,RJ,190002536147,ARIANE CHAVES MAGALHÃES,DEPUTADO FEDERAL,PSOL,1,1,0,0,0,0,0,False
2026,RJ,190002536148,FERNANDO DO NASCIMENTO,DEPUTADO FEDERAL,PSOL,3,1,0,0,0,0,0,False
2026,RJ,190002536149,JULIA CASAMASSO MATTOSO,DEPUTADO FEDERAL,PSOL,5,2,0,0,0,0,0,False
2026,RJ,190002536150,MIRIANA BARBOSA AMARAL,DEPUTADO FEDERAL,PSOL,1,0,0,0,0,0,0,False
2026,RJ,190002536151,HAYRES DOS SANTOS MUNIZ,DEPUTADO FEDERAL,PSOL,2,1,0,0,0,0,0,False
2026,RJ,190002536152,TARCISIO MOTTA DE CARVALHO,DEPUTADO FEDERAL,PSOL,2,0,0,0,0,0,0,False
2026,RJ,190002536153,WILIANS DOUGLAS BARBOSA DA SILVA,DEPUTADO FEDERAL,PSOL,2,0,0,0,0,0,0,False
2026,RJ,190002536154,GLAUCO HERMANO DA COSTA,DEPUTADO FEDERAL,REDE,3,2,0,0,0,0,0,False
2026,RJ,190002536155,GLAUBER DE MEDEIROS BRAGA,DEPUTADO FEDERAL,PSOL,1,0,0,0,0,0,0,False
2026,RJ,190002536156,TALÍRIA PETRONE SOARES,DEPUTADO FEDERAL,PSOL,3,0,0,0,0,0,0,False
2026,RJ,190002536157,EMANUEL BASTOS TORQUATO,DEPUTADO FEDERAL,PSOL,2,1,0,0,0,0,0,False
2026,RJ,190002536158,FERNANDA VIEIRA DE SOUZA,DEPUTADO FEDERAL,PSOL,3,0,0,0,0,0,0,False
2026,RJ,190002536159,RICARDO CARDOSO AZEVEDO,DEPUTADO FEDERAL,PSOL,1,0,0,0,0,0,0,False
2026,RJ,190002536160,JOSE RAFAEL RIBEIRO,DEPUTADO FEDERAL,PSOL,3,2,0,0,0,0,0,False
2026,RJ,190002536161,HELOISA HELENA LIMA DE MORAES CARVALHO,DEPUTADO FEDERAL,REDE,5,1,0,0,0,0,0,False
2026,RJ,190002536162,WILLIAM CARLOS BRUM BISPO,GOVERNADOR,PSOL,1,1,0,0,0,0,0,False
2026,RJ,190002536163,JULIANA PEREIRA DE CARVALHO,VICE-GOVERNADOR,PSOL,1,0,0,0,0,0,0,False
2026,RJ,190002536164,MONICA TEREZA AZEREDO BENICIO,SENADOR,PSOL,1,0,0,0,0,0,0,False
2026,RJ,190002536165,MARIA DE LOURDES DO CARMO,2º SUPLENTE,PSOL,2,1,0,0,0,0,0,False
2026,RJ,190002536530,LUCIANA FERREIRA LOPES POLATI,DEPUTADO ESTADUAL,AGIR,4,2,0,0,0,0,0,False
2026,RJ,190002536532,DANIEL SILVA DE LIMA,DEPUTADO ESTADUAL,AGIR,1,1,0,0,0,0,0,False
2026,RJ,190002536536,ROBERTO SOUZA DA SILVA,DEPUTADO ESTADUAL,AGIR,1,1,0,0,0,0,0,False
2026,RJ,190002536544,IGOR VASCONCELOS DA SILVA,DEPUTADO ESTADUAL,AGIR,1,0,0,0,0,0,0,False
2026,RJ,190002537134,ROSALDO FERREIRA DA SILVA,DEPUTADO FEDERAL,AVANTE,2,1,0,0,0,0,0,False
2026,RJ,190002537135,ANTÔNIO MARCOS PAPINHA DA SILVA,DEPUTADO FEDERAL,AVANTE,2,1,0,0,0,0,0,False
2026,RJ,190002537136,THIAGO SANTANA ROSA,DEPUTADO FEDERAL,AVANTE,2,0,0,0,0,0,0,False
2026,RJ,190002537137,ROGERIO RIBEIRO RIGUETTI,DEPUTADO FEDERAL,AVANTE,3,2,0,1,1,0,0,True
2026,RJ,190002537138,GERMANA MEDEIROS FREITAS D ASSUNCAO,DEPUTADO FEDERAL,AVANTE,2,1,0,0,0,0,0,False
2026,RJ,190002537139,ALEXANDER NASCIMENTO DE OLIVEIRA,DEPUTADO FEDERAL,AVANTE,2,2,0,0,0,0,0,False
2026,RJ,190002537140,KEZIA GRAZIELA DE QUEIROZ,DEPUTADO FEDERAL,AVANTE,2,0,0,0,0,0,0,False
2026,RJ,190002537141,VINICIUS RODRIGUES VIEIRA LO BIANCO,DEPUTADO FEDERAL,AVANTE,1,0,0,0,0,0,0,False
2026,RJ,190002537142,WELINGTON BRAGA DE SOUSA,DEPUTADO FEDERAL,AVANTE,3,1,0,0,0,0,0,False
2026,RJ,190002537143,CARLOS EDUARDO NUNES DOS SANTOS,DEPUTADO FEDERAL,AVANTE,1,0,0,0,0,0,0,False
2026,RJ,190002537144,JOSIAS REIS DE ALMEIDA JUNIOR,DEPUTADO FEDERAL,AVANTE,1,0,0,0,0,0,0,False
2026,RJ,190002537145,ALAIDE DE MELO SILVA,DEPUTADO FEDERAL,AVANTE,1,0,0,0,0,0,0,False
2026,RJ,190002537146,WILIAM EMILIANO DE SOUZA,DEPUTADO FEDERAL,AVANTE,1,0,0,0,0,0,0,False
2026,RJ,190002537147,ANDERSON JOSE PESSOA DOS SANTOS,DEPUTADO FEDERAL,AVANTE,3,2,0,1,1,0,0,True
2026,RJ,190002537148,WILLIAN CARVALHO DOS SANTOS,DEPUTADO FEDERAL,AVANTE,3,3,0,0,0,0,0,False
2026,RJ,190002537149,SIMONE PIMENTEL DE ARAUJO,DEPUTADO FEDERAL,AVANTE,1,0,0,0,0,0,0,False
2026,RJ,190002537150,SIMONE DE OLIVEIRA AZEVEDO,DEPUTADO FEDERAL,AVANTE,1,0,0,0,0,0,0,False
2026,RJ,190002537151,ANDRÉA OLIVEIRA,DEPUTADO FEDERAL,AVANTE,2,2,0,1,3,0,0,True
2026,RJ,190002537152,ELAINE CRISTINA DE BRITO FERNANDES,DEPUTADO FEDERAL,AVANTE,1,0,0,0,0,0,0,False
2026,RJ,190002537153,EMANUELLE VICENTE DOS SANTOS,DEPUTADO FEDERAL,AVANTE,1,1,0,0,0,0,0,False
2026,RJ,190002537155,JUVELINO BARRETO DOS SANTOS JUNIOR,DEPUTADO FEDERAL,AVANTE,1,1,0,0,0,0,0,False
2026,RJ,190002537156,FELIPE COSTA DA SILVA,DEPUTADO FEDERAL,AVANTE,1,0,0,0,0,0,0,False
2026,RJ,190002537158,RONALDO SANTOS DE PAULA,DEPUTADO FEDERAL,AVANTE,3,0,0,0,0,0,0,False
2026,RJ,190002537160,SIDNEIA APARECIDA LIMA DOS SANTOS,DEPUTADO FEDERAL,AVANTE,1,1,0,0,0,0,0,False
2026,RJ,190002537161,JOSE AUGUSTO RODRIGUES SARMENTO,DEPUTADO FEDERAL,AVANTE,2,1,0,1,2,0,0,True
2026,RJ,190002537162,RAQUEL CANTARELI SAMPAIO,DEPUTADO FEDERAL,AVANTE,1,0,0,0,0,0,0,False
2026,RJ,190002537163,ONASIS ROBERTO DE ASSIS GOMES,DEPUTADO FEDERAL,AVANTE,3,2,0,0,0,0,0,False
2026,RJ,190002537164,RENATO COSTA DE OLIVEIRA,DEPUTADO FEDERAL,AVANTE,1,0,0,0,0,0,0,False
2026,RJ,190002537165,MARCUS VENISSIUS DA SILVA BARBOSA,DEPUTADO FEDERAL,AVANTE,2,2,0,0,0,0,0,False
2026,RJ,190002537166,LUIZ MARCOS DE OLIVEIRA MUILER,DEPUTADO FEDERAL,AVANTE,1,0,0,0,0,0,0,False
2026,RJ,190002537167,LUIZ CARLOS DE ALMEIDA NASCIMENTO,DEPUTADO FEDERAL,AVANTE,2,0,0,0,0,0,0,False
2026,RJ,190002537168,BIANCA FRANCISCO DA COSTA,DEPUTADO FEDERAL,AVANTE,3,2,0,0,0,0,0,False
2026,RJ,190002537169,JOAO VALOIS CORREA DE QUEIROZ OLIVEIRA,DEPUTADO FEDERAL,AVANTE,1,0,0,0,0,0,0,False
2026,RJ,190002537170,LUIZ ANTONIO SALOMAO JUNIOR,DEPUTADO FEDERAL,AVANTE,1,0,0,0,0,0,0,False
2026,RJ,190002537171,JOSE GUILHERME DE MORAES NETO,DEPUTADO FEDERAL,AVANTE,1,0,0,0,0,0,0,False
2026,RJ,190002537172,JOSÉ LUIZ ALVES SERAFIM,DEPUTADO FEDERAL,AVANTE,3,0,0,0,0,0,0,False
2026,RJ,190002537173,LUCIANA TELES ROSA,DEPUTADO FEDERAL,AVANTE,1,1,0,0,0,0,0,False
2026,RJ,190002537174,ALEXANDRE DA SILVA GOMES,DEPUTADO FEDERAL,AVANTE,3,1,0,0,0,0,0,False
2026,RJ,190002537175,VIVIANE BATISTA CARVALHO DA SILVA,DEPUTADO FEDERAL,AVANTE,3,1,0,0,0,0,0,False
2026,RJ,190002537176,CLAUDIA DOS SANTOS MOTA NASCIMENTO,DEPUTADO FEDERAL,AVANTE,2,2,0,0,0,0,0,False
2026,RJ,190002537179,PEDRO AUGUSTO PALARETI,DEPUTADO FEDERAL,AVANTE,2,1,0,1,3,0,0,True
2026,RJ,190002537180,SUELEN DE LIMA INACIO,DEPUTADO FEDERAL,AVANTE,3,0,0,0,0,0,0,False
2026,RJ,190002537524,ANDRÉ BOURGUIGNON MARINHO,GOVERNADOR,NOVO,3,0,0,0,0,0,0,False
2026,RJ,190002537604,CAROLINE MIDORI DA COSTA SILVA,DEPUTADO FEDERAL,PSB,1,0,0,0,0,0,0,False
2026,RJ,190002537606,SERGIO FERNANDO DAMAS FERNANDES,DEPUTADO FEDERAL,PSB,1,1,0,0,0,0,0,False
2026,RJ,190002537607,PAULA NEVES MAGALHÃES DE BARROS,DEPUTADO FEDERAL,PSB,1,0,0,0,0,0,0,False
2026,RJ,190002537737,VANTOIL MEDEIROS MARTINS,DEPUTADO ESTADUAL,PSB,1,1,0,0,0,0,0,False
2026,RJ,190002537743,ALAN MANSUR PEREIRA,DEPUTADO ESTADUAL,PSB,3,2,0,0,0,0,0,False
2026,RJ,190002537748,WESLEY TEIXEIRA SILVA,DEPUTADO ESTADUAL,PSB,2,0,0,0,0,0,0,False
2026,RJ,190002537751,CARLOS MINC BAUMFELD,DEPUTADO ESTADUAL,PSB,1,0,0,0,0,0,0,False
2026,RJ,190002537754,FLAVIO DOS SANTOS,DEPUTADO ESTADUAL,PSB,1,1,0,1,1,0,0,True
2026,RJ,190002537769,GEORGE ANDRE DA SILVA SALVADOR,DEPUTADO ESTADUAL,PSB,2,1,0,0,0,0,0,False
2026,RJ,190002537771,DEISE FRANKLIN DE FREITAS,DEPUTADO ESTADUAL,PSB,1,1,0,0,0,0,0,False
2026,RJ,190002537775,JEAN ELISSOM DA SILVA MORAES,DEPUTADO ESTADUAL,PSB,2,1,0,0,0,0,0,False
2026,RJ,190002537785,MARCIA REGINA DE OLIVEIRA,DEPUTADO ESTADUAL,PSB,2,1,0,0,0,0,0,False
2026,RJ,190002537789,WAGNER MARINHO TAVARES,DEPUTADO ESTADUAL,PSB,2,2,0,2,1,0,0,True
2026,RJ,190002537794,NILTON CESAR PEREIRA MOREIRA,DEPUTADO ESTADUAL,PSB,3,2,0,0,0,0,0,False
2026,RJ,190002537795,NILTON WILSON SALOMAO,DEPUTADO ESTADUAL,PSB,4,2,0,0,0,0,0,False
2026,RJ,190002537796,JARI SIMAO DE OLIVEIRA JUNIOR,DEPUTADO ESTADUAL,PSB,3,2,0,0,0,0,0,False
2026,RJ,190002537990,SERGIO BERNARDINO DUARTE,DEPUTADO ESTADUAL,PSD,1,0,0,0,0,0,0,False
2026,RJ,190002537991,PEDRO DUARTE DOS SANTOS SOARES JUNIOR,DEPUTADO ESTADUAL,PSD,1,1,0,0,0,0,0,False
2026,RJ,190002537995,PATRICK ALEXANDRE DE OLIVEIRA,DEPUTADO ESTADUAL,PSD,3,1,0,0,0,0,0,False
2026,RJ,190002537997,DANIEL DA SILVA CORREA,DEPUTADO ESTADUAL,PSD,2,2,0,0,0,0,0,False
2026,RJ,190002537998,AGUINALDO LUIS PEREIRA,DEPUTADO ESTADUAL,PSD,1,0,0,0,0,0,0,False
2026,RJ,190002538000,JOYCE TRINDADE DE FARIA GAMA,DEPUTADO ESTADUAL,PSD,2,2,0,0,0,0,0,False
2026,RJ,190002538003,FERNANDA DE MELLO GUIMARÃES LEAL DE OLIVEIRA,DEPUTADO ESTADUAL,PSD,3,3,0,1,1,0,0,True
2026,RJ,190002538005,BEATRIZ RETTO BOGOSSIAN,DEPUTADO ESTADUAL,PSD,1,0,0,0,0,0,0,False
2026,RJ,190002538009,ANTONIO JOSE PAPERA DE AZEVEDO,DEPUTADO ESTADUAL,PSD,1,0,0,0,0,0,0,False
2026,RJ,190002538010,CHRISTIAN JOSE BERNARDO DE SOUSA,DEPUTADO ESTADUAL,PSD,1,1,0,0,0,0,0,False
2026,RJ,190002538012,ALEXANDRE HENRIQUE NOGUEIRA,DEPUTADO ESTADUAL,PSD,1,0,0,0,0,0,0,False
2026,RJ,190002538015,CELIA CRISTINA AMORIM SILVA JORDÃO,DEPUTADO ESTADUAL,PSD,1,0,0,0,0,0,0,False
2026,RJ,190002538016,MARCIA DE SOUZA MACHADO MARTINS,DEPUTADO ESTADUAL,PSD,1,0,0,0,0,0,0,False
2026,RJ,190002538017,GLAUCIA PACHECO DOS SANTOS DE ARAUJO,DEPUTADO ESTADUAL,PSD,3,2,0,1,2,0,0,True
2026,RJ,190002538019,CRISTIANE DA CONCEICAO CASTELO KAIZER,DEPUTADO ESTADUAL,PSD,1,0,0,0,0,0,0,False
2026,RJ,190002538020,SERGIO LUIZ DE OLIVEIRA,DEPUTADO ESTADUAL,PSD,1,1,0,0,0,0,0,False
2026,RJ,190002538022,ALCIDES BOTELHO SAMPAIO,DEPUTADO ESTADUAL,PSD,3,2,0,1,1,0,0,True
2026,RJ,190002538023,BERNARDO SANTORO PINTO MACHADO,DEPUTADO ESTADUAL,PSD,1,0,0,0,0,0,0,False
2026,RJ,190002538026,MARCIO ROSA DE ANDRADE,DEPUTADO ESTADUAL,PSD,1,0,0,0,0,0,0,False
2026,RJ,190002538027,MARCOS MARINS SOARES,DEPUTADO ESTADUAL,PSD,1,0,0,0,0,0,0,False
2026,RJ,190002538028,CLAUDINE FERREIRA DE SOUZA,DEPUTADO ESTADUAL,PSD,1,0,0,0,0,0,0,False
2026,RJ,190002538029,CLAUDIO SOBRAL DE CAIADO CASTRO JUNIOR,DEPUTADO ESTADUAL,PSD,1,0,0,0,0,0,0,False
2026,RJ,190002538033,JOSIE NEIBER APARECIDA BARBOSA NOGUEIRA ABRITTA VENTURA,DEPUTADO ESTADUAL,PSD,1,0,0,0,0,0,0,False
2026,RJ,190002538034,ELINETE GONÇALVES GIRARD DE MELLO,DEPUTADO ESTADUAL,PSD,1,0,0,0,0,0,0,False
2026,RJ,190002538036,JORGE MURILO DE MENEZES FILHO,DEPUTADO ESTADUAL,PSD,1,0,0,0,0,0,0,False
2026,RJ,190002538037,LUIZ PAULO CORRÊA DA ROCHA,DEPUTADO ESTADUAL,PSD,1,1,0,0,0,0,0,False
2026,RJ,190002538038,OSIRIS MAIA BORGES DE MEDEIROS,DEPUTADO ESTADUAL,PSD,1,0,0,0,0,0,0,False
2026,RJ,190002538040,MARCELO BORGES DA SILVA,DEPUTADO ESTADUAL,PSD,1,1,0,0,0,0,0,False
2026,RJ,190002538041,MARCELO QUEIROZ DOS SANTOS,DEPUTADO ESTADUAL,PSD,2,1,0,0,0,0,0,False
2026,RJ,190002538043,ANDRÉ GUSTAVO PEREIRA CORRÊA DA SILVA,DEPUTADO ESTADUAL,PSD,1,1,0,1,1,0,0,True
2026,RJ,190002538044,ELTON CRISTO DA SILVA,DEPUTADO ESTADUAL,PSD,1,0,0,0,0,0,0,False
2026,RJ,190002538045,LUIGI ALBERTO MENESES DA SILVA,DEPUTADO ESTADUAL,PSD,3,2,0,0,0,0,0,False
2026,RJ,190002538048,CAROLINE DOS SANTOS GUEDES,DEPUTADO ESTADUAL,PSD,1,0,0,0,0,0,0,False
2026,RJ,190002538049,SERGIO ROBERTO PEREIRA ANNIBAL,DEPUTADO ESTADUAL,PSD,3,1,0,0,0,0,0,False
2026,RJ,190002538051,LUCAS DIAS RODRIGUES,DEPUTADO ESTADUAL,PSD,3,0,0,0,0,0,0,False
2026,RJ,190002538055,CLARICE DA SILVA SANTOS,DEPUTADO ESTADUAL,PSD,1,0,0,0,0,0,0,False
2026,RJ,190002538414,EDUARDO CORREA LIMA FURTADO,DEPUTADO FEDERAL,PSB,2,0,0,0,0,0,0,False
2026,RJ,190002538417,MARCUS VINICIUS DE S THIAGO,DEPUTADO FEDERAL,PSB,1,1,0,1,1,0,0,True
2026,RJ,190002538561,VERONICE ALVES MARTINS,DEPUTADO ESTADUAL,AVANTE,1,0,0,0,0,0,0,False
2026,RJ,190002538563,SILVIO LUIZ FERNANDES DE CASTRO,DEPUTADO ESTADUAL,AVANTE,1,0,0,0,0,0,0,False
2026,RJ,190002538564,ALCEMIR DE OLIVEIRA MACIEL,DEPUTADO ESTADUAL,AVANTE,2,2,0,0,0,0,0,False
2026,RJ,190002538565,JOÃO RICARDO DO NASCIMENTO SOARES,DEPUTADO ESTADUAL,AVANTE,3,3,0,0,0,0,0,False
2026,RJ,190002538566,JOACIR MOREIRA DA SILVA,DEPUTADO ESTADUAL,AVANTE,1,0,0,0,0,0,0,False
2026,RJ,190002538567,EDUARDO ALVES CABRAL,DEPUTADO ESTADUAL,AVANTE,2,0,0,0,0,0,0,False
2026,RJ,190002538568,BRUNO SA MONTEIRO DE BARROS,DEPUTADO ESTADUAL,AVANTE,4,3,0,0,0,0,0,False
2026,RJ,190002538570,RACHEL DE OLIVEIRA NASSER,DEPUTADO ESTADUAL,AVANTE,1,0,0,0,0,0,0,False
2026,RJ,190002538571,ADRIELLE BÓR SANTANA,DEPUTADO ESTADUAL,AVANTE,1,1,0,0,0,0,0,False
2026,RJ,190002538572,ALDAIR CÉSAR DA SILVA,DEPUTADO ESTADUAL,AVANTE,1,1,0,0,0,0,0,False
2026,RJ,190002538573,MARCIA CRISTINA SANTOS DA SILVA,DEPUTADO ESTADUAL,AVANTE,1,0,0,0,0,0,0,False
2026,RJ,190002538575,QUÉZIA COSTA DA CONCEIÇÃO DE SOUZA,DEPUTADO ESTADUAL,AVANTE,1,0,0,0,0,0,0,False
2026,RJ,190002538576,WALLACE DE SOUZA BERNARDES,DEPUTADO ESTADUAL,AVANTE,1,0,0,0,0,0,0,False
2026,RJ,190002538578,CLAUDIA VALENTINA DA CUNHA E SILVA,DEPUTADO ESTADUAL,AVANTE,1,0,0,0,0,0,0,False
2026,RJ,190002538579,CARLOS AUGUSTO ALVES DA SILVA,DEPUTADO ESTADUAL,AVANTE,2,1,0,1,4,0,0,True
2026,RJ,190002538581,CARLOS RODRIGO DE JESUS VALENTIM,DEPUTADO ESTADUAL,AVANTE,1,0,0,0,0,0,0,False
2026,RJ,190002538582,ERIKA MESQUITA PINTO,DEPUTADO ESTADUAL,AVANTE,4,1,0,0,0,0,0,False
2026,RJ,190002538583,ALMIR RANGEL DE CARVALHO,DEPUTADO ESTADUAL,AVANTE,1,1,0,0,0,0,0,False
2026,RJ,190002538584,ANA LUCIA DA SILVA COSTA,DEPUTADO ESTADUAL,AVANTE,1,0,0,0,0,0,0,False
2026,RJ,190002538586,BRUNO DE ANDRADE FERREIRA,DEPUTADO ESTADUAL,AVANTE,1,1,0,0,0,0,0,False
2026,RJ,190002538587,EDSON DAVID DE CASTRO,DEPUTADO ESTADUAL,AVANTE,1,1,0,0,0,0,0,False
2026,RJ,190002538588,ALISSON DAVIS DO NASCIMENTO CANDANDA,DEPUTADO ESTADUAL,AVANTE,1,1,0,0,0,0,0,False
2026,RJ,190002538589,DILSON PEREIRA DE LUCA,DEPUTADO ESTADUAL,AVANTE,2,1,0,0,0,0,0,False
2026,RJ,190002538590,ELIAS DE JESUS,DEPUTADO ESTADUAL,AVANTE,1,0,0,0,0,0,0,False
2026,RJ,190002538591,FABIO DE OLIVEIRA COSTA,DEPUTADO ESTADUAL,AVANTE,1,0,0,0,0,0,0,False
2026,RJ,190002538593,EMERSON SANTOS PESSANHA,DEPUTADO ESTADUAL,AVANTE,2,1,0,0,0,0,0,False
2026,RJ,190002538594,FRANCISCO MANOEL DE CARVALHO,DEPUTADO ESTADUAL,AVANTE,1,0,0,0,0,0,0,False
2026,RJ,190002538597,FLAVIO FERNANDO CALIXTO DE FREITAS,DEPUTADO ESTADUAL,AVANTE,1,0,0,0,0,0,0,False
2026,RJ,190002538598,EDUARDO DA SILVA MARQUES JUNIOR,DEPUTADO ESTADUAL,AVANTE,2,1,0,0,0,0,0,False
2026,RJ,190002538599,IANDRA DA SILVA,DEPUTADO ESTADUAL,AVANTE,3,1,0,0,0,0,0,False
2026,RJ,190002538600,IRANILDO CAMPOS,DEPUTADO ESTADUAL,AVANTE,1,1,0,0,0,0,0,False
2026,RJ,190002538601,GIOVANIA DE JESUS DE OLIVEIRA,DEPUTADO ESTADUAL,AVANTE,1,1,0,0,0,0,0,False
2026,RJ,190002538602,JEANINE DE SOUSA DOMENECH,DEPUTADO ESTADUAL,AVANTE,1,1,0,0,0,0,0,False
2026,RJ,190002538603,EMILIA MARIA DE SOUZA,DEPUTADO ESTADUAL,AVANTE,1,0,0,0,0,0,0,False
2026,RJ,190002538604,MARCIO IVAN DA CONCEICAO,DEPUTADO ESTADUAL,AVANTE,1,0,0,0,0,0,0,False
2026,RJ,190002538605,HELCIO ANGELO DA ROCHA,DEPUTADO ESTADUAL,AVANTE,2,0,0,0,0,0,0,False
2026,RJ,190002538606,PEDRO FERREIRA DA SILVA NETO,DEPUTADO ESTADUAL,AVANTE,1,0,0,0,0,0,0,False
2026,RJ,190002538607,ROSEMARY PEDREIRA NUNES,DEPUTADO ESTADUAL,AVANTE,1,0,0,0,0,0,0,False
2026,RJ,190002538610,PAULO ROBERTO FERREIRA DE SOUZA,DEPUTADO ESTADUAL,AVANTE,2,2,0,0,0,0,0,False
2026,RJ,190002538613,GILBERTO CHEDIAC LEITAO TORRES,DEPUTADO ESTADUAL,AVANTE,1,1,0,0,0,0,0,False
2026,RJ,190002538614,JULIO CESAR DOS REIS NANI BONFADINI,DEPUTADO ESTADUAL,AVANTE,1,1,0,0,0,0,0,False
2026,RJ,190002538615,MILTON VILARINO JUNIOR,DEPUTADO ESTADUAL,AVANTE,1,1,0,0,0,0,0,False
2026,RJ,190002538616,SANDRA DE JESUS SALOMÃO,DEPUTADO ESTADUAL,AVANTE,1,1,0,0,0,0,0,False
2026,RJ,190002538617,LUIS EDUARDO ALMEIDA DE OLIVEIRA JÚNIOR,DEPUTADO ESTADUAL,AVANTE,2,2,0,0,0,0,0,False
2026,RJ,190002538618,ROGERIO GOMES MARTINS,DEPUTADO ESTADUAL,AVANTE,1,0,0,0,0,0,0,False
2026,RJ,190002538619,LEANDRO MENDES BARROS,DEPUTADO ESTADUAL,AVANTE,1,0,0,0,0,0,0,False
2026,RJ,190002538620,JOAO ELIAS DOS SANTOS,DEPUTADO ESTADUAL,AVANTE,2,1,0,0,0,0,0,False
2026,RJ,190002538622,DIANA LIMA DOS SANTOS,DEPUTADO ESTADUAL,AVANTE,2,1,0,0,0,0,0,False
2026,RJ,190002538623,FLAVIANO DIAS FRANGO,DEPUTADO ESTADUAL,AVANTE,1,1,0,0,0,0,0,False
2026,RJ,190002538624,SAMUEL GONZAGA DE SOUZA,DEPUTADO ESTADUAL,AVANTE,1,0,0,0,0,0,0,False
2026,RJ,190002538625,VIVIANY DA SILVA PEREIRA,DEPUTADO ESTADUAL,AVANTE,1,0,0,0,0,0,0,False
2026,RJ,190002538626,ALEXANDRE DOS SANTOS SALGADO,DEPUTADO ESTADUAL,AVANTE,1,0,0,0,0,0,0,False
2026,RJ,190002538628,LORIENE VITORIA LIMA DOS SANTOS,DEPUTADO ESTADUAL,AVANTE,1,0,0,0,0,0,0,False
2026,RJ,190002538629,GLORIA SANTOS CORREA,DEPUTADO ESTADUAL,AVANTE,2,1,0,0,0,0,0,False
2026,RJ,190002538630,PATRICK MATOS GUIMARAES,DEPUTADO ESTADUAL,AVANTE,2,0,0,0,0,0,0,False
2026,RJ,190002538813,EDSON ALBERTASSI,DEPUTADO ESTADUAL,MDB,3,0,0,0,0,0,0,False
2026,RJ,190002538814,JONATHAN BEZERRA FARIAS,DEPUTADO ESTADUAL,MDB,2,2,0,0,0,0,0,False
2026,RJ,190002538815,ANA KARLA GUIMARAES LUCAS,DEPUTADO ESTADUAL,MDB,3,1,0,0,0,0,0,False
2026,RJ,190002538816,MARCOS DA ROCHA MENDES,DEPUTADO ESTADUAL,MDB,23,16,0,10,11,0,0,True
2026,RJ,190002538817,ALBERTO AMARAL FRANÇA,DEPUTADO ESTADUAL,MDB,3,2,0,0,0,0,0,False
2026,RJ,190002538818,BARBARA MARINA AGUIAR SILVA,DEPUTADO ESTADUAL,MDB,2,1,0,0,0,0,0,False
2026,RJ,190002538819,ROSENVERG REIS DE OLIVEIRA,DEPUTADO ESTADUAL,MDB,6,4,0,2,2,0,0,True
2026,RJ,190002538820,CHARLES COZZOLINO,DEPUTADO ESTADUAL,MDB,2,2,0,1,5,0,0,True
2026,RJ,190002538821,ALEXANDRO TEIXEIRA SILVA,DEPUTADO ESTADUAL,MDB,2,1,0,0,0,0,0,False
2026,RJ,190002538822,CARLOS ALEXANDRE DE OLIVEIRA,DEPUTADO ESTADUAL,MDB,3,1,0,0,0,0,0,False
2026,RJ,190002538824,FREDERICO PROCOPIO MENDES,DEPUTADO ESTADUAL,MDB,2,0,0,0,0,0,0,False
2026,RJ,190002538825,ELAINE MENDES FERREIRA,DEPUTADO ESTADUAL,MDB,4,2,0,0,0,0,0,False
2026,RJ,190002538826,MARCUS VINICIUS DE ALMEIDA BRAGA,DEPUTADO ESTADUAL,MDB,2,1,0,0,0,0,0,False
2026,RJ,190002538827,AUGUSTO PEREIRA DE CASTRO,DEPUTADO ESTADUAL,MDB,2,1,0,0,0,0,0,False
2026,RJ,190002538828,ROSANGELA SILVA LIMA,DEPUTADO ESTADUAL,MDB,2,2,0,0,0,0,0,False
2026,RJ,190002538829,ALBERTO ERNANI DA NÓBREGA SILVA,DEPUTADO ESTADUAL,MDB,4,4,0,0,0,0,0,False
2026,RJ,190002538831,FERNANDO NASCIMENTO FERREIRA,DEPUTADO ESTADUAL,MDB,4,3,0,2,5,0,0,True
2026,RJ,190002538832,CELIA MARIA MENEZES SOARES ALVES,DEPUTADO ESTADUAL,MDB,3,3,0,0,0,0,0,False
2026,RJ,190002538833,JOSE RENATO CARDOZO MOURA,DEPUTADO ESTADUAL,MDB,2,1,0,0,0,0,0,False
2026,RJ,190002538834,LEONARDO MAZZUTTI SOBRAL,DEPUTADO ESTADUAL,MDB,4,1,0,0,0,0,0,False
2026,RJ,190002538836,LUIZ FERNANDO DUARTE CORREA,DEPUTADO ESTADUAL,MDB,5,3,0,0,0,0,0,False
2026,RJ,190002538837,SONIA MARIA LOURENCO DA SILVA,DEPUTADO ESTADUAL,MDB,4,2,0,0,0,0,0,False
2026,RJ,190002538838,MELL DO CARMO,DEPUTADO ESTADUAL,MDB,2,0,0,0,0,0,0,False
2026,RJ,190002538839,JERRI CAETANO MIRANDA,DEPUTADO ESTADUAL,MDB,3,2,0,0,0,0,0,False
2026,RJ,190002538841,DÉBORA MAGALHÃES LEITE,DEPUTADO ESTADUAL,MDB,2,1,0,0,0,0,0,False
2026,RJ,190002538842,ROBSON TADEU DIAS DE MENEZES,DEPUTADO ESTADUAL,MDB,3,3,0,0,0,0,0,False
2026,RJ,190002538843,WALLACE EDUARDO PEREIRA JUVENATO,DEPUTADO ESTADUAL,MDB,2,2,0,0,0,0,0,False
2026,RJ,190002538845,MARINA LOPES DA CRUZ CARVALHO,DEPUTADO ESTADUAL,MDB,2,0,0,0,0,0,0,False
2026,RJ,190002538846,MARCOS JOSÉ DE OLIVEIRA SOUZA,DEPUTADO ESTADUAL,MDB,3,3,0,1,1,0,0,True
2026,RJ,190002538847,PAULO SERGIO RAMOS BARBOZA,DEPUTADO ESTADUAL,MDB,2,0,0,0,0,0,0,False
2026,RJ,190002538849,ANTONINO RUSSO,DEPUTADO ESTADUAL,MDB,2,0,0,0,0,0,0,False
2026,RJ,190002538850,MAYARA CALÍCIA RODRIGUES FLOR,DEPUTADO ESTADUAL,MDB,2,2,0,0,0,0,0,False
2026,RJ,190002538851,CARLA MARIA DE MORAES,DEPUTADO ESTADUAL,MDB,2,1,0,0,0,0,0,False
2026,RJ,190002538852,CRISTIANE MARA MARCELINO,DEPUTADO ESTADUAL,MDB,2,0,0,0,0,0,0,False
2026,RJ,190002538853,INACIO GERALDO DA SILVA,DEPUTADO ESTADUAL,MDB,2,1,0,0,0,0,0,False
2026,RJ,190002538854,GISELE VIEIRA FIGUEIREDO,DEPUTADO ESTADUAL,MDB,2,1,0,0,0,0,0,False
2026,RJ,190002538855,NEULY ALEXANDRE DE BARROS,DEPUTADO ESTADUAL,MDB,3,2,0,0,0,0,0,False
2026,RJ,190002538857,FABIANO SOARES DA SILVA,DEPUTADO ESTADUAL,MDB,2,0,0,0,0,0,0,False
2026,RJ,190002538859,ALDINEIA LEITE MOREIRA,DEPUTADO ESTADUAL,MDB,2,0,0,0,0,0,0,False
2026,RJ,190002538860,RODRIGO SOUZA SCHRODER,DEPUTADO ESTADUAL,MDB,2,2,0,0,0,0,0,False
2026,RJ,190002538862,PABLO SIQUEIRA DE FREITAS,DEPUTADO ESTADUAL,MDB,2,0,0,0,0,0,0,False
2026,RJ,190002538863,GIOVANI LEITE DE ABREU,DEPUTADO ESTADUAL,MDB,2,2,0,2,5,0,0,True
2026,RJ,190002538865,GIAN MARINS PARREIRAS,DEPUTADO ESTADUAL,MDB,2,0,0,0,0,0,0,False
2026,RJ,190002538866,EDSON CAMARA,DEPUTADO ESTADUAL,MDB,1,1,0,0,0,0,0,False
2026,RJ,190002539329,HILDEBRANDO GONCALVES RODRIGUES,DEPUTADO FEDERAL,MDB,3,1,0,0,0,0,0,False
2026,RJ,190002539330,JOAO ALVES FERREIRA,DEPUTADO FEDERAL,MDB,2,1,0,0,0,0,0,False
2026,RJ,190002539331,SEVERINO INOCENCIO RAMOS FILHO,DEPUTADO FEDERAL,MDB,2,1,0,0,0,0,0,False
2026,RJ,190002539333,LEDIARA GOMES VELASCO FARIA,DEPUTADO FEDERAL,MDB,4,1,0,0,0,0,0,False
2026,RJ,190002539334,EMANUEL MEIRELES PESSANHA,DEPUTADO FEDERAL,MDB,3,2,0,0,0,0,0,False
2026,RJ,190002539335,ALICE GUIMARÃES SILVA,DEPUTADO FEDERAL,MDB,3,0,0,0,0,0,0,False
2026,RJ,190002539336,GUTEMBERG REIS DE OLIVEIRA,DEPUTADO FEDERAL,MDB,3,1,0,1,1,0,0,True
2026,RJ,190002539337,CHARLES MAURICIO DA SILVA,DEPUTADO FEDERAL,MDB,3,0,0,0,0,0,0,False
2026,RJ,190002539338,VANDREA DOS SANTOS STEFFAN,DEPUTADO FEDERAL,MDB,3,0,0,0,0,0,0,False
2026,RJ,190002539339,HENRIQUE ABRAHAO CHARLES,DEPUTADO FEDERAL,MDB,3,1,0,1,3,0,0,True
2026,RJ,190002539340,PENHA VENTURA ALVES,DEPUTADO FEDERAL,MDB,3,1,0,0,0,0,0,False
2026,RJ,190002539342,LEANDRO AUGUSTO MACHADO,DEPUTADO FEDERAL,MDB,3,2,0,1,10,0,0,True
2026,RJ,190002539343,ADELINA SOARES PITANGA,DEPUTADO FEDERAL,MDB,2,0,0,0,0,0,0,False
2026,RJ,190002539344,ALINE ARARIBA E SILVA,DEPUTADO FEDERAL,MDB,2,0,0,0,0,0,0,False
2026,RJ,190002539345,RAQUEL MARQUES ALVARENGA,DEPUTADO FEDERAL,MDB,2,0,0,0,0,0,0,False
2026,RJ,190002539346,ARNALDO LUIZ GOMES FREITAS,DEPUTADO FEDERAL,MDB,2,1,0,0,0,0,0,False
2026,RJ,190002539347,ELBA MARIA BARCELLOS FERREIRA,DEPUTADO FEDERAL,MDB,2,1,0,0,0,0,0,False
2026,RJ,190002539348,THIAGO DE OLIVEIRA XAVIER ROCHA,DEPUTADO FEDERAL,MDB,2,0,0,0,0,0,0,False
2026,RJ,190002539349,FILIPE AMARO DA SILVA,DEPUTADO FEDERAL,MDB,4,3,0,0,0,0,0,False
2026,RJ,190002539350,HELEN DE PAULA BARRETO,DEPUTADO FEDERAL,MDB,2,1,0,0,0,0,0,False
2026,RJ,190002539351,NIELSON RODRIGO VICENTE DOS ANJOS,DEPUTADO FEDERAL,MDB,3,2,0,0,0,0,0,False
2026,RJ,190002539352,RUTH CILENE DO PATROCINIO CRUZ RIBAS,DEPUTADO FEDERAL,MDB,2,0,0,0,0,0,0,False
2026,RJ,190002539353,JANDER BRUM MARTINS,DEPUTADO FEDERAL,MDB,2,1,0,0,0,0,0,False
2026,RJ,190002539354,FELIPE JOSE DE CARVALHO CORREA,DEPUTADO FEDERAL,MDB,2,2,0,0,0,0,0,False
2026,RJ,190002539355,LECYMAR PARAGUASSU BATISTA SANTOS LA RUBIA,DEPUTADO FEDERAL,MDB,2,0,0,0,0,0,0,False
2026,RJ,190002539356,MARIO LUCIO DE SOUZA AGUIAR,DEPUTADO FEDERAL,MDB,3,2,0,0,0,0,0,False
2026,RJ,190002539357,RODRIGO DOS SANTOS VIZEU SOARES,DEPUTADO FEDERAL,MDB,2,2,0,0,0,0,0,False
2026,RJ,190002539358,LUCIANO DA SILVA MARTINS,DEPUTADO FEDERAL,MDB,3,3,0,1,6,0,0,True
2026,RJ,190002539359,MARCO ANTONIO BARBOSA,DEPUTADO FEDERAL,MDB,3,1,0,1,11,0,0,True
2026,RJ,190002539360,VICTOR FELIX MAZZEI,DEPUTADO FEDERAL,MDB,2,0,0,0,0,0,0,False
2026,RJ,190002539361,CHRISTIANNE CARNEIRO MONTEIRO MEIRELLES,DEPUTADO FEDERAL,MDB,2,1,0,0,0,0,0,False
2026,RJ,190002539362,MAYCON DE FREITAS PEREIRA,DEPUTADO FEDERAL,MDB,2,1,0,0,0,0,0,False
2026,RJ,190002539363,PAULO ANDERSON LIMA E SILVA,DEPUTADO FEDERAL,MDB,3,3,0,0,0,0,0,False
2026,RJ,190002539364,PAULO RODOLFO LEITE BELÉM,DEPUTADO FEDERAL,MDB,2,2,0,0,0,0,0,False
2026,RJ,190002539365,LUZINEIDE MENEZES NASCIMENTO,DEPUTADO FEDERAL,MDB,3,1,0,0,0,0,0,False
2026,RJ,190002539366,VALDEMIRA DE SOUZA SANTIAGO DUARTE,DEPUTADO FEDERAL,MDB,2,0,0,0,0,0,0,False
2026,RJ,190002539367,AMANDA FERREIRA DA SILVA SANTANA,DEPUTADO FEDERAL,MDB,2,0,0,0,0,0,0,False
2026,RJ,190002539470,DAILVA BASÍLIO CRUZ,DEPUTADO FEDERAL,PSD,3,1,0,0,0,0,0,False
2026,RJ,190002539473,PAULO CESAR DA GUIA ALMEIDA,DEPUTADO FEDERAL,PSD,1,1,0,0,0,0,0,False
2026,RJ,190002539542,ESTEBAN ROBERTO FERREIRA CRESCENTE,DEPUTADO FEDERAL,UP,3,1,0,1,3,0,0,True
2026,RJ,190002539543,PETALA CORMANN DE JESUS E SILVA,DEPUTADO FEDERAL,UP,2,1,0,0,0,0,0,False
2026,RJ,190002539644,DANILO PERES DOS SANTOS,DEPUTADO FEDERAL,PDT,2,1,0,1,1,0,0,True
2026,RJ,190002539645,MARIA JOSE PINHEIRO DOS SANTOS,DEPUTADO FEDERAL,PDT,3,1,0,0,0,0,0,False
2026,RJ,190002539646,CLAUDIO JOSE DE OLIVEIRA,DEPUTADO FEDERAL,PDT,1,1,0,0,0,0,0,False
2026,RJ,190002539647,SANDRO MARTINS DA SILVA,DEPUTADO FEDERAL,PDT,2,1,0,0,0,0,0,False
2026,RJ,190002539648,JAIR JOSE DIAS,DEPUTADO FEDERAL,PDT,2,0,0,0,0,0,0,False
2026,RJ,190002539649,MARCIA HELENA BRAGA,DEPUTADO FEDERAL,PDT,3,1,0,0,0,0,0,False
2026,RJ,190002539650,THIAGO VALERIO DA SILVA,DEPUTADO FEDERAL,PDT,2,0,0,0,0,0,0,False
2026,RJ,190002539651,JONATAS GUIMARAES DIAS,DEPUTADO FEDERAL,PDT,3,2,0,0,0,0,0,False
2026,RJ,190002539652,JOSE VITOR VIEIRA BISSONHO JUNIOR,DEPUTADO FEDERAL,PDT,3,3,0,0,0,0,0,False
2026,RJ,190002539653,LEON GOMES CELESTINO,DEPUTADO FEDERAL,PDT,9,4,0,0,0,0,0,False
2026,RJ,190002539654,LUCIANO RAMOS PINTO,DEPUTADO FEDERAL,PDT,2,1,0,0,0,0,0,False
2026,RJ,190002539655,RICARDO GOMES ARANHA,DEPUTADO FEDERAL,PDT,3,0,0,0,0,0,0,False
2026,RJ,190002539656,JORGENETE PEREIRA HULPAN,DEPUTADO FEDERAL,PDT,2,1,0,0,0,0,0,False
2026,RJ,190002539657,PAULO ROBERTO DA SILVA CARVALHO,DEPUTADO FEDERAL,PDT,3,0,0,0,0,0,0,False
2026,RJ,190002539658,MARCOS PAULO BARBOSA TAVARES,DEPUTADO FEDERAL,PDT,2,1,0,1,2,0,0,True
2026,RJ,190002539659,MONICA BARCELOS DE OLIVEIRA,DEPUTADO FEDERAL,PDT,5,5,0,3,5,0,0,True
2026,RJ,190002539660,LUCAS TERRA BASTOS,DEPUTADO FEDERAL,PDT,3,0,0,0,0,0,0,False
2026,RJ,190002539661,REJANE JORGE DA SILVA,DEPUTADO FEDERAL,PDT,3,1,0,0,0,0,0,False
2026,RJ,190002539662,ANDRE GUSTAVO SUZANO FERREIRA,DEPUTADO FEDERAL,PDT,4,4,0,0,0,0,0,False
2026,RJ,190002539663,ALCIONE SILVEIRA DA SILVA,DEPUTADO FEDERAL,PDT,4,1,0,0,0,0,0,False
2026,RJ,190002539664,MICHELE DE CARVALHO FERREIRA DA SILVA,DEPUTADO FEDERAL,PDT,4,2,0,0,0,0,0,False
2026,RJ,190002539665,WANDERSON LUIZ CUNHA NOGUEIRA,DEPUTADO FEDERAL,PDT,3,1,0,0,0,0,0,False
2026,RJ,190002539666,MARCO AURELIO ALVES,DEPUTADO FEDERAL,PDT,4,3,0,1,4,0,0,True
2026,RJ,190002539667,ALEXANDER MOREIRA DE ARAUJO,DEPUTADO FEDERAL,PDT,2,1,0,0,0,0,0,False
2026,RJ,190002539668,CARLOS VINICIUS GOMES DE ASSIS,DEPUTADO FEDERAL,PDT,3,2,0,1,1,0,0,True
2026,RJ,190002539669,JORGE ROSA DA SILVA,DEPUTADO FEDERAL,PDT,4,4,0,0,0,0,0,False
2026,RJ,190002539670,CLAUDIO LUIZ PINTO,DEPUTADO FEDERAL,PDT,3,2,0,0,0,0,0,False
2026,RJ,190002539671,WILDSON GUILHERME DA COSTA SANTOS,DEPUTADO FEDERAL,PDT,3,3,0,0,0,0,0,False
2026,RJ,190002539672,MARTHA MESQUITA DA ROCHA,DEPUTADO FEDERAL,PDT,2,1,0,0,0,0,0,False
2026,RJ,190002539673,ROSANGELA SIMOES COSTA,DEPUTADO FEDERAL,PDT,3,2,0,0,0,0,0,False
2026,RJ,190002539674,ELAINE SAMPAIO DO NASCIMENTO DIAS,DEPUTADO FEDERAL,PDT,2,0,0,0,0,0,0,False
2026,RJ,190002539675,RICARDO DA SILVA PEREIRA,DEPUTADO FEDERAL,PDT,3,1,0,0,0,0,0,False
2026,RJ,190002539676,JOSE RENATO MUNIZ GUIMARAES,DEPUTADO FEDERAL,PDT,4,3,0,2,3,0,0,True
2026,RJ,190002539677,MARISTELA GAIO FIGUEIRA,DEPUTADO FEDERAL,PDT,2,0,0,0,0,0,0,False
2026,RJ,190002539678,HUGO PEREIRA DO CANTO JUNIOR,DEPUTADO FEDERAL,PDT,2,1,0,0,0,0,0,False
2026,RJ,190002539679,CRISTIANE PELINCA DO AMARAL,DEPUTADO FEDERAL,PDT,3,3,0,1,2,0,0,True
2026,RJ,190002539680,MARTA MARIA DA SILVA,DEPUTADO FEDERAL,PDT,2,1,0,1,1,0,0,True
2026,RJ,190002539681,ADRIANA AMARAL SANTOS,DEPUTADO FEDERAL,PDT,2,0,0,0,0,0,0,False
2026,RJ,190002539682,MARCOS ANTONIO DE OLIVEIRA E SILVA,DEPUTADO FEDERAL,PDT,3,2,0,2,2,0,0,True
2026,RJ,190002539683,MACIEL LEMOS NASCIMENTO,DEPUTADO FEDERAL,PDT,2,1,0,1,1,0,0,True
2026,RJ,190002539684,DEJORGE PATRICIO DA SILVA,DEPUTADO FEDERAL,PDT,4,3,0,0,0,0,0,False
2026,RJ,190002539685,MOISES DA SILVA BOECHAT,DEPUTADO FEDERAL,PDT,3,1,0,0,0,0,0,False
2026,RJ,190002539686,AXEL SCHMIDT GRAEL,DEPUTADO FEDERAL,PDT,3,2,0,0,0,0,0,False
2026,RJ,190002539832,BARBARA DEL PENHO SINEDINO PINHEIRO,DEPUTADO FEDERAL,PSTU,2,0,0,0,0,0,0,False
2026,RJ,190002540154,PAULO SERGIO CORREIA DE QUEIROZ,DEPUTADO FEDERAL,PSD,1,1,0,1,1,0,0,True
2026,RJ,190002540155,FLAVIA OLIVEIRA DE SOUZA,DEPUTADO FEDERAL,PSD,1,0,0,0,0,0,0,False
2026,RJ,190002540156,ELIANE PEREIRA DE SOUZA,DEPUTADO FEDERAL,PSD,1,0,0,0,0,0,0,False
2026,RJ,190002540157,RENAN FERREIRINHA CARNEIRO,DEPUTADO FEDERAL,PSD,2,0,0,0,0,0,0,False
2026,RJ,190002540158,OTONI MOURA DE PAULO JUNIOR,DEPUTADO FEDERAL,PSD,2,1,0,0,0,0,0,False
2026,RJ,190002540160,CLEIBE MANGE ESTEVES,DEPUTADO FEDERAL,PSD,2,0,0,0,0,0,0,False
2026,RJ,190002540161,EDUARDO FERREIRA DE OLIVEIRA,DEPUTADO FEDERAL,PSD,3,1,0,0,0,0,0,False
2026,RJ,190002540162,VANDO RAIMUNDO DA LUZ,DEPUTADO FEDERAL,PSD,1,1,0,0,0,0,0,False
2026,RJ,190002540164,MARCOS ABRAHÃO FILHO,DEPUTADO FEDERAL,PSD,1,0,0,0,0,0,0,False
2026,RJ,190002540165,SILVIA DE BRAGA ARAO,DEPUTADO FEDERAL,PSD,2,2,0,0,0,0,0,False
2026,RJ,190002540167,EDIMARA CELI FREITAS,DEPUTADO FEDERAL,PSD,1,0,0,0,0,0,0,False
2026,RJ,190002540170,ALCA DE MOURA PIRES DE MORAES,DEPUTADO FEDERAL,PSD,1,0,0,0,0,0,0,False
2026,RJ,190002540171,EDIMAR TEIXEIRA,DEPUTADO FEDERAL,PSD,1,0,0,0,0,0,0,False
2026,RJ,190002540173,ALEXANDRE ALVES DA SILVA,DEPUTADO FEDERAL,PSD,1,0,0,0,0,0,0,False
2026,RJ,190002540174,MARCELO DINIZ ANASTACIO DA SILVA,DEPUTADO FEDERAL,PSD,1,0,0,0,0,0,0,False
2026,RJ,190002540175,FABIO MARCOS DA SILVA FERNANDES,DEPUTADO FEDERAL,PSD,1,1,0,0,0,0,0,False
2026,RJ,190002540176,FABIO FERREIRA MIGUEL DOS SANTOS,DEPUTADO FEDERAL,PSD,1,0,0,0,0,0,0,False
2026,RJ,190002540179,GIANCARLO ALVES DE SOUSA,DEPUTADO FEDERAL,PSD,1,0,0,0,0,0,0,False
2026,RJ,190002540181,RAFAEL ALOISIO FREITAS,DEPUTADO FEDERAL,PSD,2,0,0,0,0,0,0,False
2026,RJ,190002540183,FELIPE BEZERRA DA COSTA,DEPUTADO FEDERAL,PSD,1,0,0,0,0,0,0,False
2026,RJ,190002540185,MARCIO CESAR GOMES RIBEIRO JUNIOR,DEPUTADO FEDERAL,PSD,2,2,0,0,0,0,0,False
2026,RJ,190002540186,FRANCIS VIEIRA DA SILVA,DEPUTADO FEDERAL,PSD,1,0,0,0,0,0,0,False
2026,RJ,190002540187,VITOR ESTEVÃO DE ALMEIDA,DEPUTADO FEDERAL,PSD,2,1,0,0,0,0,0,False
2026,RJ,190002540188,LUCIANE COSTA DOS SANTOS FERREIRA,DEPUTADO FEDERAL,PSD,1,1,0,0,0,0,0,False
2026,RJ,190002540189,RENATO GARCIA DA SILVA,DEPUTADO FEDERAL,PSD,1,0,0,0,0,0,0,False
2026,RJ,190002541045,BERNARDO CHIM ROSSI,DEPUTADO FEDERAL,UNIÃO,1,0,0,0,0,0,0,False
2026,RJ,190002541046,BRUNO MARINI,DEPUTADO FEDERAL,UNIÃO,3,2,0,0,0,0,0,False
2026,RJ,190002541047,CHARLLES BATISTA DA SILVA,DEPUTADO FEDERAL,UNIÃO,3,1,0,0,0,0,0,False
2026,RJ,190002541048,MARLON CRISTIANO JORGE,DEPUTADO FEDERAL,PP,2,2,0,0,0,0,0,False
2026,RJ,190002541049,SANCLER RODRIGUES DE MELLO,DEPUTADO FEDERAL,PP,1,0,0,0,0,0,0,False
2026,RJ,190002541050,DILSON MALHEIROS DRUMOND,DEPUTADO FEDERAL,PP,1,1,0,0,0,0,0,False
2026,RJ,190002541051,SONIA DE ARSOLINO,DEPUTADO FEDERAL,UNIÃO,1,0,0,0,0,0,0,False
2026,RJ,190002541053,FLAVIO FERNANDO PRADO,DEPUTADO FEDERAL,UNIÃO,2,0,0,0,0,0,0,False
2026,RJ,190002541058,RENAN MARASSI MAGALHÃES,DEPUTADO FEDERAL,UNIÃO,1,0,0,0,0,0,0,False
2026,RJ,190002541059,CHRISTIANO COSTA VILELA ALVERNAZ,DEPUTADO FEDERAL,PP,3,0,0,0,0,0,0,False
2026,RJ,190002541062,ISABEL GOMES RIBEIRO DOS SANTOS,DEPUTADO FEDERAL,PP,3,0,0,0,0,0,0,False
2026,RJ,190002541063,CARLOS ROBERTO RODRIGUES,DEPUTADO FEDERAL,PP,3,2,0,0,0,0,0,False
2026,RJ,190002541064,JULIO LUIZ BAPTISTA LOPES,DEPUTADO FEDERAL,PP,2,1,0,0,0,0,0,False
2026,RJ,190002541065,LEONARDO MENDES DE ABRANTES,DEPUTADO FEDERAL,PP,2,1,0,0,0,0,0,False
2026,RJ,190002541066,LUAN LENNON CAMACHO BRAGA OLIVEIRA,DEPUTADO FEDERAL,PP,2,1,0,1,2,0,0,True
2026,RJ,190002541067,MARCOS ANTONIO DA SILVA ALMEIDA,DEPUTADO FEDERAL,UNIÃO,3,0,0,0,0,0,0,False
2026,RJ,190002541068,FELIPE LOBATO CURI,DEPUTADO FEDERAL,PP,2,2,0,0,0,0,0,False
2026,RJ,190002541069,VIVIANE FERNANDES,DEPUTADO FEDERAL,PP,2,1,0,0,0,0,0,False
2026,RJ,190002541070,LENIR MORAIS FERREIRA,DEPUTADO FEDERAL,PP,2,2,0,0,0,0,0,False
2026,RJ,190002541071,WELLINGTON JOSE DA SILVA,DEPUTADO FEDERAL,UNIÃO,3,0,0,0,0,0,0,False
2026,RJ,190002541072,VINICIUS MEDEIROS FARAH,DEPUTADO FEDERAL,UNIÃO,2,1,0,0,0,0,0,False
2026,RJ,190002541073,MAX RODRIGUES LEMOS,DEPUTADO FEDERAL,UNIÃO,2,2,0,0,0,0,0,False
2026,RJ,190002541074,EDIO ANTONIO RODRIGUES NETO,DEPUTADO FEDERAL,UNIÃO,2,1,0,0,0,0,0,False
2026,RJ,190002541075,ISOLDA BATISTA ALEIXO,DEPUTADO FEDERAL,PP,1,0,0,0,0,0,0,False
2026,RJ,190002541076,LUIS FERNANDO AZEVEDO SILVA,DEPUTADO FEDERAL,UNIÃO,5,3,0,0,0,0,0,False
2026,RJ,190002541077,MAURICIO PINHEIRO DE CARVALHO,DEPUTADO FEDERAL,PP,1,0,0,0,0,0,0,False
2026,RJ,190002541078,LENIEL BOREL DE ALMEIDA JUNIOR,DEPUTADO FEDERAL,PP,1,0,0,0,0,0,0,False
2026,RJ,190002541082,MADELEINE FARIAS RANGEL DYKEMAN,DEPUTADO FEDERAL,UNIÃO,1,1,0,1,1,0,0,True
2026,RJ,190002541083,ANGELA MARIA TENORIO DE ALBUQUERQUE,DEPUTADO FEDERAL,UNIÃO,2,1,0,0,0,0,0,False
2026,RJ,190002541084,ROSILENE GONÇALVES DA SILVA,DEPUTADO FEDERAL,PP,3,0,0,0,0,0,0,False
2026,RJ,190002541085,NATCHA DIAS BHERING,DEPUTADO FEDERAL,PP,2,1,0,0,0,0,0,False
2026,RJ,190002541086,RENATO COZZOLINO HARB,DEPUTADO FEDERAL,PP,1,0,0,0,0,0,0,False
2026,RJ,190002541087,CAROLINE NUNES SOBRINHO,DEPUTADO FEDERAL,UNIÃO,2,2,0,0,0,0,0,False
2026,RJ,190002541090,NATACHA ALVES DA SILVA,DEPUTADO FEDERAL,UNIÃO,1,1,0,1,3,0,0,True
2026,RJ,190002541091,ANTONIO EDUARDO GONÇALVES DE RUEDA,DEPUTADO FEDERAL,UNIÃO,3,1,0,0,0,0,0,False
2026,RJ,190002541164,FRANCISCO FLÁVIO PAIVA,DEPUTADO FEDERAL,PSD,2,0,0,0,0,0,0,False
2026,RJ,190002541630,JONAS FERNANDO DA SILVA,DEPUTADO ESTADUAL,UNIÃO,4,2,0,0,0,0,0,False
2026,RJ,190002541631,DELON ALVES DE ALBUQUERQUE FILHO,DEPUTADO ESTADUAL,PP,2,1,0,0,0,0,0,False
2026,RJ,190002541632,FRANCISCO JOSÉ DOS SANTOS FILHO,DEPUTADO ESTADUAL,PP,3,2,0,0,0,0,0,False
2026,RJ,190002541633,CARLA SAAR SOARES,DEPUTADO ESTADUAL,PP,2,0,0,0,0,0,0,False
2026,RJ,190002541634,ALOISIO BARBOSA DA SILVA FILHO,DEPUTADO ESTADUAL,PP,3,0,0,0,0,0,0,False
2026,RJ,190002541637,BRUNO FELGUEIRA DAUAIRE,DEPUTADO ESTADUAL,UNIÃO,1,1,0,0,0,0,0,False
2026,RJ,190002541638,ANDERSON BRAGA MIRANDA,DEPUTADO ESTADUAL,UNIÃO,4,1,0,0,0,0,0,False
2026,RJ,190002541639,NATALIA DE NEGREIROS LYRIO,DEPUTADO ESTADUAL,PP,2,0,0,0,0,0,0,False
2026,RJ,190002541640,RAFAEL PEREIRA NOBRE,DEPUTADO ESTADUAL,UNIÃO,2,0,0,0,0,0,0,False
2026,RJ,190002541641,GEFERSON JORGE OLIVEIRA DOS SANTOS,DEPUTADO ESTADUAL,PP,2,0,0,0,0,0,0,False
2026,RJ,190002541642,LUCIANA CANELLAS VIANNA,DEPUTADO ESTADUAL,PP,2,0,0,0,0,0,0,False
2026,RJ,190002541643,RONALDO OLIVEIRA DOS SANTOS,DEPUTADO ESTADUAL,PP,3,2,0,1,2,0,0,True
2026,RJ,190002541644,KAREN BARBOSA FLIESS DE CASTRO,DEPUTADO ESTADUAL,PP,1,1,0,0,0,0,0,False
2026,RJ,190002541645,LUIZ FILIPE PINTO BUSTILHO,DEPUTADO ESTADUAL,UNIÃO,5,3,0,3,2,0,0,True
2026,RJ,190002541646,RAFAELLE FIRMINO DOS SANTOS,DEPUTADO ESTADUAL,UNIÃO,2,0,0,0,0,0,0,False
2026,RJ,190002541647,KAROLINE DA SILVA MENDEZ,DEPUTADO ESTADUAL,PP,3,1,0,0,0,0,0,False
2026,RJ,190002541648,GESIEL DE OLIVEIRA LESSA,DEPUTADO ESTADUAL,UNIÃO,2,1,0,0,0,0,0,False
2026,RJ,190002541649,JOSE ADRIANO VALLE DA COSTA,DEPUTADO ESTADUAL,PP,3,0,0,0,0,0,0,False
2026,RJ,190002541650,CYNTHIA REGINA SILVA AUGUSTO,DEPUTADO ESTADUAL,PP,1,1,0,0,0,0,0,False
2026,RJ,190002541651,TATIANA DE PAULA OLIVEIRA LIMA,DEPUTADO ESTADUAL,PP,2,0,0,0,0,0,0,False
2026,RJ,190002541653,FELIPE RANGEL GARCIA,DEPUTADO ESTADUAL,PP,3,1,0,0,0,0,0,False
2026,RJ,190002541654,RENATA DE SOUZA RAMOS,DEPUTADO ESTADUAL,UNIÃO,2,0,0,0,0,0,0,False
2026,RJ,190002541655,RICARDO BOARETTO DE SIQUEIRA,DEPUTADO ESTADUAL,PP,4,1,0,1,1,0,0,True
2026,RJ,190002541656,LUCIENE MANGANELLO VELLOSO,DEPUTADO ESTADUAL,PP,2,1,0,0,0,0,0,False
2026,RJ,190002541657,MEIRE APARECIDA RODRIGUES DE MOURA,DEPUTADO ESTADUAL,PP,2,1,0,0,0,0,0,False
2026,RJ,190002541658,RAFAEL CARNEIRO MONTEIRO PICCIANI,DEPUTADO ESTADUAL,UNIÃO,1,0,0,0,0,0,0,False
2026,RJ,190002541659,URUAN CINTRA DE ANDRADE,DEPUTADO ESTADUAL,UNIÃO,2,0,0,0,0,0,0,False
2026,RJ,190002541661,PATRICIA BOAVENTURA DA SILVA EGIDIO,DEPUTADO ESTADUAL,UNIÃO,2,1,0,0,0,0,0,False
2026,RJ,190002541662,MARCELLO AUTRAN INDELLI,DEPUTADO ESTADUAL,PP,6,2,0,0,0,0,0,False
2026,RJ,190002541663,ANDERSON MARTINS FLORENTINO,DEPUTADO ESTADUAL,UNIÃO,2,1,0,0,0,0,0,False
2026,RJ,190002541664,WALLACE DE ALMEIDA DOS SANTOS,DEPUTADO ESTADUAL,UNIÃO,2,1,0,0,0,0,0,False
2026,RJ,190002541665,EDSON TEIXEIRA DOS SANTOS,DEPUTADO ESTADUAL,PP,1,1,0,0,0,0,0,False
2026,RJ,190002541666,RENATA MELO DA SILVA DE SOUZA,DEPUTADO ESTADUAL,UNIÃO,2,0,0,0,0,0,0,False
2026,RJ,190002541667,MARIANE LEMOS KARMUOCHE,DEPUTADO ESTADUAL,UNIÃO,1,1,0,0,0,0,0,False
2026,RJ,190002541672,GUSTAVO REIS FERREIRA,DEPUTADO ESTADUAL,PP,1,0,0,0,0,0,0,False
2026,RJ,190002541673,BERNARDO CUNHA SENRA BARROS,DEPUTADO ESTADUAL,PP,2,2,0,0,0,0,0,False
2026,RJ,190002541674,MARCUS ANTONIO GUEDES DOS SANTOS,DEPUTADO ESTADUAL,PP,1,1,0,0,0,0,0,False
2026,RJ,190002541676,FELIPE MICHEL,DEPUTADO ESTADUAL,PP,3,1,0,0,0,0,0,False
2026,RJ,190002541677,TAMIRIS GUIMARAES PEIXOTO,DEPUTADO ESTADUAL,UNIÃO,3,2,0,0,0,0,0,False
2026,RJ,190002541678,DIONISIO DE SOUZA LINS,DEPUTADO ESTADUAL,PP,2,1,0,0,0,0,0,False
2026,RJ,190002541679,CARLOS ALBERTO RIBEIRO DA SILVA,DEPUTADO ESTADUAL,PP,2,0,0,0,0,0,0,False
2026,RJ,190002541680,MARIA DA PENHA BERNARDES,DEPUTADO ESTADUAL,UNIÃO,6,0,0,0,0,0,0,False
2026,RJ,190002541681,TATIANA OLIVEIRA DE CASTRO,DEPUTADO ESTADUAL,UNIÃO,2,0,0,0,0,0,0,False
2026,RJ,190002541682,MÁRCIO CORREIA DE OLIVEIRA,DEPUTADO ESTADUAL,UNIÃO,6,6,0,5,5,0,0,True
2026,RJ,190002541684,SONIA DE FÁTIMA MARCELO DA SILVA DE MOURA,DEPUTADO ESTADUAL,PP,1,1,0,0,0,0,0,False
2026,RJ,190002541686,ANDRÉA ADÃO GERMANO DA SILVA DANTAS,DEPUTADO ESTADUAL,PP,3,2,0,0,0,0,0,False
2026,RJ,190002541687,JOSE JALMIR DE MEDEIROS,DEPUTADO ESTADUAL,PP,3,0,0,0,0,0,0,False
2026,RJ,190002541688,RHEURY LAYME SCHEIDEGGER CONTSAYFFER ANDRADE E SOUZA,DEPUTADO ESTADUAL,UNIÃO,3,0,0,0,0,0,0,False
2026,RJ,190002541689,EDGLACY CERQUEIRA FERREIRA,DEPUTADO ESTADUAL,UNIÃO,3,3,0,0,0,0,0,False
2026,RJ,190002541690,MARIA EDUARDA BIANCHI DOS SANTOS PRADO,DEPUTADO ESTADUAL,UNIÃO,2,0,0,0,0,0,0,False
2026,RJ,190002541784,VALDECY NUNES DA ROSA FILHO,DEPUTADO ESTADUAL,PDT,2,0,0,0,0,0,0,False
2026,RJ,190002541785,WELLINGTON RIBEIRO LACERDA DE LIMA,DEPUTADO ESTADUAL,PDT,2,1,0,0,0,0,0,False
2026,RJ,190002541786,VLADIMIR BENITES LINS,DEPUTADO ESTADUAL,PDT,3,1,0,0,0,0,0,False
2026,RJ,190002541787,JORGE LUIZ LIMA RANGEL,DEPUTADO ESTADUAL,PDT,1,0,0,0,0,0,0,False
2026,RJ,190002541788,CLOVIS MORORO MAGALHAES,DEPUTADO ESTADUAL,PDT,2,1,0,0,0,0,0,False
2026,RJ,190002541789,JAIME ALVES AROXA NETO,DEPUTADO ESTADUAL,PDT,3,2,0,0,0,0,0,False
2026,RJ,190002541790,JOSE ANTONIO VIEIRA,DEPUTADO ESTADUAL,PDT,3,2,0,0,0,0,0,False
2026,RJ,190002541791,DEBORA MELLO SARAIVA,DEPUTADO ESTADUAL,PDT,1,0,0,0,0,0,0,False
2026,RJ,190002541792,PEDRO HENRIQUE FONTES FARIA DE AZEVEDO,DEPUTADO ESTADUAL,PDT,2,0,0,0,0,0,0,False
2026,RJ,190002541793,WILLIAM DOS SANTOS BARCELLOS,DEPUTADO ESTADUAL,PDT,3,3,0,0,0,0,0,False
2026,RJ,190002541794,ELKER JHAER MOREIRA DIAS,DEPUTADO ESTADUAL,PDT,4,2,0,0,0,0,0,False
2026,RJ,190002541795,EDSON PAIVA DE OLIVEIRA,DEPUTADO ESTADUAL,PDT,3,2,0,0,0,0,0,False
2026,RJ,190002541796,MAURICIO GUIMARAES NASCIMENTO,DEPUTADO ESTADUAL,PDT,1,0,0,0,0,0,0,False
2026,RJ,190002541797,RODRIGO OLIVEIRA DA SILVA,DEPUTADO ESTADUAL,PDT,2,2,0,0,0,0,0,False
2026,RJ,190002541798,LUIZ HENRIQUE VIRANGE DE AGUIAR,DEPUTADO ESTADUAL,PDT,2,2,0,0,0,0,0,False
2026,RJ,190002541799,VITOR HUGO MOREIRA ELIZEU,DEPUTADO ESTADUAL,PDT,4,1,0,0,0,0,0,False
2026,RJ,190002541800,LEONARDO ROCHA LUPI,DEPUTADO ESTADUAL,PDT,2,1,0,0,0,0,0,False
2026,RJ,190002541801,RAFAEL BRASIEL RINALDI,DEPUTADO ESTADUAL,PDT,4,2,0,0,0,0,0,False
2026,RJ,190002541802,SERGIO ALBERTO CORREA DA ROCHA,DEPUTADO ESTADUAL,PDT,1,0,0,0,0,0,0,False
2026,RJ,190002541803,FERNANDA SIXEL BARRETO,DEPUTADO ESTADUAL,PDT,2,0,0,0,0,0,0,False
2026,RJ,190002541804,FABIO FEIJO DE MEDEIROS,DEPUTADO ESTADUAL,PDT,1,0,0,0,0,0,0,False
2026,RJ,190002541805,CARLOS ALBERTO DE PAULA DIAS JUNIOR,DEPUTADO ESTADUAL,PDT,2,0,0,0,0,0,0,False
2026,RJ,190002541806,MARIZA FERNANDES DA SILVA,DEPUTADO ESTADUAL,PDT,2,1,0,0,0,0,0,False
2026,RJ,190002541807,CLAUDIO CEZAR CAVALCANTE DOS SANTOS,DEPUTADO ESTADUAL,PDT,2,0,0,0,0,0,0,False
2026,RJ,190002541808,ELAINE SANTOS DE OLIVEIRA,DEPUTADO ESTADUAL,PDT,2,2,0,0,0,0,0,False
2026,RJ,190002541809,ANDREA PINTO BARROS RIBEIRO,DEPUTADO ESTADUAL,PDT,3,1,0,0,0,0,0,False
2026,RJ,190002541810,ALCYR LAUDUGER DA SILVA,DEPUTADO ESTADUAL,PDT,2,1,0,0,0,0,0,False
2026,RJ,190002541811,MARCELL PEREIRA NUNES CASTRO DE SOUZA,DEPUTADO ESTADUAL,PDT,3,1,0,0,0,0,0,False
2026,RJ,190002541812,JOCIMAR VAZ FREIRE,DEPUTADO ESTADUAL,PDT,3,1,0,0,0,0,0,False
2026,RJ,190002541813,ROBERTO HORTA JARDIM SALLES,DEPUTADO ESTADUAL,PDT,2,1,0,0,0,0,0,False
2026,RJ,190002541814,HELANIO DE RESENDE OLIVEIRA,DEPUTADO ESTADUAL,PDT,3,0,0,0,0,0,0,False
2026,RJ,190002541815,ABIGUAR RODRIGUES CLAUDIO FILHO,DEPUTADO ESTADUAL,PDT,2,0,0,0,0,0,0,False
2026,RJ,190002541816,MARIA HELENA VIEIRA MARTINS,DEPUTADO ESTADUAL,PDT,3,1,0,0,0,0,0,False
2026,RJ,190002541817,JOSE LEONARDO MAGALHAES REIS,DEPUTADO ESTADUAL,PDT,3,2,0,0,0,0,0,False
2026,RJ,190002541818,JOSIAS DA SILVA MOREIRA,DEPUTADO ESTADUAL,PDT,4,2,0,0,0,0,0,False
2026,RJ,190002541819,ROBERTA SILVA PEREIRA,DEPUTADO ESTADUAL,PDT,3,2,0,0,0,0,0,False
2026,RJ,190002541820,HELOISE CRISTINE CORDEIRO DA SILVA SANTOS,DEPUTADO ESTADUAL,PDT,2,1,0,0,0,0,0,False
2026,RJ,190002541821,EDIVALDO MOURA PEREIRA,DEPUTADO ESTADUAL,PDT,1,0,0,0,0,0,0,False
2026,RJ,190002541822,TATIANA CARDOZO DE LIMA DOS SANTOS,DEPUTADO ESTADUAL,PDT,2,2,0,0,0,0,0,False
2026,RJ,190002541823,REINALDO DA CONCEIÇÃO PEREIRA,DEPUTADO ESTADUAL,PDT,2,1,0,0,0,0,0,False
2026,RJ,190002541824,CARLA FABIANA SANTOS DO CARMO,DEPUTADO ESTADUAL,PDT,2,1,0,0,0,0,0,False
2026,RJ,190002541825,ALEXANDRE RAMOS COELHO,DEPUTADO ESTADUAL,PDT,2,1,0,0,0,0,0,False
2026,RJ,190002541826,HERNANDES FELIPPE XIMENES,DEPUTADO ESTADUAL,PDT,2,0,0,0,0,0,0,False
2026,RJ,190002541827,ANGELICA MOREIRA NASCIMENTO DE ARAUJO,DEPUTADO ESTADUAL,PDT,2,1,0,0,0,0,0,False
2026,RJ,190002541828,PATRICIA CRISTINA DA SILVA AZEDO,DEPUTADO ESTADUAL,PDT,2,0,0,0,0,0,0,False
2026,RJ,190002541829,ALINA FRANCISCA DE JESUS VIEIRA,DEPUTADO ESTADUAL,PDT,2,2,0,0,0,0,0,False
2026,RJ,190002541830,FELIPE RODRIGUES SANGINETO,DEPUTADO ESTADUAL,PDT,2,0,0,0,0,0,0,False
2026,RJ,190002541831,RODRIGO JORGE BARROS,DEPUTADO ESTADUAL,PDT,3,2,0,1,1,0,0,True
2026,RJ,190002541832,MARCUS VINICIUS MEILMAN DA SILVA PINTO,DEPUTADO ESTADUAL,PDT,7,4,0,0,0,0,0,False
2026,RJ,190002541833,VIVIANE DOS SANTOS RODRIGUES,DEPUTADO ESTADUAL,PDT,6,3,0,0,0,0,0,False
2026,RJ,190002541834,SONIA DOS SANTOS GASPAR,DEPUTADO ESTADUAL,PDT,3,1,0,0,0,0,0,False
2026,RJ,190002541835,ROSANE LEMOS NASCIMENTO,DEPUTADO ESTADUAL,PDT,3,1,0,0,0,0,0,False
2026,RJ,190002541836,ANDERSON LUIS DOS SANTOS,DEPUTADO ESTADUAL,PDT,6,5,0,1,1,0,0,True
2026,RJ,190002541838,GILSON BESERRA DA SILVA,DEPUTADO ESTADUAL,PDT,1,1,0,0,0,0,0,False
2026,RJ,190002541839,JOSILDA SANTOS DE OLIVEIRA,DEPUTADO ESTADUAL,PDT,3,0,0,0,0,0,0,False
2026,RJ,190002541840,NILDELENE JOVEM DOS SANTOS,DEPUTADO ESTADUAL,PDT,3,2,0,0,0,0,0,False
2026,RJ,190002541841,LUIZ ALEXANDRE SILVA DOS SANTOS,DEPUTADO ESTADUAL,PDT,2,2,0,0,0,0,0,False
2026,RJ,190002541842,SONIA APARECIDA DE OLIVEIRA,DEPUTADO ESTADUAL,PDT,3,1,0,0,0,0,0,False
2026,RJ,190002541843,MARILENE DOS SANTOS,DEPUTADO ESTADUAL,PDT,2,1,0,0,0,0,0,False
2026,RJ,190002542972,EDMAR JUNIO BRAGA DE SOUZA,DEPUTADO ESTADUAL,REPUBLICANOS,2,1,0,0,0,0,0,False
2026,RJ,190002542973,DANNIEL LIBRELON DIAS DE CASTRO,DEPUTADO ESTADUAL,REPUBLICANOS,1,0,0,0,0,0,0,False
2026,RJ,190002542976,CARLOS DE SOUZA GRACA ARANHA,DEPUTADO ESTADUAL,REPUBLICANOS,1,1,0,1,2,0,0,True
2026,RJ,190002542977,CLEITON SILVA DE ASSIS,DEPUTADO ESTADUAL,REPUBLICANOS,1,0,0,0,0,0,0,False
2026,RJ,190002542980,ANDRE LUIS DOS SANTOS,DEPUTADO ESTADUAL,REPUBLICANOS,1,1,0,0,0,0,0,False
2026,RJ,190002542981,CLAYTON PABLO DE OLIVEIRA AMADOR,DEPUTADO ESTADUAL,REPUBLICANOS,2,1,0,1,1,0,0,True
2026,RJ,190002542982,ALECIO BREDA DIAS,DEPUTADO ESTADUAL,REPUBLICANOS,1,0,0,0,0,0,0,False
2026,RJ,190002542983,CLEUCIANO DO NASCIMENTO,DEPUTADO ESTADUAL,REPUBLICANOS,1,1,0,0,0,0,0,False
2026,RJ,190002542986,TATIANA RIBEIRO QUEIROZ DE OLIVEIRA,DEPUTADO ESTADUAL,REPUBLICANOS,3,1,0,0,0,0,0,False
2026,RJ,190002542995,SERGIO HENRIQUE BRITTO DE MELLO FERNANDEZ,DEPUTADO ESTADUAL,REPUBLICANOS,1,1,0,1,3,0,0,True
2026,RJ,190002542998,FERNANDO TRINDADE,DEPUTADO ESTADUAL,REPUBLICANOS,1,1,0,1,7,0,0,True
2026,RJ,190002543000,ANDRE DA SILVA FERREIRA,DEPUTADO ESTADUAL,REPUBLICANOS,1,0,0,0,0,0,0,False
2026,RJ,190002543001,FREDERICO DA ROCHA PACHECO,DEPUTADO ESTADUAL,REPUBLICANOS,1,1,0,1,7,0,0,True
2026,RJ,190002543016,CLAUDIO LUIZ VELLOSO BARBOSA,DEPUTADO ESTADUAL,REPUBLICANOS,2,1,0,1,3,0,0,True
2026,RJ,190002543021,THIAGO VIRGILIO TEIXEIRA DE SOUZA,DEPUTADO ESTADUAL,REPUBLICANOS,2,2,0,2,1,0,0,True
2026,RJ,190002543027,HUGO RODRIGUES,DEPUTADO ESTADUAL,REPUBLICANOS,1,0,0,0,0,0,0,False
2026,RJ,190002543030,LUCIANO RESENDE DE OLIVEIRA,DEPUTADO ESTADUAL,REPUBLICANOS,1,0,0,0,0,0,0,False
2026,RJ,190002543032,LISIANY BRAGA DA SILVA MOREIRA,DEPUTADO ESTADUAL,REPUBLICANOS,1,1,0,0,0,0,0,False
2026,RJ,190002543037,JUCELIA OLIVEIRA FREITAS,DEPUTADO ESTADUAL,REPUBLICANOS,1,1,0,0,0,0,0,False
2026,RJ,190002543038,MILTON PEREIRA DE OLIVEIRA,DEPUTADO ESTADUAL,REPUBLICANOS,1,1,0,1,2,0,0,True
2026,RJ,190002543040,LEANDRO FARIAS LIRA,DEPUTADO ESTADUAL,REPUBLICANOS,3,2,0,1,2,0,0,True
2026,RJ,190002543041,DANIEL RAMOS DA SILVA,DEPUTADO ESTADUAL,REPUBLICANOS,1,1,0,0,0,0,0,False
2026,RJ,190002543061,AMELIA LEAL DE ALMEIDA,DEPUTADO FEDERAL,PT,1,0,0,0,0,0,0,False
2026,RJ,190002543062,ANTONIO CARLOS DE ANDRADE,DEPUTADO FEDERAL,PT,2,0,0,0,0,0,0,False
2026,RJ,190002543063,BENEDITO FELIX GUERRA,DEPUTADO FEDERAL,PT,2,1,0,0,0,0,0,False
2026,RJ,190002543064,BENNY BRIOLLY ROSA DA SILVA SANTOS,DEPUTADO FEDERAL,PT,1,0,0,0,0,0,0,False
2026,RJ,190002543065,FABIANO TAQUES HORTA,DEPUTADO FEDERAL,PT,2,2,0,1,1,0,0,True
2026,RJ,190002543066,ANTONIO PEREIRA DA SILVA LOBAO FILHO,DEPUTADO FEDERAL,PT,2,1,0,0,0,0,0,False
2026,RJ,190002543067,LUCIANA NERI DA SILVA,DEPUTADO FEDERAL,PT,1,0,0,0,0,0,0,False
2026,RJ,190002543068,CRISLAINE COELHO NASCIMENTO DA CONCEIÇÃO,DEPUTADO FEDERAL,PT,3,2,0,1,1,0,0,True
2026,RJ,190002543069,JOSÉ RICARDO TAVARES CORRÊA,DEPUTADO FEDERAL,PT,1,1,0,0,0,0,0,False
2026,RJ,190002543070,LEONARDO CARNEIRO MONTEIRO PICCIANI,DEPUTADO FEDERAL,PV,1,1,0,0,0,0,0,False
2026,RJ,190002543071,KEVIN LOPES MONTEIRO,DEPUTADO FEDERAL,PT,2,2,0,0,0,0,0,False
2026,RJ,190002543072,DIEGO ZEIDAN CARDOSO SIQUEIRA,DEPUTADO FEDERAL,PT,1,0,0,0,0,0,0,False
2026,RJ,190002543073,RODNEY CEZAR DE ALBUQUERQUE,DEPUTADO FEDERAL,PV,3,2,0,0,0,0,0,False
2026,RJ,190002543074,RUBENS JOSE FRANCA BOMTEMPO,DEPUTADO FEDERAL,PT,2,2,0,1,32,0,0,True
2026,RJ,190002543075,EMERSON TEIXEIRA DA SILVA,DEPUTADO FEDERAL,PT,2,0,0,0,0,0,0,False
2026,RJ,190002543076,ROBERCIL DA ROCHA PARREIRA,DEPUTADO FEDERAL,PT,1,1,0,0,0,0,0,False
2026,RJ,190002543077,REJANE DE ALMEIDA,DEPUTADO FEDERAL,PCDOB,2,0,0,0,0,0,0,False
2026,RJ,190002543078,PAULO VITOR XAVIER SANTOS,DEPUTADO FEDERAL,PT,2,0,0,0,0,0,0,False
2026,RJ,190002543079,DANIELLE NUNES ROSA DE OLIVEIRA,DEPUTADO FEDERAL,PT,1,0,0,0,0,0,0,False
2026,RJ,190002543080,ANIELLE FRANCISCO DA SILVA,DEPUTADO FEDERAL,PT,1,1,0,0,0,0,0,False
2026,RJ,190002543081,ADRIANA DE FATIMA BOTELHO,DEPUTADO FEDERAL,PV,2,0,0,0,0,0,0,False
2026,RJ,190002543082,ROSIMERI DA SILVA MARONGIU,DEPUTADO FEDERAL,PT,1,0,0,0,0,0,0,False
2026,RJ,190002543083,MÁRCIA HELENA LOBATO KALTNER,DEPUTADO FEDERAL,PV,2,0,0,0,0,0,0,False
2026,RJ,190002543084,MARIA LUCIA COSTA SILVA,DEPUTADO FEDERAL,PT,1,1,0,0,0,0,0,False
2026,RJ,190002543085,WAGNER PAULO CORRÊA AVELLAR,DEPUTADO FEDERAL,PT,1,1,0,0,0,0,0,False
2026,RJ,190002543086,SANDRO ALEX DE OLIVEIRA CEZAR,DEPUTADO FEDERAL,PT,1,1,0,0,0,0,0,False
2026,RJ,190002543087,EDUARDO CARVALHO BANDEIRA DE MELLO,DEPUTADO FEDERAL,PV,4,0,0,0,0,0,0,False
2026,RJ,190002543088,LEONARDO MARTINS DA SILVA,DEPUTADO FEDERAL,PT,1,0,0,0,0,0,0,False
2026,RJ,190002543089,MAÍARA FELÍCIO DA SILVA,DEPUTADO FEDERAL,PT,3,2,0,0,0,0,0,False
2026,RJ,190002543090,MARCELO ALVES PACHECO,DEPUTADO FEDERAL,PT,1,1,0,0,0,0,0,False
2026,RJ,190002543093,TAINA REIS DE PAULA,DEPUTADO FEDERAL,PT,2,1,0,0,0,0,0,False
2026,RJ,190002543094,LOURENÇO DO VALE CAVALCANTE,DEPUTADO FEDERAL,PT,1,1,0,0,0,0,0,False
2026,RJ,190002543096,JANDIRA FEGHALI,DEPUTADO FEDERAL,PCDOB,1,0,0,0,0,0,0,False
2026,RJ,190002543097,ELIAS MARCO KHALIL JABBOUR,DEPUTADO FEDERAL,PCDOB,1,0,0,0,0,0,0,False
2026,RJ,190002543098,ORLANDO MENDES DE SOUZA,DEPUTADO FEDERAL,PT,1,0,0,0,0,0,0,False
2026,RJ,190002543099,VALDOMARK BATISTA TAVARES,DEPUTADO FEDERAL,PT,1,1,0,0,0,0,0,False
2026,RJ,190002543100,ADELSON PEREIRA GUEDES,DEPUTADO FEDERAL,PT,1,0,0,0,0,0,0,False
2026,RJ,190002543101,LUIZ LINDBERGH FARIAS FILHO,DEPUTADO FEDERAL,PT,6,5,0,1,1,0,0,True
2026,RJ,190002543102,DIMAS DE PAIVA GADELHA JUNIOR,DEPUTADO FEDERAL,PT,2,1,0,0,0,0,0,False
2026,RJ,190002543103,CARLOS AUGUSTO ALVES SANTANA,DEPUTADO FEDERAL,PT,3,1,0,0,0,0,0,False
2026,RJ,190002543104,REIMONT LUIZ OTONI SANTA BARBARA,DEPUTADO FEDERAL,PT,2,2,0,0,0,0,0,False
2026,RJ,190002543253,LUCIANO FERREIRA DOS SANTOS,DEPUTADO FEDERAL,PODE,3,2,0,0,0,0,0,False
2026,RJ,190002543254,WILSON ALVES DE SOUSA,DEPUTADO FEDERAL,PODE,2,0,0,0,0,0,0,False
2026,RJ,190002543255,RENATO ROCHA,DEPUTADO FEDERAL,PODE,3,1,0,0,0,0,0,False
2026,RJ,190002543256,ADEILDO ALVES VILELA,DEPUTADO FEDERAL,PODE,3,1,0,0,0,0,0,False
2026,RJ,190002543257,ANTONIO CARLOS DE CARVALHO,DEPUTADO FEDERAL,PODE,2,0,0,0,0,0,0,False
2026,RJ,190002543258,JECINETE PEREIRA DIAS,DEPUTADO FEDERAL,PODE,4,1,0,0,0,0,0,False
2026,RJ,190002543260,NILTON GALDINO DA SILVA,DEPUTADO FEDERAL,PODE,3,2,0,0,0,0,0,False
2026,RJ,190002543261,LUIS ANTONIO FREITAS PAIXAO,DEPUTADO FEDERAL,PODE,4,0,0,0,0,0,0,False
2026,RJ,190002543262,CARLOS ANTONIO OLIVEIRA DE AQUINO,DEPUTADO FEDERAL,PODE,4,1,0,0,0,0,0,False
2026,RJ,190002543263,CARLOS ALBERTO VALDEVINO,DEPUTADO FEDERAL,PODE,3,0,0,0,0,0,0,False
2026,RJ,190002543264,ANA CLARA COTTAS SILVA,DEPUTADO FEDERAL,PODE,3,1,0,0,0,0,0,False
2026,RJ,190002543265,ROGERIO PORFIRIO DA SILVA JUNIOR,DEPUTADO FEDERAL,PODE,3,1,0,0,0,0,0,False
2026,RJ,190002543266,ALEX DE SOUSA OLIVEIRA,DEPUTADO FEDERAL,PODE,3,1,0,0,0,0,0,False
2026,RJ,190002543267,ALEXANDRE CAMPOS LUSTOSA,DEPUTADO FEDERAL,PODE,3,0,0,0,0,0,0,False
2026,RJ,190002543268,CARLOS ALBERTO STUTZ,DEPUTADO FEDERAL,PODE,3,1,0,0,0,0,0,False
2026,RJ,190002543269,HAROLDO CRUZ FILHO,DEPUTADO FEDERAL,PODE,3,2,0,0,0,0,0,False
2026,RJ,190002543270,EVERALDO ANSELMO DE ARAÚJO,DEPUTADO FEDERAL,PODE,3,2,0,0,0,0,0,False
2026,RJ,190002543271,FILIPE DE ALMEIDA PEREIRA,DEPUTADO FEDERAL,PODE,3,3,0,0,0,0,0,False
2026,RJ,190002543272,MARCELLE ALVES LUCAS SOUSA,DEPUTADO FEDERAL,PODE,3,1,0,0,0,0,0,False
2026,RJ,190002543273,MARCELO PEDRO DO NASCIMENTO DA SILVA,DEPUTADO FEDERAL,PODE,3,0,0,0,0,0,0,False
2026,RJ,190002543274,RAFAEL DA SILVA MATOS,DEPUTADO FEDERAL,PODE,3,1,0,0,0,0,0,False
2026,RJ,190002543275,JONATHAN FELIPE SOUZA DE DEUS,DEPUTADO FEDERAL,PODE,3,0,0,0,0,0,0,False
2026,RJ,190002543276,MARCOS DO ESPIRITO SANTO DA SILVA,DEPUTADO FEDERAL,PODE,2,1,0,0,0,0,0,False
2026,RJ,190002543277,CRISTINA RITINS GONCALVES VALERIO,DEPUTADO FEDERAL,PODE,3,3,0,0,0,0,0,False
2026,RJ,190002543278,JOSÉ PORTUGAL NETO,DEPUTADO FEDERAL,PODE,3,3,0,0,0,0,0,False
2026,RJ,190002543279,WAGNER AZEVEDO COE,DEPUTADO FEDERAL,PODE,3,1,0,0,0,0,0,False
2026,RJ,190002543280,GABRIELLE ROCHA DOS ANJOS,DEPUTADO FEDERAL,PODE,6,3,0,0,0,0,0,False
2026,RJ,190002543281,RUBENS DA COSTA MOURA,DEPUTADO FEDERAL,PODE,3,1,0,0,0,0,0,False
2026,RJ,190002543282,MARCUS AUGUSTUS FUSCO FERREIRA,DEPUTADO FEDERAL,PODE,3,2,0,0,0,0,0,False
2026,RJ,190002543283,MARLYCE CELE OLIVEIRA,DEPUTADO FEDERAL,PODE,3,1,0,0,0,0,0,False
2026,RJ,190002543284,NEY CARLOS PINTO DOS SANTOS,DEPUTADO FEDERAL,PODE,3,1,0,0,0,0,0,False
2026,RJ,190002543285,JOSIANE CRISTINA PINHEIRO,DEPUTADO FEDERAL,PODE,3,1,0,0,0,0,0,False
2026,RJ,190002543286,ELIANE DE FARIA QUEIROZ,DEPUTADO FEDERAL,PODE,3,2,0,0,0,0,0,False
2026,RJ,190002543287,THIAGO LESSA ANTUNES,DEPUTADO FEDERAL,PODE,2,0,0,0,0,0,0,False
2026,RJ,190002543288,RAVEL SOARES ALVARENGA,DEPUTADO FEDERAL,PODE,3,0,0,0,0,0,0,False
2026,RJ,190002543289,PAULO CESAR FERREIRA,DEPUTADO FEDERAL,PODE,2,0,0,0,0,0,0,False
2026,RJ,190002543290,THIAGO SILVA DE NAZARETH,DEPUTADO FEDERAL,PODE,3,0,0,0,0,0,0,False
2026,RJ,190002543291,ANA MARIA FARIAS SANTOS BANTIM,DEPUTADO FEDERAL,PODE,3,1,0,0,0,0,0,False
2026,RJ,190002543292,RAIMUNDO NONATO ARAUJO DE FIGUEIREDO,DEPUTADO ESTADUAL,PT,1,0,0,0,0,0,0,False
2026,RJ,190002543293,DEVALDO MARQUES DE ALMEIDA,DEPUTADO ESTADUAL,PT,1,0,0,0,0,0,0,False
2026,RJ,190002543294,NEUSA KUNHA TAQUA MENDONÇA MARTINE,DEPUTADO ESTADUAL,PT,1,1,0,0,0,0,0,False
2026,RJ,190002543295,INDIANARAE PEREIRA SIQUEIRA,DEPUTADO ESTADUAL,PT,8,5,0,2,2,0,0,True
2026,RJ,190002543296,ERIVALDO PEREIRA ALVES,DEPUTADO ESTADUAL,PT,1,0,0,0,0,0,0,False
2026,RJ,190002543297,BRUNNÃO REALLEZA BARRETO SOARES OLIVEIRA,DEPUTADO ESTADUAL,PT,1,0,0,0,0,0,0,False
2026,RJ,190002543298,LUCIA MARINA DOS SANTOS,DEPUTADO ESTADUAL,PT,1,0,0,0,0,0,0,False
2026,RJ,190002543299,THIAGO MOTHÉ AGUIAR,DEPUTADO ESTADUAL,PT,1,0,0,0,0,0,0,False
2026,RJ,190002543301,PAULO CESAR GONCALVES LADEIRA,DEPUTADO ESTADUAL,PV,2,2,0,0,0,0,0,False
2026,RJ,190002543302,MARIA LUIZA DE SOUZA CÔRTES,DEPUTADO ESTADUAL,PT,1,1,0,0,0,0,0,False
2026,RJ,190002543303,ANDREIA ALMEIDA ZITO DOS SANTOS,DEPUTADO ESTADUAL,PV,2,0,0,0,0,0,0,False
2026,RJ,190002543304,ANA PAULA DIAS HIRT,DEPUTADO ESTADUAL,PV,1,0,0,0,0,0,0,False
2026,RJ,190002543305,MARCO AURÉLIO DE SOUZA BARRETO,DEPUTADO ESTADUAL,PT,1,0,0,0,0,0,0,False
2026,RJ,190002543306,CAROLINE MACHADO ONTIVEROS CESPEDES,DEPUTADO ESTADUAL,PT,1,1,0,0,0,0,0,False
2026,RJ,190002543307,RENATO DA COSTA MACHADO,DEPUTADO ESTADUAL,PT,1,1,0,1,1,0,0,True
2026,RJ,190002543308,MARY BORGES DE OLIVEIRA,DEPUTADO ESTADUAL,PT,1,0,0,0,0,0,0,False
2026,RJ,190002543309,ANDRE LUIZ CECILIANO,DEPUTADO ESTADUAL,PT,3,3,0,0,0,0,0,False
2026,RJ,190002543310,ALLYSON DA SILVA ELIAS,DEPUTADO ESTADUAL,PT,1,0,0,0,0,0,0,False
2026,RJ,190002543311,VINICIOS DE MORAES BETIOL,DEPUTADO ESTADUAL,PT,1,0,0,0,0,0,0,False
2026,RJ,190002543313,JOSÉ ALEXANDRE ALMEIDA DA SILVA,DEPUTADO ESTADUAL,PT,3,1,0,0,0,0,0,False
2026,RJ,190002543314,ANTONIO ARAUJO FERREIRA,DEPUTADO ESTADUAL,PT,2,1,0,1,1,0,0,True
2026,RJ,190002543315,SEBASTIAO WAGNER BERRIEL,DEPUTADO ESTADUAL,PT,1,0,0,0,0,0,0,False
2026,RJ,190002543316,PAULO ROBERTO MUSTRANGI DE OLIVEIRA,DEPUTADO ESTADUAL,PT,23,20,0,9,9,0,0,True
2026,RJ,190002543317,LEONARDO FRANCA SOUZA,DEPUTADO ESTADUAL,PT,1,1,0,0,0,0,0,False
2026,RJ,190002543318,EDUARDO JOSE ACOSTA BARBOSA,DEPUTADO ESTADUAL,PT,1,0,0,0,0,0,0,False
2026,RJ,190002543319,JORGE ANTONIO DA SILVA BRAGA,DEPUTADO ESTADUAL,PT,1,1,0,0,0,0,0,False
2026,RJ,190002543320,DURVAL PEREIRA GOMES PEÇANHA,DEPUTADO ESTADUAL,PT,1,1,0,0,0,0,0,False
2026,RJ,190002543321,IGO ALENCAR DE MENEZES,DEPUTADO ESTADUAL,PT,1,1,0,0,0,0,0,False
2026,RJ,190002543322,ADILSON NOGUEIRA PIRES,DEPUTADO ESTADUAL,PT,1,1,0,0,0,0,0,False
2026,RJ,190002543323,HUDSON MARQUES DA SILVA,DEPUTADO ESTADUAL,PT,1,1,0,0,0,0,0,False
2026,RJ,190002543324,WILLIAM DE ALMEIDA MACEDO,DEPUTADO ESTADUAL,PT,1,1,0,0,0,0,0,False
2026,RJ,190002543325,EDNA FERREIRA CALHEIROS SARAIVA,DEPUTADO ESTADUAL,PT,1,1,0,0,0,0,0,False
2026,RJ,190002543326,KÁTIA MARIA DINIZ MACILLO,DEPUTADO ESTADUAL,PT,3,1,0,0,0,0,0,False
2026,RJ,190002543327,LEONEL QUERINO DA SILVA NETO,DEPUTADO ESTADUAL,PT,1,0,0,0,0,0,0,False
2026,RJ,190002543328,ROLINEY ALVES SOARES,DEPUTADO ESTADUAL,PT,1,0,0,0,0,0,0,False
2026,RJ,190002543329,ROSANGELA DE OLIVEIRA ZEIDAN,DEPUTADO ESTADUAL,PT,1,1,0,0,0,0,0,False
2026,RJ,190002543330,WALDECK CARNEIRO DA SILVA,DEPUTADO ESTADUAL,PT,1,0,0,0,0,0,0,False
2026,RJ,190002543331,WALLACE PEREIRA DA SILVA,DEPUTADO ESTADUAL,PV,1,1,0,0,0,0,0,False
2026,RJ,190002543332,MARIA DAS GRAÇAS GOMES FRANCO,DEPUTADO ESTADUAL,PT,1,1,0,0,0,0,0,False
2026,RJ,190002543335,AISLAN MENEZES DA SILVA,DEPUTADO FEDERAL,REPUBLICANOS,2,0,0,0,0,0,0,False
2026,RJ,190002543339,TALITA BARBOSA GOMES,DEPUTADO FEDERAL,REPUBLICANOS,1,1,0,0,0,0,0,False
2026,RJ,190002543340,LUCIANO ALVES DE AZEVEDO,DEPUTADO FEDERAL,REPUBLICANOS,2,2,0,0,0,0,0,False
2026,RJ,190002543343,JOZIEL FERREIRA CARLOS,DEPUTADO FEDERAL,REPUBLICANOS,1,0,0,0,0,0,0,False
2026,RJ,190002543344,DANIELA MOTE DE SOUZA CARNEIRO,DEPUTADO FEDERAL,REPUBLICANOS,1,0,0,0,0,0,0,False
2026,RJ,190002543347,ROSANGELA DE SOUZA GOMES,DEPUTADO FEDERAL,REPUBLICANOS,1,1,0,1,1,0,0,True
2026,RJ,190002543348,JOSE EMILIO DE MENDONCA ANTONIO,DEPUTADO FEDERAL,REPUBLICANOS,2,1,0,0,0,0,0,False
2026,RJ,190002543351,ALCIONE DE JESUS AMANCIO,DEPUTADO FEDERAL,REPUBLICANOS,1,0,0,0,0,0,0,False
2026,RJ,190002543353,ALEX SANTOS DE OLIVEIRA,DEPUTADO FEDERAL,REPUBLICANOS,3,2,0,0,0,0,0,False
2026,RJ,190002543355,CARLOS ALBERTO DE OLIVEIRA,DEPUTADO FEDERAL,REPUBLICANOS,1,0,0,0,0,0,0,False
2026,RJ,190002543356,CARLA DA SILVA,DEPUTADO FEDERAL,REPUBLICANOS,2,2,0,0,0,0,0,False
2026,RJ,190002543357,BRUNO DA SILVA NASCIMENTO,DEPUTADO FEDERAL,REPUBLICANOS,1,1,0,0,0,0,0,False
2026,RJ,190002543359,MICHELLY RODRIGUES DE ALMEIDA,DEPUTADO FEDERAL,REPUBLICANOS,1,0,0,0,0,0,0,False
2026,RJ,190002543360,IVAN INACIO DA SILVA,DEPUTADO FEDERAL,REPUBLICANOS,1,1,0,1,10,0,0,True
2026,RJ,190002543363,LUIS CARLOS GOMES DA SILVA,DEPUTADO FEDERAL,REPUBLICANOS,1,1,0,0,0,0,0,False
2026,RJ,190002543364,JOSÉ ROBERTO DOS SANTOS CLEMENTE,DEPUTADO FEDERAL,REPUBLICANOS,1,0,0,0,0,0,0,False
2026,RJ,190002543365,TATIANA DANIELE DOS SANTOS NERIS FEIJAO,DEPUTADO FEDERAL,REPUBLICANOS,1,1,0,0,0,0,0,False
2026,RJ,190002543371,MARCELO JOSÉ RIZZI,DEPUTADO FEDERAL,REPUBLICANOS,1,0,0,0,0,0,0,False
2026,RJ,190002543372,MAGDALA FURTADO,DEPUTADO FEDERAL,REPUBLICANOS,2,2,0,2,2,0,0,True
2026,RJ,190002543374,DAVID NEVES PARDINHO BARBOSA,DEPUTADO FEDERAL,REPUBLICANOS,1,1,0,0,0,0,0,False
2026,RJ,190002543375,AMANDA CARVALHO OLIVEIRA REBELO DE ALBUQUERQUE,DEPUTADO FEDERAL,REPUBLICANOS,2,1,0,0,0,0,0,False
2026,RJ,190002543376,JORGE DE OLIVEIRA,DEPUTADO FEDERAL,REPUBLICANOS,1,1,0,1,2,0,0,True
2026,RJ,190002543377,JOAO CARLOS LUIZ VAZ MARQUES LEZIRIA,DEPUTADO FEDERAL,REPUBLICANOS,1,0,0,0,0,0,0,False
2026,RJ,190002543379,JEANNIE MAYR REIS DE OLIVEIRA,VICE-GOVERNADOR,MDB,1,0,0,0,0,0,0,False
2026,RJ,190002543508,MARIA DO SOCORRO COSTA QUIRINO,DEPUTADO FEDERAL,MISSÃO,2,2,0,0,0,0,0,False
2026,RJ,190002543509,EUBER LUCAS RIBEIRO,DEPUTADO FEDERAL,MISSÃO,2,1,0,0,0,0,0,False
2026,RJ,190002543510,YAGO MEDEIROS VARGAS PEÇANHA,DEPUTADO FEDERAL,MISSÃO,3,3,0,0,0,0,0,False
2026,RJ,190002543511,MÍRIAM RODRIGUES CARVALHO,DEPUTADO FEDERAL,MISSÃO,1,0,0,0,0,0,0,False
2026,RJ,190002543513,LEANDRO ISSA DE VASCONCELLOS,DEPUTADO FEDERAL,MISSÃO,1,0,0,0,0,0,0,False
2026,RJ,190002543514,JUSSARA ALVES BARBOSA,DEPUTADO FEDERAL,MISSÃO,1,0,0,0,0,0,0,False
2026,RJ,190002543517,VICTOR EMILIÃO ANTOUN,DEPUTADO FEDERAL,MISSÃO,2,1,0,0,0,0,0,False
2026,RJ,190002543518,IGOR NEVES OLIVEIRA,DEPUTADO FEDERAL,MISSÃO,3,1,0,0,0,0,0,False
2026,RJ,190002543520,FABRICIA GUTERMAN LERNER,DEPUTADO FEDERAL,MISSÃO,3,1,0,0,0,0,0,False
2026,RJ,190002543521,LUANA DE BRITTO VIDAL,DEPUTADO FEDERAL,MISSÃO,2,1,0,0,0,0,0,False
2026,RJ,190002543522,DHEBORA DA SILVA DOMINGOS DE PAIVA,DEPUTADO FEDERAL,MISSÃO,2,1,0,0,0,0,0,False
2026,RJ,190002543523,LEONARDO ZAPPELLI DE OLIVEIRA BALBI,DEPUTADO FEDERAL,MISSÃO,2,1,0,0,0,0,0,False
2026,RJ,190002543524,MOACYR PEREIRA SALDANHA JUNIOR,DEPUTADO FEDERAL,MISSÃO,2,1,0,0,0,0,0,False
2026,RJ,190002543525,THIAGO FERNANDES OLIVEIRA VILLAÇA,DEPUTADO FEDERAL,MISSÃO,3,2,0,0,0,0,0,False
2026,RJ,190002543526,VICTOR HUGO MACHADO MENEZES,DEPUTADO FEDERAL,MISSÃO,3,1,0,0,0,0,0,False
2026,RJ,190002543528,SANDRA ALVES DE SOUZA,DEPUTADO FEDERAL,MISSÃO,1,0,0,0,0,0,0,False
2026,RJ,190002543529,MARCIO DA SILVEIRA LABRE,DEPUTADO FEDERAL,MISSÃO,1,1,0,0,0,0,0,False
2026,RJ,190002543530,MICHEL DE SOUZA KOURI,DEPUTADO FEDERAL,MISSÃO,2,1,0,0,0,0,0,False
2026,RJ,190002543531,JOSE RENATO ALONSO DO CARMO,DEPUTADO FEDERAL,MISSÃO,1,1,0,0,0,0,0,False
2026,RJ,190002543533,JAQUELINE VIEIRA DE OLIVEIRA,DEPUTADO ESTADUAL,MISSÃO,3,1,0,0,0,0,0,False
2026,RJ,190002543537,RUI MOTA SALDANHA,DEPUTADO ESTADUAL,MISSÃO,2,1,0,0,0,0,0,False
2026,RJ,190002543573,LILIAN PRATES BELEM BEHRING,DEPUTADO ESTADUAL,PCDOB,1,1,0,0,0,0,0,False
2026,RJ,190002543575,BRUNO COSTA SILVA,DEPUTADO ESTADUAL,PV,1,1,0,0,0,0,0,False
2026,RJ,190002543576,ROSE CIPRIANO LAPA,DEPUTADO ESTADUAL,PT,1,0,0,0,0,0,0,False
2026,RJ,190002543577,THAYSA RODRIGUES DE AZEVEDO VENTURA,DEPUTADO ESTADUAL,PT,1,0,0,0,0,0,0,False
2026,RJ,190002543579,FABIO MARTINS DOS SANTOS,DEPUTADO ESTADUAL,PT,1,0,0,0,0,0,0,False
2026,RJ,190002543580,DANIELI CHRISTOVÃO BALBI,DEPUTADO ESTADUAL,PCDOB,1,0,0,0,0,0,0,False
2026,RJ,190002543581,ALEX SANDRA DE JESUS ALVES,DEPUTADO ESTADUAL,PV,1,0,0,0,0,0,0,False
2026,RJ,190002543582,ELIKA TAKIMOTO,DEPUTADO ESTADUAL,PT,1,0,0,0,0,0,0,False
2026,RJ,190002543583,VERONICA DOS SANTOS LIMA,DEPUTADO ESTADUAL,PT,3,3,0,0,0,0,0,False
2026,RJ,190002543584,RICARDO SILVA SANTOS,DEPUTADO ESTADUAL,PT,1,0,0,0,0,0,0,False
2026,RJ,190002543585,RAONE CASSIN MAIA FERREIRA,DEPUTADO ESTADUAL,PT,1,0,0,0,0,0,0,False
2026,RJ,190002543586,ISAAC SOUZA DA SILVA,DEPUTADO ESTADUAL,PCDOB,2,1,0,0,0,0,0,False
2026,RJ,190002543587,HILDER RODRIGUES DOS SANTOS,DEPUTADO ESTADUAL,PT,1,0,0,0,0,0,0,False
2026,RJ,190002543588,JOAO PANAYOTIS DAMATIS,DEPUTADO ESTADUAL,PT,1,0,0,0,0,0,0,False
2026,RJ,190002543878,CIRLENE MOZER MOREIRA,DEPUTADO FEDERAL,DC,1,1,0,0,0,0,0,False
2026,RJ,190002543880,GUSTAVO ANTUNES MODESTO SCHMIDT,DEPUTADO FEDERAL,DC,1,1,0,1,3,0,0,True
2026,RJ,190002543882,GERUZA DE SALES BARBOSA,DEPUTADO FEDERAL,DC,1,1,0,0,0,0,0,False
2026,RJ,190002543890,ANDREA MARIA DE FARIA ANTUNES,DEPUTADO FEDERAL,DC,1,1,0,1,1,0,0,True
2026,RJ,190002543904,RAFAEL CARVALHO BRAZ,DEPUTADO FEDERAL,DC,1,0,0,0,0,0,0,False
2026,RJ,190002543962,RAMON OLIVEIRA BATISTA,2º SUPLENTE,MISSÃO,1,0,0,0,0,0,0,False
2026,RJ,190002543964,HENDERSON RAMON PEREIRA LAURENTINO,DEPUTADO ESTADUAL,UP,2,1,0,0,0,0,0,False
2026,RJ,190002543965,RUAN GUILHERME NUNES VIDAL,DEPUTADO ESTADUAL,UP,2,0,0,0,0,0,0,False
2026,RJ,190002543966,DURCILENE ADRIÉLI SILVA SANTOS,DEPUTADO ESTADUAL,UP,2,0,0,0,0,0,0,False
2026,RJ,190002543967,MONIQUE GONÇALO ZUMA,DEPUTADO ESTADUAL,UP,2,1,0,0,0,0,0,False
2026,RJ,190002544913,HUDSON LUIS DAS NEVES TAVARES,DEPUTADO ESTADUAL,PODE,4,1,0,0,0,0,0,False
2026,RJ,190002544914,ANTONIO CARLOS DA CUNHA GONÇALVES,DEPUTADO ESTADUAL,PODE,3,1,0,0,0,0,0,False
2026,RJ,190002544915,ANTONIO MARTINS DOS SANTOS,DEPUTADO ESTADUAL,PODE,3,2,0,1,1,0,0,True
2026,RJ,190002544916,DANIEL DO NASCIMENTO,DEPUTADO ESTADUAL,PODE,2,1,0,0,0,0,0,False
2026,RJ,190002544917,WAGNER DE ALMEIDA SANTOS,DEPUTADO ESTADUAL,PODE,3,1,0,0,0,0,0,False
2026,RJ,190002544918,THIAGO VIEIRA OLIVEIRA,DEPUTADO ESTADUAL,PODE,3,2,0,0,0,0,0,False
2026,RJ,190002544919,SILVIO CESAR DE SÁ GUEDES,DEPUTADO ESTADUAL,PODE,3,0,0,0,0,0,0,False
2026,RJ,190002544920,RAFAEL RODRIGUES DA SILVA,DEPUTADO ESTADUAL,PODE,3,2,0,0,0,0,0,False
2026,RJ,190002544921,MARCUS VINICIUS HELENIAZ DE SOUZA VALLADAO,DEPUTADO ESTADUAL,PODE,3,2,0,0,0,0,0,False
2026,RJ,190002544922,ANA BEATRIZ DA CRUZ SILVA,DEPUTADO ESTADUAL,PODE,3,1,0,0,0,0,0,False
2026,RJ,190002544923,LIVIA APARECIDA MEDEIROS,DEPUTADO ESTADUAL,PODE,3,1,0,0,0,0,0,False
2026,RJ,190002544924,EDUARDO DOS SANTOS ROSA,DEPUTADO ESTADUAL,PODE,3,0,0,0,0,0,0,False
2026,RJ,190002544925,MARCOS MOURA DOS REIS,DEPUTADO ESTADUAL,PODE,2,1,0,0,0,0,0,False
2026,RJ,190002544927,JORGE BORGES DE VASCONCELOS,DEPUTADO ESTADUAL,PODE,3,2,0,0,0,0,0,False
2026,RJ,190002544928,MARCUS VINICIUS CORREA SALDANHA DA GAMA,DEPUTADO ESTADUAL,PODE,3,0,0,0,0,0,0,False
2026,RJ,190002544929,JORGE CHAGAS AUGUSTO CONTREIRAS,DEPUTADO ESTADUAL,PODE,2,1,0,0,0,0,0,False
2026,RJ,190002544930,LEANDRO DELGADO PINHEIRO LACERDA,DEPUTADO ESTADUAL,PODE,3,1,0,0,0,0,0,False
2026,RJ,190002544931,FLAVIO DA SILVA POGGIAN,DEPUTADO ESTADUAL,PODE,3,1,0,0,0,0,0,False
2026,RJ,190002544932,HUDSON FERREIRA DA SILVA,DEPUTADO ESTADUAL,PODE,3,0,0,0,0,0,0,False
2026,RJ,190002544933,LUCIANO DOS SANTOS AGUALUZA,DEPUTADO ESTADUAL,PODE,3,2,0,0,0,0,0,False
2026,RJ,190002544934,NILTON CESAR DO AMARAL LEIRIA COSTA,DEPUTADO ESTADUAL,PODE,3,3,0,0,0,0,0,False
2026,RJ,190002544935,DAVI FERREIRA,DEPUTADO ESTADUAL,PODE,2,2,0,0,0,0,0,False
2026,RJ,190002544936,MARCOS VINICIUS ALVES FERNANDES,DEPUTADO ESTADUAL,PODE,3,0,0,0,0,0,0,False
2026,RJ,190002544937,DAVID BARBOSA NOGUEIRA,DEPUTADO ESTADUAL,PODE,3,1,0,0,0,0,0,False
2026,RJ,190002544938,MARCOS ANTONIO DA SILVA FERNANDES,DEPUTADO ESTADUAL,PODE,4,2,0,0,0,0,0,False
2026,RJ,190002544939,ELAINE SOARES DOS SANTOS DOMINGUES,DEPUTADO ESTADUAL,PODE,3,0,0,0,0,0,0,False
2026,RJ,190002544940,NUBIA FLORES DA SILVA,DEPUTADO ESTADUAL,PODE,3,1,0,0,0,0,0,False
2026,RJ,190002544941,SIMONE CONTREIRAS DOS SANTOS,DEPUTADO ESTADUAL,PODE,3,2,0,0,0,0,0,False
2026,RJ,190002544942,VALDINEI RENATO MARINS,DEPUTADO ESTADUAL,PODE,3,0,0,0,0,0,0,False
2026,RJ,190002544943,RAQUEL CRUZ DE SOUZA,DEPUTADO ESTADUAL,PODE,3,0,0,0,0,0,0,False
2026,RJ,190002544944,KELLY CHRISTIAN SILVEIRA DE MATTOS,DEPUTADO ESTADUAL,PODE,4,3,0,0,0,0,0,False
2026,RJ,190002544945,SERGIO RICARDO MEDEIROS DE OLIVEIRA,DEPUTADO ESTADUAL,PODE,3,0,0,0,0,0,0,False
2026,RJ,190002544946,SAUL RIBEIRO DE OLIVEIRA,DEPUTADO ESTADUAL,PODE,3,1,0,0,0,0,0,False
2026,RJ,190002544947,RAFAEL DE OLIVEIRA LOPEZ,DEPUTADO ESTADUAL,PODE,3,1,0,0,0,0,0,False
2026,RJ,190002544948,OTACILIO DE SOUSA FILHO,DEPUTADO ESTADUAL,PODE,2,2,0,0,0,0,0,False
2026,RJ,190002544949,PAULO CESAR ANTUNES PEREIRA,DEPUTADO ESTADUAL,PODE,3,0,0,0,0,0,0,False
2026,RJ,190002544950,TANIA SILVA CAETANO,DEPUTADO ESTADUAL,PODE,3,1,0,0,0,0,0,False
2026,RJ,190002544951,REGINA MARIA EVARISTO RAINER PONTES,DEPUTADO ESTADUAL,PODE,3,1,0,0,0,0,0,False
2026,RJ,190002544952,CLÁUDIO JOSÉ DA SILVA,DEPUTADO ESTADUAL,PODE,2,0,0,0,0,0,0,False
2026,RJ,190002544953,OSÉIAS JACINTO DOS SANTOS,DEPUTADO ESTADUAL,PODE,3,0,0,0,0,0,0,False
2026,RJ,190002544954,RAIMUNDO NONATO TRINTA,DEPUTADO ESTADUAL,PODE,3,1,0,0,0,0,0,False
2026,RJ,190002544955,DYONNE SOARES,DEPUTADO ESTADUAL,PODE,3,2,0,0,0,0,0,False
2026,RJ,190002545553,MARCOS DIAS PEREIRA,SENADOR,PODE,2,1,0,0,0,0,0,False
2026,RJ,190002545555,ELAINE DINIZ OLEGARIO DE FIGUEIREDO PEREIRA,2º SUPLENTE,PODE,2,2,0,0,0,0,0,False
2026,RJ,190002547171,MARCOS RODRIGUES DA SILVA,DEPUTADO ESTADUAL,MOBILIZA,1,1,0,0,0,0,0,False
2026,RJ,190002547177,PAULO FERNANDO GONCALVES FERREIRA,DEPUTADO ESTADUAL,MOBILIZA,1,1,0,1,1,0,0,True
2026,RJ,190002547178,DIOGO INACIO NASCIMENTO DA SILVA,DEPUTADO ESTADUAL,MOBILIZA,1,1,0,1,4,0,0,True
2026,RJ,190002547180,RAFAEL SIMPLICIO,DEPUTADO ESTADUAL,MOBILIZA,1,0,0,0,0,0,0,False
2026,RJ,190002547188,FABIO CHAVES VASCONCELLOS,DEPUTADO ESTADUAL,MOBILIZA,1,0,0,0,0,0,0,False
2026,RJ,190002547193,JOSE LUIZ VILLAR,DEPUTADO ESTADUAL,MOBILIZA,2,1,0,0,0,0,0,False
2026,RJ,190002547208,FABIANO ROZEMBRACH FARIAS,DEPUTADO ESTADUAL,MOBILIZA,1,0,0,0,0,0,0,False
2026,RJ,190002547210,ANDRE LUIZ BALBINA DA SILVA,DEPUTADO ESTADUAL,MOBILIZA,4,4,0,4,4,0,0,True
2026,RJ,190002547216,JOEL MACHADO DOS SANTOS,DEPUTADO ESTADUAL,MOBILIZA,1,1,0,1,1,0,0,True
2026,RJ,190002547234,BRENER JOSE ANTUNES,DEPUTADO FEDERAL,MOBILIZA,1,0,0,0,0,0,0,False
2026,RJ,190002547244,LUIZ ANTONIO MATHIAS,DEPUTADO FEDERAL,MOBILIZA,2,2,0,0,0,0,0,False
2026,RJ,190002547249,AMARO SIQUEIRA REIS JUNIOR,DEPUTADO FEDERAL,MOBILIZA,1,0,0,0,0,0,0,False
2026,RJ,190002547262,JOAO MARCELO VIDAL FERREIRA,DEPUTADO FEDERAL,MOBILIZA,3,3,0,3,3,0,0,True
2026,RJ,190002547265,PAULO SERGIO NUNES LOMENHA,DEPUTADO FEDERAL,MOBILIZA,4,4,0,0,0,0,0,False
2026,RJ,190002547270,ANTÔNIA PEREIRA,DEPUTADO FEDERAL,MOBILIZA,1,1,0,0,0,0,0,False
2026,RJ,190002548081,RENAN LOPES DA FONSECA,DEPUTADO ESTADUAL,PODE,2,0,0,0,0,0,0,False
2026,RJ,190002548083,CAMILA ALBINO GOMES,DEPUTADO ESTADUAL,PODE,3,2,0,0,0,0,0,False
2026,RJ,190002548084,INGRID RIBEIRO BRAGA BARBOSA,DEPUTADO ESTADUAL,PODE,3,0,0,0,0,0,0,False
2026,RJ,190002548085,VANESSA AFONSO DE OLIVEIRA,DEPUTADO ESTADUAL,PODE,2,0,0,0,0,0,0,False
2026,RJ,190002548086,ROSANA MARIA DA SILVA PAULINO,DEPUTADO ESTADUAL,PODE,3,2,0,0,0,0,0,False
2026,RJ,190002548087,CRISTIANE RODRIGUES DA COSTA,DEPUTADO ESTADUAL,PODE,2,0,0,0,0,0,0,False
2026,RJ,190002548141,BENEDITA SOUZA DA SILVA SAMPAIO,SENADOR,PT,2,0,0,0,0,0,0,False
2026,RJ,190002548144,KLEBER LUCAS COSTA,2º SUPLENTE,PT,1,1,0,0,0,0,0,False
2026,RJ,190002548146,MANOEL SEVERINO DOS SANTOS,1º SUPLENTE,PT,1,0,0,0,0,0,0,False
2026,RJ,190002548281,VALERIA NASCIMENTO PINTO,DEPUTADO ESTADUAL,DC,1,0,0,0,0,0,0,False
2026,RJ,190002548296,ERIKA GAMA ALBUQUERQUE,DEPUTADO ESTADUAL,DC,1,1,0,0,0,0,0,False
2026,RJ,190002548316,PALOMA CORREA,DEPUTADO ESTADUAL,DC,2,1,0,0,0,0,0,False
2026,RJ,190002548320,JACKSON DE SOUZA ALMEIDA,DEPUTADO ESTADUAL,DC,4,2,0,0,0,0,0,False
2026,RJ,190002548321,CONRADO FERNANDES ANTUNES,DEPUTADO ESTADUAL,DC,1,1,0,1,2,0,0,True
2026,RJ,190002548581,SILVANA MOREIRA DE SOUZA DE AGUIAR,DEPUTADO FEDERAL,PODE,3,2,0,0,0,0,0,False
2026,RJ,190002548582,ISABELA ABREU DO NASCIMENTO,DEPUTADO FEDERAL,PODE,2,1,0,0,0,0,0,False
2026,RJ,190002548583,ARLENE GLORIA DA SILVA DE OLIVEIRA,DEPUTADO FEDERAL,PODE,3,2,0,0,0,0,0,False
2026,RJ,190002548584,DOUGLAS AGUIAR ANDRADE,DEPUTADO FEDERAL,PODE,3,0,0,0,0,0,0,False
2026,RJ,190002548585,LETICIA ROSA MARIA STOPPA,DEPUTADO FEDERAL,PODE,4,2,0,0,0,0,0,False
2026,RJ,190002548586,ROBERTO VASCONCELLOS,1º SUPLENTE,UP,3,0,0,0,0,0,0,False
2026,RJ,190002548587,ELZA MARIA CAVALCANTE DE MEDEIROS,2º SUPLENTE,UP,2,2,0,0,0,0,0,False
2026,RJ,190002548590,VINICIUS BENEVIDES DOS SANTOS CONCEICAO,SENADOR,UP,2,0,0,0,0,0,0,False
2026,RJ,190002549599,JOAO DINIZ DE ALMEIDA PORTO,DEPUTADO FEDERAL,PSDB,2,2,0,0,0,0,0,False
2026,RJ,190002549600,MAURO BERNARDO DOS SANTOS,DEPUTADO FEDERAL,PSDB,4,2,0,2,2,0,0,True
2026,RJ,190002550022,MARIA DA PENHA MACHADO DE SOUZA DA SILVA,DEPUTADO ESTADUAL,PSDB,3,1,0,0,0,0,0,False
2026,RJ,190002550023,ALBINO OLIVEIRA BATISTA,DEPUTADO ESTADUAL,PSDB,1,0,0,0,0,0,0,False
2026,RJ,190002550024,RENATO GIDEÃO SILVA NASCIMENTO,DEPUTADO ESTADUAL,PSDB,3,2,0,1,1,0,0,True
2026,RJ,190002550026,SANDRO ALVES DE OLIVEIRA,DEPUTADO ESTADUAL,PSDB,1,0,0,0,0,0,0,False
2026,RJ,190002550027,THIAGO MOURA SALIM,DEPUTADO ESTADUAL,PSDB,1,1,0,0,0,0,0,False
2026,RJ,190002550029,ANTONIO SOARES FRANCA FILHO,DEPUTADO ESTADUAL,PSDB,1,0,0,0,0,0,0,False
2026,RJ,190002550031,FABIO CAMARA DA SILVA,DEPUTADO ESTADUAL,PSDB,1,1,0,0,0,0,0,False
2026,RJ,190002550034,LAURA CRISTINA RIBEIRO PROENÇA,DEPUTADO ESTADUAL,PSDB,1,1,0,0,0,0,0,False
2026,RJ,190002550035,MARCIA VALERIA DE CARVALHO PAIVA,DEPUTADO ESTADUAL,PSDB,1,0,0,0,0,0,0,False
2026,RJ,190002550039,SONIA FELIX DA CRUZ DE JESUS MELO,DEPUTADO ESTADUAL,PSDB,1,1,0,0,0,0,0,False
2026,RJ,190002550182,WAGNER DOS SANTOS CARNEIRO,SENADOR,REPUBLICANOS,1,1,0,1,1,0,0,True
2026,RJ,190002550185,RENATA SANTOS ROSADO DE ALMEIDA,2º SUPLENTE,REPUBLICANOS,1,0,0,0,0,0,0,False
2026,RJ,190002550261,JORGE HENRIQUE PIRES PAES,DEPUTADO ESTADUAL,PSDB,1,1,0,1,1,0,0,True
2026,RJ,190002550262,MARCELO DE SOUZA LESSA,DEPUTADO ESTADUAL,PSDB,1,0,0,0,0,0,0,False
2026,RJ,190002550263,ADILSON DE MEDEIROS PAIXAO JUNIOR,DEPUTADO ESTADUAL,PSDB,3,2,0,0,0,0,0,False
2026,RJ,190002550266,ALESSANDRA GOMES DE OLIVEIRA,DEPUTADO ESTADUAL,PSDB,1,0,0,0,0,0,0,False
2026,RJ,190002550267,SANDRA LUCIA ALEIXO DA SILVA,DEPUTADO ESTADUAL,PSDB,1,0,0,0,0,0,0,False
2026,RJ,190002550271,MARCELINO ANTONIO D ALMEIDA,DEPUTADO ESTADUAL,PSDB,1,1,0,0,0,0,0,False
2026,RJ,190002550273,VANDETE MARIA SOARES,DEPUTADO ESTADUAL,PSDB,1,0,0,0,0,0,0,False
2026,RJ,190002550274,VERA LUCIA RODRIGUES MEDEIROS,DEPUTADO ESTADUAL,PSDB,2,1,0,0,0,0,0,False
2026,RJ,190002550275,FRANCISCO JOSE FALCAO JUNIOR,DEPUTADO ESTADUAL,PSDB,2,1,0,0,0,0,0,False
2026,RJ,190002550276,JORGE EDILSON TAVARES DOS SANTOS,DEPUTADO ESTADUAL,PSDB,1,1,0,0,0,0,0,False
2026,RJ,190002550278,ALESSANDRO PEREIRA PINHO,DEPUTADO ESTADUAL,PSDB,1,0,0,0,0,0,0,False
2026,RJ,190002550280,FABIO SOARES DE OLIVEIRA,DEPUTADO ESTADUAL,PSDB,2,0,0,0,0,0,0,False
2026,RJ,190002550281,RODRIGO DINAMITE MARINS DE OLIVEIRA,DEPUTADO ESTADUAL,PSDB,1,0,0,0,0,0,0,False
2026,RJ,190002550282,JULIO CESAR SANTOS DE MENEZES,DEPUTADO ESTADUAL,PSDB,1,0,0,0,0,0,0,False
2026,RJ,190002550283,RICARDO CORREA DE BARROS,DEPUTADO ESTADUAL,PSDB,1,0,0,0,0,0,0,False
2026,RJ,190002550284,URBANO DE FREITAS NETO,DEPUTADO ESTADUAL,PSDB,1,0,0,0,0,0,0,False
2026,RJ,190002550285,GLAUBER JOAQUIM DE MATOS CORREA,DEPUTADO ESTADUAL,PSDB,1,0,0,0,0,0,0,False
2026,RJ,190002550287,HELEM CRISTINA LOPES DOS SANTOS MOREIRA,DEPUTADO ESTADUAL,PSDB,3,2,0,0,0,0,0,False
2026,RJ,190002550288,MARIA HELENA DA SILVA CABO,DEPUTADO ESTADUAL,PSDB,1,0,0,0,0,0,0,False
2026,RJ,190002550289,CARLOS ALBERTO LAVRADO CUPELLO,DEPUTADO ESTADUAL,PSDB,1,0,0,0,0,0,0,False
2026,RJ,190002550290,FILIPE BEZERRA RIBEIRO SOARES,DEPUTADO ESTADUAL,PSDB,2,1,0,0,0,0,0,False
2026,RJ,190002550291,MARIA REGINA CINELLI DAMASCENO,DEPUTADO ESTADUAL,CIDADANIA,1,1,0,0,0,0,0,False
2026,RJ,190002550292,ALEXANDRE INOCENCIO BORGES CORREIA,DEPUTADO ESTADUAL,PSDB,1,0,0,0,0,0,0,False
2026,RJ,190002550294,CHRISTIANNE DUARTE GAROIU,DEPUTADO ESTADUAL,PSDB,1,1,0,0,0,0,0,False
2026,RJ,190002550296,DANIELA CAMPOS LEAL ARREGUE,DEPUTADO ESTADUAL,PSDB,2,0,0,0,0,0,0,False
2026,RJ,190002550297,DANIELE DA SILVA PEREIRA,DEPUTADO ESTADUAL,PSDB,2,1,0,0,0,0,0,False
2026,RJ,190002550301,IVAN DO VALLE LIMA,DEPUTADO ESTADUAL,PSDB,1,1,0,0,0,0,0,False
2026,RJ,190002550303,EDILMAR DE OLIVEIRA SILVA,DEPUTADO ESTADUAL,PSDB,1,0,0,0,0,0,0,False
2026,RJ,190002550305,FELIPE NUNES FONSECA DE BRITO,DEPUTADO ESTADUAL,PSDB,1,1,0,0,0,0,0,False
2026,RJ,190002550307,ADELSON DA SILVA CALVETE,DEPUTADO ESTADUAL,CIDADANIA,1,0,0,0,0,0,0,False
2026,RJ,190002550308,MARILENA PINTO RODRIGUES,DEPUTADO ESTADUAL,PSDB,1,1,0,0,0,0,0,False
2026,RJ,190002550310,SANDRO ABDALA NAJA,DEPUTADO ESTADUAL,PSDB,1,0,0,0,0,0,0,False
2026,RJ,190002550311,JUSSIE SEVERO DE CARVALHO,DEPUTADO ESTADUAL,PSDB,1,0,0,0,0,0,0,False
2026,RJ,190002550462,TATIANA AGDA ALVES RIBEIRO,DEPUTADO FEDERAL,PODE,3,2,0,0,0,0,0,False
2026,RJ,190002550463,VALESKA ROSA MACHADO,DEPUTADO ESTADUAL,PODE,2,1,0,0,0,0,0,False
2026,RJ,190002550481,MOISES FREITAS DE OLIVEIRA GOMES,DEPUTADO FEDERAL,PSDB,1,0,0,0,0,0,0,False
2026,RJ,190002550483,RICARDO MARTINS DAVID,DEPUTADO FEDERAL,PSDB,1,0,0,0,0,0,0,False
2026,RJ,190002550485,JOÃO VICTOR CARVALHAES FRAGA,DEPUTADO FEDERAL,PSDB,2,0,0,0,0,0,0,False
2026,RJ,190002550487,MARCOS BEZERRA RIBEIRO SOARES,DEPUTADO FEDERAL,PSDB,2,2,0,0,0,0,0,False
2026,RJ,190002550488,ADRIANO ARLEI SERFIOTIS,DEPUTADO FEDERAL,PSDB,2,0,0,0,0,0,0,False
2026,RJ,190002550489,MARCELO ANDRE CID HERACLITO DO PORTO QUEIROZ,DEPUTADO FEDERAL,PSDB,1,1,0,0,0,0,0,False
2026,RJ,190002550490,ADRIANA KUTWAK,DEPUTADO FEDERAL,PSDB,1,1,0,0,0,0,0,False
2026,RJ,190002550491,EDMUNDO ALVES DE SOUZA NETO,DEPUTADO FEDERAL,PSDB,1,1,0,0,0,0,0,False
2026,RJ,190002550492,ALEXANDRE MAURO PRADO,DEPUTADO FEDERAL,PSDB,2,1,0,0,0,0,0,False
2026,RJ,190002550493,ANTONIA FONTENELE DE BRITO,DEPUTADO FEDERAL,PSDB,2,0,0,0,0,0,0,False
2026,RJ,190002550496,ROSANE FELIX DO NASCIMENTO MALTA,DEPUTADO FEDERAL,PSDB,1,0,0,0,0,0,0,False
2026,RJ,190002550497,TAYANE GANDRA ORRICO,DEPUTADO FEDERAL,PSDB,2,0,0,0,0,0,0,False
2026,RJ,190002550499,SEVERINO ANANIAS DIAS FILHO,DEPUTADO FEDERAL,PSDB,1,0,0,0,0,0,0,False
2026,RJ,190002550501,ALUIZIO DOS SANTOS JUNIOR,DEPUTADO FEDERAL,PSDB,1,1,0,0,0,0,0,False
2026,RJ,190002550503,JULIANA DA CAMARA TORRES BENICIO,DEPUTADO FEDERAL,PSDB,1,0,0,0,0,0,0,False
2026,RJ,190002550504,JACKSON BARBOSA CALDERINI,DEPUTADO FEDERAL,CIDADANIA,2,1,0,1,1,0,0,True
2026,RJ,190002550505,ANTONIO CESAR DE JESUS DOREA,DEPUTADO FEDERAL,PSDB,1,1,0,0,0,0,0,False
2026,RJ,190002550506,ANDERSON REIS DE ALMEIDA,DEPUTADO FEDERAL,PSDB,1,0,0,0,0,0,0,False
2026,RJ,190002550507,JOÃO FERREIRA NETO,DEPUTADO FEDERAL,PSDB,1,1,0,1,1,0,0,True
2026,RJ,190002550508,MARIA DAS GRACAS TUZE DE MATOS,DEPUTADO FEDERAL,PSDB,1,1,0,0,0,0,0,False
2026,RJ,190002550510,LUCIANO VIEIRA MENDES,DEPUTADO FEDERAL,PSDB,1,0,0,0,0,0,0,False
2026,RJ,190002550512,MARIO REIS ESTEVES,DEPUTADO FEDERAL,PSDB,1,0,0,0,0,0,0,False
2026,RJ,190002550513,MAURICIO BRAGA MESQUITA,DEPUTADO FEDERAL,PSDB,2,0,0,0,0,0,0,False
2026,RJ,190002550514,MARCOS TEIXEIRA BRAZ,DEPUTADO FEDERAL,PSDB,1,0,0,0,0,0,0,False
2026,RJ,190002550515,MARIA CRISTINA MEL DE ALMEIDA COSTA,DEPUTADO FEDERAL,PSDB,2,1,0,0,0,0,0,False
2026,RJ,190002550516,JOSE FLAVIO FERREIRA SALDANHA,DEPUTADO FEDERAL,PSDB,1,0,0,0,0,0,0,False
2026,RJ,190002550517,ELIANE DE CASTRO MORAES,DEPUTADO FEDERAL,PSDB,1,0,0,0,0,0,0,False
2026,RJ,190002550518,IZABELA SANTOS DE OLIVEIRA DUTRA,DEPUTADO FEDERAL,CIDADANIA,2,1,0,0,0,0,0,False
2026,RJ,190002550519,DANILO CASSANE SOARES,DEPUTADO FEDERAL,PSDB,1,0,0,0,0,0,0,False
2026,RJ,190002550521,SERGIO PINA,DEPUTADO FEDERAL,PSDB,1,1,0,0,0,0,0,False
2026,RJ,190002550523,LILIAN LIGIA DE MEDEIROS DE FREITAS,DEPUTADO FEDERAL,PSDB,1,1,0,0,0,0,0,False
2026,RJ,190002551201,JUDAS TADEU DA SILVA,DEPUTADO FEDERAL,DEMOCRATA,1,1,0,0,0,0,0,False
2026,RJ,190002551202,ELCIO SOUZA FERREIRA,DEPUTADO FEDERAL,DEMOCRATA,2,2,0,0,0,0,0,False
2026,RJ,190002551204,IZABEL DOS SANTOS CARDOSO,DEPUTADO FEDERAL,DEMOCRATA,1,1,0,0,0,0,0,False
2026,RJ,190002551208,ZENILDA DE FATIMA DA SILVA,DEPUTADO FEDERAL,DEMOCRATA,1,0,0,0,0,0,0,False
2026,RJ,190002551211,FERNANDA DOS SANTOS FERNANDES,DEPUTADO FEDERAL,DEMOCRATA,3,0,0,0,0,0,0,False
2026,RJ,190002551212,THIAGO NUNES DOS SANTOS SOUZA,DEPUTADO FEDERAL,DEMOCRATA,1,1,0,0,0,0,0,False
2026,RJ,190002551213,GILBERTO DE OLIVEIRA SEPULVEDA,DEPUTADO FEDERAL,DEMOCRATA,4,2,0,0,0,0,0,False
2026,RJ,190002551214,ANDREIA CAMPOS CAMELO,DEPUTADO FEDERAL,DEMOCRATA,5,2,0,0,0,0,0,False
2026,RJ,190002551215,CARLA CONCEIÇÃO DE CASTRO PETRIS VASCONCELOS,DEPUTADO FEDERAL,DEMOCRATA,5,3,0,0,0,0,0,False
2026,RJ,190002551217,ARISTEU ADRIEN DE ALBUQUERQUE,DEPUTADO FEDERAL,DEMOCRATA,1,0,0,0,0,0,0,False
2026,RJ,190002551522,LEANDRO DE SOUZA SILVA,DEPUTADO FEDERAL,DEMOCRATA,1,1,0,0,0,0,0,False
2026,RJ,190002551527,JONAS DE LIMA,DEPUTADO FEDERAL,DEMOCRATA,2,1,0,0,0,0,0,False
2026,RJ,190002551530,ANDRE LUIZ OLIVEIRA DE ALBUQUERQUE,DEPUTADO FEDERAL,DEMOCRATA,1,1,0,0,0,0,0,False
2026,RJ,190002551537,MARIA DA CONCEICAO MONTEIRO,DEPUTADO FEDERAL,DEMOCRATA,1,0,0,0,0,0,0,False
2026,RJ,190002551541,JESSICA DA SILVA HIATH,DEPUTADO FEDERAL,DEMOCRATA,1,0,0,0,0,0,0,False
2026,RJ,190002551542,KLEIN CUNHA DUARTE,DEPUTADO FEDERAL,DEMOCRATA,1,1,0,0,0,0,0,False
2026,RJ,190002551545,ALEXANDER MATTOSO DA SILVA,DEPUTADO ESTADUAL,PSDB,1,1,0,0,0,0,0,False
2026,RJ,190002552085,RICARDO DA SILVA FERNANDES,2º SUPLENTE,PRTB,1,0,0,0,0,0,0,False
2026,RJ,190002552236,WANDER LUIZ DA SILVA SÁ,DEPUTADO ESTADUAL,DEMOCRATA,1,1,0,0,0,0,0,False
2026,RJ,190002552242,FERNANDA CAROLINE DA SILVA,DEPUTADO ESTADUAL,DEMOCRATA,2,2,0,0,0,0,0,False
2026,RJ,190002552248,WALTER BENJAMIN DAS NEVES,DEPUTADO ESTADUAL,DEMOCRATA,1,1,0,0,0,0,0,False
2026,RJ,190002552254,DAIANA GONÇALVES DA SILVA,DEPUTADO ESTADUAL,DEMOCRATA,1,0,0,0,0,0,0,False
2026,RJ,190002552262,JOSIMAR DA SILVA MESQUITA,DEPUTADO ESTADUAL,DEMOCRATA,2,1,0,0,0,0,0,False
2026,RJ,190002552268,TALITA GOMES DOS SANTOS,DEPUTADO ESTADUAL,DEMOCRATA,1,1,0,0,0,0,0,False
2026,RJ,190002552272,CARLOS HENRIQUE BARBOSA RIBEIRO,DEPUTADO ESTADUAL,DEMOCRATA,1,1,0,1,1,0,0,True
2026,RJ,190002552281,TEMISTOCLES PETRONILHO RAMOS,DEPUTADO ESTADUAL,DEMOCRATA,2,2,0,0,0,0,0,False
2026,RJ,190002552291,FRANCISCO ANTONIO DE ARAUJO,DEPUTADO ESTADUAL,DEMOCRATA,3,0,0,0,0,0,0,False
2026,RJ,190002552525,EDILEUZA APARECIDA LACERDA RAMOS,DEPUTADO FEDERAL,PCO,2,0,0,0,0,0,0,False
2026,RJ,190002552526,HENRIQUE VITAL BRAZIL SIMONARD,DEPUTADO FEDERAL,PCO,1,1,0,0,0,0,0,False
2026,RJ,190002552527,VALÉRIA MARIA DE SOUZA BARBALHO,DEPUTADO FEDERAL,PCO,1,0,0,0,0,0,0,False
2026,RJ,190002552528,RENATO BULHÕES GÓES BASTOS,DEPUTADO FEDERAL,PCO,1,1,0,0,0,0,0,False
2026,RJ,190002552529,EDUARDO LOPES DE MELLO,DEPUTADO FEDERAL,PCO,2,2,0,0,0,0,0,False
2026,RJ,190002552530,ASSIDIO FRANCISCO DO NASCIMENTO,DEPUTADO FEDERAL,PCO,1,1,0,0,0,0,0,False
2026,RJ,190002552531,PEDRO ARTHUR DINIZ GOMES,DEPUTADO ESTADUAL,PCO,2,2,0,0,0,0,0,False
2026,RJ,190002552532,SOLANGE PEREIRA DA SILVA,DEPUTADO ESTADUAL,PCO,1,1,0,1,1,0,0,True
2026,RJ,190002553916,PATRICK DE LIMA FERREIRA,DEPUTADO FEDERAL,PSD,2,0,0,0,0,0,0,False
2026,RJ,190002553939,DIEGO RODRIGUES MARQUES,DEPUTADO ESTADUAL,MOBILIZA,2,1,0,0,0,0,0,False
2026,RJ,190002554002,MARCIA PEIXOTO DE OLIVEIRA,DEPUTADO FEDERAL,PT,1,1,0,0,0,0,0,False
2026,RJ,190002554117,FRANCISCO LIMA FILHO,DEPUTADO FEDERAL,PDT,4,1,0,1,3,0,0,True
2026,RJ,190002554118,ANTONIO MARCOS RODRIGUES PIRES,DEPUTADO FEDERAL,PDT,1,1,0,0,0,0,0,False
2026,RJ,190002554119,LAUANE REGINA DA SILVA,DEPUTADO FEDERAL,PDT,1,1,0,0,0,0,0,False
2026,RJ,190002554139,SARAH SILVA DE SOUZA,DEPUTADO FEDERAL,SOLIDARIEDADE,3,2,0,2,1,0,0,True
2026,RN,200002533843,RAFAEL HUETE DA MOTTA,SENADOR,PDT,2,1,0,1,1,0,0,True
2026,RN,200002533844,JOAO BATISTA NASCIMENTO DA SILVA,2º SUPLENTE,PV,1,1,0,0,0,0,0,False
2026,RN,200002533852,RONNY CARLOS HOLANDA BEZERRA,DEPUTADO ESTADUAL,PV,1,1,0,1,8,0,0,True
2026,RN,200002533856,VALERIA DOS SANTOS CAVALCANTE,DEPUTADO ESTADUAL,PV,2,2,0,1,1,0,0,True
2026,RN,200002533862,MARIA ISOLDA DANTAS DE MOURA,DEPUTADO ESTADUAL,PT,1,0,0,0,0,0,0,False
2026,RN,200002533864,UBALDO FERNANDES DA SILVA,DEPUTADO ESTADUAL,PV,2,1,0,0,0,0,0,False
2026,RN,200002533869,ODON OLIVEIRA DE SOUZA JUNIOR,DEPUTADO FEDERAL,PT,2,0,0,0,0,0,0,False
2026,RN,200002533875,ELIESER GIRAO MONTEIRO FILHO,DEPUTADO FEDERAL,PL,1,0,0,0,0,0,0,False
2026,RN,200002533876,HILKEA CARLA DE SOUZA MEDEIROS LIMA,DEPUTADO FEDERAL,PL,1,0,0,0,0,0,0,False
2026,RN,200002533877,EVANDRO GONCALVES DA SILVA JUNIOR,DEPUTADO FEDERAL,PL,1,1,0,0,0,0,0,False
2026,RN,200002533887,JOSE MICHAEL LUCENA DINIZ,DEPUTADO ESTADUAL,PL,1,0,0,0,0,0,0,False
2026,RN,200002533889,RIVALDO ANTONIO DA SILVA JUNIOR,DEPUTADO ESTADUAL,PL,1,0,0,0,0,0,0,False
2026,RN,200002534349,MANOEL MILANO SOARES,DEPUTADO ESTADUAL,MDB,1,0,0,0,0,0,0,False
2026,RN,200002534357,ANGELA JUCELYH SILVA DE PAIVA FAGUNDES,DEPUTADO ESTADUAL,MDB,1,1,0,0,0,0,0,False
2026,RN,200002534359,CLOVIS BARBOSA DE OLIVEIRA JUNIOR,DEPUTADO ESTADUAL,MDB,1,0,0,0,0,0,0,False
2026,RN,200002534360,ELEONAIDE RODRIGUES DA ROCHA,DEPUTADO ESTADUAL,MDB,1,1,0,0,0,0,0,False
2026,RN,200002534362,PAULO MARQUES DE OLIVEIRA JUNIOR,DEPUTADO ESTADUAL,MDB,1,1,0,0,0,0,0,False
2026,RN,200002534370,JOSIVAN BIBIANO DE AZEVEDO,DEPUTADO ESTADUAL,MDB,1,0,0,0,0,0,0,False
2026,RN,200002534414,GABRIEL CESAR DE OLIVEIRA SIQUEIRA,DEPUTADO ESTADUAL,PL,1,1,0,1,1,0,0,True
2026,RN,200002534415,ANA KARINA NUNES PIMENTA,DEPUTADO ESTADUAL,PL,1,1,0,0,0,0,0,False
2026,RN,200002534418,MANASSES CRISTIANO ROCHA DA SILVA,DEPUTADO ESTADUAL,PL,1,1,0,0,0,0,0,False
2026,RN,200002534427,KERGINALDO JÁCOME DA COSTA,DEPUTADO ESTADUAL,PL,4,2,0,0,0,0,0,False
2026,RN,200002535505,SUYANE THAINARA VARELA DE MEDEIROS,DEPUTADO FEDERAL,NOVO,2,1,0,0,0,0,0,False
2026,RN,200002535509,MARIJARA LUZ RIBEIRO CHAVES,2º SUPLENTE,PP,1,1,0,0,0,0,0,False
2026,RN,200002535715,JOAO DA SILVA MAIA,DEPUTADO FEDERAL,PP,1,1,0,1,1,0,0,True
2026,RN,200002535723,BIANCA FERNANDES DE NEGREIROS,DEPUTADO FEDERAL,UNIÃO,1,0,0,0,0,0,0,False
2026,RN,200002546755,MARIA SOCORRO BATISTA DE MACEDO,VICE-GOVERNADOR,AGIR,1,0,0,0,0,0,0,False
2026,RN,200002546758,LENY MACIEL GRILO,VICE-GOVERNADOR,PSOL,2,1,0,0,0,0,0,False
2026,RN,200002546768,FREDERICO BRAGA TAVARES,DEPUTADO FEDERAL,SOLIDARIEDADE,4,3,0,0,0,0,0,False
2026,RN,200002546769,FRANCISCO NUNES DA SILVA FILHO,DEPUTADO FEDERAL,PRD,1,0,0,0,0,0,0,False
2026,RN,200002546771,JOHN KENNETH NEVES DA SILVA,DEPUTADO FEDERAL,SOLIDARIEDADE,4,0,0,0,0,0,0,False
2026,RN,200002546772,HILDA CRISTIANI SILVA DA COSTA,DEPUTADO FEDERAL,SOLIDARIEDADE,3,1,0,1,0,1,0,True
2026,RN,200002546774,SEVERINA EVIONARDE DOS SANTOS,DEPUTADO FEDERAL,PRD,1,0,0,0,0,0,0,False
2026,RN,200002546775,DEBORAH SUELLEN CABRAL DE FREITAS,DEPUTADO FEDERAL,SOLIDARIEDADE,3,1,0,0,0,0,0,False
2026,RN,200002546777,RONALDO BATISTA NEGROMONTE,DEPUTADO ESTADUAL,PRD,1,1,0,0,0,0,0,False
2026,RN,200002546778,GILBERTO VERISSIMO TORRES,DEPUTADO ESTADUAL,PRD,1,1,0,0,0,0,0,False
2026,RN,200002546779,MARIA APARECIDA DA SILVA,DEPUTADO ESTADUAL,PRD,1,0,0,0,0,0,0,False
2026,RN,200002546780,FRANCISCO ANTONIO DA SILVA,DEPUTADO ESTADUAL,PRD,1,0,0,0,0,0,0,False
2026,RN,200002546781,JOSE LIMA DA COSTA,DEPUTADO ESTADUAL,PRD,1,1,0,0,0,0,0,False
2026,RN,200002546782,JOSE EDMILSON DA SILVA,DEPUTADO ESTADUAL,PRD,1,0,0,0,0,0,0,False
2026,RN,200002546784,NILDETE VITORINO,DEPUTADO ESTADUAL,PRD,1,1,0,0,0,0,0,False
2026,RN,200002546785,JUSSYCLEIA VILELA NUNES DA SILVEIRA,DEPUTADO ESTADUAL,PRD,1,1,0,0,0,0,0,False
2026,RN,200002546786,DANIEL SANTOS SILVA DO REGO,DEPUTADO ESTADUAL,PRD,1,0,0,0,0,0,0,False
2026,RN,200002546789,GEOVANA APARECIDA LIMA DA SILVA,DEPUTADO ESTADUAL,PRD,1,1,0,0,0,0,0,False
2026,RN,200002546790,MARCELO ALVES FELIPPE,DEPUTADO ESTADUAL,PRD,1,0,0,0,0,0,0,False
2026,RN,200002546794,DANNIEL ALEXANDRE FERREIRA DE MORAIS,1º SUPLENTE,PSOL,1,0,0,0,0,0,0,False
2026,RN,200002546800,IGOR LUCAS SERAFIM DA ROCHA,DEPUTADO FEDERAL,PSOL,2,2,0,0,0,0,0,False
2026,RN,200002546801,PHILIPE HENRIQUE GOMES DOS SANTOS,DEPUTADO FEDERAL,PSOL,1,1,0,1,1,0,0,True
2026,RN,200002547274,FRANCISCO FABIO FERNANDES SILVEIRA,DEPUTADO ESTADUAL,MISSÃO,3,0,0,0,0,0,0,False
2026,RN,200002547275,RAYANNE DA SILVA FIGUEIREDO,DEPUTADO ESTADUAL,MISSÃO,2,0,0,0,0,0,0,False
2026,RN,200002547277,ANA CLARA GURGEL AQUINO,DEPUTADO FEDERAL,MISSÃO,2,1,0,0,0,0,0,False
2026,RN,200002547279,FELIX GUEDES DOS SANTOS,DEPUTADO FEDERAL,MISSÃO,2,0,0,0,0,0,0,False
2026,RN,200002547281,VIVIANE GOMES AVELINO DE MACEDO,DEPUTADO FEDERAL,MISSÃO,2,2,0,0,0,0,0,False
2026,RN,200002547284,SALOMÃO ISRAEL MONTEIRO LOURENÇO QUEIROZ,DEPUTADO FEDERAL,MISSÃO,5,0,0,0,0,0,0,False
2026,RN,200002547829,JULIO PEDRO DE LIRA NETO,DEPUTADO ESTADUAL,UP,1,1,0,0,0,0,0,False
2026,RN,200002548543,ANA JANARA ALVES DA SILVA ARAUJO,DEPUTADO ESTADUAL,PSOL,2,1,0,0,0,0,0,False
2026,RN,200002548544,AURÉLIO CASSIANO DE OLIVEIRA,DEPUTADO ESTADUAL,PSOL,2,1,0,0,0,0,0,False
2026,RN,200002548561,IRAMA BARBOSA DA SILVA,DEPUTADO ESTADUAL,PSOL,1,0,0,0,0,0,0,False
2026,RN,200002548562,JESSICA ELIAS DE SOUZA,DEPUTADO ESTADUAL,PSOL,1,1,0,0,0,0,0,False
2026,RN,200002549133,WENDELL BATISTA DOS SANTOS,SENADOR,AGIR,1,0,0,0,0,0,0,False
2026,RN,200002549672,FRANCISCO WENDER DE ANDRADE,DEPUTADO FEDERAL,MOBILIZA,2,2,0,0,0,0,0,False
2026,RN,200002549673,FRANCINALBA MOREIRA RIBEIRO,DEPUTADO FEDERAL,MOBILIZA,2,1,0,0,0,0,0,False
2026,RN,200002549674,ANA KARINE CARDOSO DE LIMA,DEPUTADO FEDERAL,MOBILIZA,5,2,0,0,0,0,0,False
2026,RN,200002549675,ALEXANDRE RIBEIRO RAMOS,DEPUTADO FEDERAL,MOBILIZA,1,0,0,0,0,0,0,False
2026,RN,200002549676,WINDSON BALBINO LIMA,DEPUTADO FEDERAL,MOBILIZA,2,0,0,0,0,0,0,False
2026,RN,200002549677,SAMARA TORRES SOARES,DEPUTADO FEDERAL,MOBILIZA,3,0,0,0,0,0,0,False
2026,RN,200002549678,ANGELITA PEREIRA DA SILVA,DEPUTADO FEDERAL,MOBILIZA,2,2,0,0,0,0,0,False
2026,RN,200002549679,MAGNO NASCIMENTO DOS REIS,DEPUTADO FEDERAL,MOBILIZA,1,1,0,0,0,0,0,False
2026,RN,200002549680,PATRICIA DE SOUZA FERREIRA,DEPUTADO FEDERAL,MOBILIZA,3,1,0,0,0,0,0,False
2026,RN,200002550541,GUILHERME OLIVEIRA MOSCA,SENADOR,UP,2,1,0,0,0,0,0,False
2026,RO,220002536000,CLEUDA MARIA DE SOUZA,DEPUTADO FEDERAL,NOVO,1,0,0,0,0,0,0,False
2026,RO,220002536002,ADRIANA MARTINS DE PAULA CAMARGO,DEPUTADO FEDERAL,NOVO,2,1,0,0,0,0,0,False
2026,RO,220002536003,MAURICIO CAMPITELLI CONTI,DEPUTADO FEDERAL,NOVO,3,1,0,0,0,0,0,False
2026,RO,220002536004,MANOEL JAMARIQUELI,DEPUTADO FEDERAL,NOVO,1,1,0,0,0,0,0,False
2026,RO,220002536005,SILMAR RÉGIS CAMARINI,DEPUTADO FEDERAL,NOVO,2,0,0,0,0,0,0,False
2026,RO,220002536011,EDSON MARTINS DE PAULA,DEPUTADO ESTADUAL,NOVO,2,2,0,2,5,0,0,True
2026,RO,220002536012,JOSE MOURA DOS SANTOS,DEPUTADO ESTADUAL,NOVO,1,0,0,0,0,0,0,False
2026,RO,220002536013,VAGNER PEREIRA SODRÉ,DEPUTADO ESTADUAL,NOVO,2,0,0,0,0,0,0,False
2026,RO,220002536014,ANTONIO ALVES FERREIRA,DEPUTADO ESTADUAL,NOVO,1,1,0,0,0,0,0,False
2026,RO,220002536015,MAGNA DOS ANJOS QUEIROZ,DEPUTADO ESTADUAL,NOVO,3,0,0,0,0,0,0,False
2026,RO,220002536017,LUAN RIBEIRO LUSTOSA,DEPUTADO ESTADUAL,NOVO,2,0,0,0,0,0,0,False
2026,RO,220002536018,JOSÉ  OSMANI DA CUNHA RUFINO,DEPUTADO ESTADUAL,NOVO,2,0,0,0,0,0,0,False
2026,RO,220002536019,FRANCISCA ODALICE DA SILVA,DEPUTADO ESTADUAL,NOVO,1,0,0,0,0,0,0,False
2026,RO,220002536021,JOSÉ RONALDO COSTA DA SILVA,DEPUTADO ESTADUAL,NOVO,1,1,0,0,0,0,0,False
2026,RO,220002536022,LUCAS FOLLADOR,DEPUTADO ESTADUAL,NOVO,1,0,0,0,0,0,0,False
2026,RO,220002536023,ARISLANDIO BORGES SARAIVA,DEPUTADO ESTADUAL,NOVO,2,1,0,0,0,0,0,False
2026,RO,220002536025,JOSE AUGUSTO  SOARES DA SILVA,DEPUTADO ESTADUAL,NOVO,1,0,0,0,0,0,0,False
2026,RO,220002536028,GILBER ROCHA MERCÊS,DEPUTADO ESTADUAL,NOVO,1,0,0,0,0,0,0,False
2026,RO,220002536033,SEBASTIAO VALADARES NETO,DEPUTADO FEDERAL,PODE,4,0,0,0,0,0,0,False
2026,RO,220002536034,EUMA MENDONÇA TOURINHO,DEPUTADO FEDERAL,PODE,4,1,0,0,0,0,0,False
2026,RO,220002536035,RAFAEL BENTO PEREIRA,DEPUTADO FEDERAL,PODE,2,1,0,0,0,0,0,False
2026,RO,220002536038,CRISTIANE LOPES DA LUZ,DEPUTADO FEDERAL,PODE,2,0,0,0,0,0,0,False
2026,RO,220002536040,DHONATAN FRANCISCO PAGANI VIEIRA,DEPUTADO FEDERAL,PODE,1,0,0,0,0,0,0,False
2026,RO,220002536041,JAIME GAZOLA FILHO,DEPUTADO FEDERAL,PODE,1,0,0,0,0,0,0,False
2026,RO,220002536806,ADAILTON ANTUNES FERREIRA,GOVERNADOR,PSD,1,0,0,0,0,0,0,False
2026,RO,220002536884,MARCELO LESSA DA SILVA,DEPUTADO FEDERAL,PL,1,0,0,0,0,0,0,False
2026,RO,220002537554,JEAN HENRIQUE GEROLOMO DE MENDONCA,DEPUTADO ESTADUAL,PL,1,0,0,0,0,0,0,False
2026,RO,220002537561,ALEX TESTONI,DEPUTADO ESTADUAL,PL,2,2,0,1,4,0,0,True
2026,RO,220002537564,ALEXANDRO BARBOSA JENSEN,DEPUTADO ESTADUAL,PL,1,0,0,0,0,0,0,False
2026,RO,220002539742,SARA MARIA VIEIRA DOS SANTOS,DEPUTADO FEDERAL,PT,2,0,0,0,0,0,0,False
2026,RO,220002539743,ELZILENE DO NASCIMENTO PEREIRA,DEPUTADO FEDERAL,PT,2,1,0,0,0,0,0,False
2026,RO,220002539745,MARCIA REGINA DE SOUZA SILVA,DEPUTADO FEDERAL,PT,2,0,0,0,0,0,0,False
2026,RO,220002539746,RAMON CUJUI FREITAS,DEPUTADO FEDERAL,PT,3,0,0,0,0,0,0,False
2026,RO,220002539748,ISRAEL DA TRINDADE LOURENÇO,DEPUTADO FEDERAL,PT,2,0,0,0,0,0,0,False
2026,RO,220002539759,SID ORLEANS CRUZ,DEPUTADO ESTADUAL,PT,1,0,0,0,0,0,0,False
2026,RO,220002539772,ANDERSON DE SOUSA BRITO,1º SUPLENTE,PSD,1,0,0,0,0,0,0,False
2026,RO,220002539773,JONATAS LUIZ DA SILVA SALES,2º SUPLENTE,PSD,2,0,0,0,0,0,0,False
2026,RO,220002539993,DILCEU FERNANDES MACHADO,2º SUPLENTE,PL,3,0,0,0,0,0,0,False
2026,RO,220002539997,GUILHERME AUGUSTO DE FREITAS TEODORO,1º SUPLENTE,PL,3,0,0,0,0,0,0,False
2026,RO,220002539999,ADILSON HONORATO GOMES,DEPUTADO FEDERAL,PSD,2,1,0,0,0,0,0,False
2026,RO,220002540005,EVANILDO FERREIRA DA SILVA,DEPUTADO FEDERAL,PSD,1,0,0,0,0,0,0,False
2026,RO,220002541481,AIRTON PEDRO GURGACZ,DEPUTADO FEDERAL,PDT,4,1,0,0,0,0,0,False
2026,RO,220002541487,CORDÉLIA CRUZ SANTANA,DEPUTADO FEDERAL,PDT,1,0,0,0,0,0,0,False
2026,RO,220002541490,ACIR MARCOS GURGACZ,SENADOR,PDT,1,0,0,0,0,0,0,False
2026,RO,220002541492,PAULO CESAR PIRES ANDRADE,1º SUPLENTE,MDB,1,0,0,0,0,0,0,False
2026,RO,220002542149,FELIPE DE OLIVEIRA PEREIRA,DEPUTADO ESTADUAL,MDB,2,0,0,0,0,0,0,False
2026,RO,220002542152,SUÉLLEN KLEMENS RIBEIRO DO NASCIMENTO,DEPUTADO ESTADUAL,MDB,2,0,0,0,0,0,0,False
2026,RO,220002542153,ROBSON LUIZ LUCIANO ROSA,DEPUTADO ESTADUAL,MDB,2,0,0,0,0,0,0,False
2026,RO,220002542154,ANDRE HENRIQUE RICARDO ESTEVAM,DEPUTADO ESTADUAL,MDB,1,0,0,0,0,0,0,False
2026,RO,220002542188,ROBSON JOSE MELO DE OLIVEIRA,DEPUTADO ESTADUAL,PODE,4,3,0,2,12,0,0,True
2026,RO,220002542550,RAISSA DA SILVA PAES,DEPUTADO ESTADUAL,PSD,4,1,0,0,0,0,0,False
2026,RO,220002542918,LETICIA CRISTINA MACHADO BATISTA,DEPUTADO ESTADUAL,PSD,2,2,0,0,0,0,0,False
2026,RO,220002542919,JURANDIR OLIVEIRA ARAUJO,DEPUTADO ESTADUAL,PSD,2,1,0,0,0,0,0,False
2026,RO,220002542920,LIANA SILVA DE ALMEIDA LIMA,DEPUTADO ESTADUAL,PSD,4,2,0,0,0,0,0,False
2026,RO,220002542922,EYDER BRASIL DO CARMO,DEPUTADO ESTADUAL,PSD,1,1,0,0,0,0,0,False
2026,RO,220002542923,FRANCIELLE DA COSTA,DEPUTADO ESTADUAL,PSD,2,1,0,0,0,0,0,False
2026,RO,220002542928,MARCELO PEREIRA DA SILVA,DEPUTADO ESTADUAL,PSD,1,0,0,0,0,0,0,False
2026,RO,220002542929,DABSON BUENO DA SILVA,DEPUTADO ESTADUAL,PSD,2,1,0,0,0,0,0,False
2026,RO,220002542933,ANTÔNIO FRANCISCO GOMES SILVA,DEPUTADO ESTADUAL,PSD,3,1,0,0,0,0,0,False
2026,RO,220002542934,MARCIA HELENA MARTINS HENRIQUE,DEPUTADO ESTADUAL,PSD,2,0,0,0,0,0,0,False
2026,RO,220002542935,JOSÉ RIBAMAR DE OLIVEIRA,DEPUTADO ESTADUAL,PSD,4,1,0,0,0,0,0,False
2026,RO,220002542938,LAURO FERNANDES DA SILVA JUNIOR,DEPUTADO ESTADUAL,PSD,3,1,0,1,7,0,0,True
2026,RO,220002542939,ROSANGELA APARECIDA MARUM CANDIDO,DEPUTADO ESTADUAL,PSD,2,0,0,0,0,0,0,False
2026,RO,220002547327,ISMAEL CRISPIN DIAS,DEPUTADO ESTADUAL,PP,1,0,0,0,0,0,0,False
2026,RO,220002547329,PAULO SERGIO MENDES,DEPUTADO ESTADUAL,UNIÃO,1,0,0,0,0,0,0,False
2026,RO,220002547330,ARISMAR ARAUJO DE LIMA,DEPUTADO ESTADUAL,PP,1,0,0,0,0,0,0,False
2026,RO,220002547333,CIRLEIDE DOS SANTOS SILVA OLIVEIRA,DEPUTADO ESTADUAL,SOLIDARIEDADE,2,0,0,0,0,0,0,False
2026,RO,220002547336,ROZANGELA HENRIQUE PEREIRA DONADON,DEPUTADO ESTADUAL,PRD,1,1,0,0,0,0,0,False
2026,RO,220002547337,MARIVONE VIEIRA LIMA DE SOUZA,DEPUTADO ESTADUAL,PRD,2,0,0,0,0,0,0,False
2026,RO,220002547347,GISLAINE CLEMENTE,DEPUTADO ESTADUAL,PRD,2,2,0,0,0,0,0,False
2026,RO,220002547351,VERA LUCIA PAIXÃO,DEPUTADO FEDERAL,REPUBLICANOS,1,0,0,0,0,0,0,False
2026,RO,220002547362,FERNANDO CELESTINO DA SILVA,DEPUTADO ESTADUAL,REPUBLICANOS,1,0,0,0,0,0,0,False
2026,RO,220002547370,MILTON MARTINS,DEPUTADO ESTADUAL,REPUBLICANOS,1,1,0,1,1,0,0,True
2026,RO,220002547372,ALEX MENDONÇA ALVES,DEPUTADO ESTADUAL,REPUBLICANOS,1,0,0,0,0,0,0,False
2026,RO,220002547375,VAGNER MIRANDA DA SILVA,DEPUTADO ESTADUAL,REPUBLICANOS,1,1,0,0,0,0,0,False
2026,RO,220002547383,JEFFERSON RIBEIRO DA ROCHA,DEPUTADO FEDERAL,PRD,1,0,0,0,0,0,0,False
2026,RO,220002547386,MARCIA LUIZA SCHEFFER DE OLIVEIRA,DEPUTADO FEDERAL,PRD,1,1,0,1,1,0,0,True
2026,RO,220002550687,LOIDE ALVES,DEPUTADO FEDERAL,DC,2,1,0,0,0,0,0,False
2026,RO,220002550688,OSMAR MUNIS DOS SANTOS,DEPUTADO FEDERAL,DC,4,1,0,0,0,0,0,False
2026,RO,220002550689,PAULO JORGE SULZBACHER,DEPUTADO FEDERAL,DC,2,1,0,0,0,0,0,False
2026,RO,220002550690,MAGNOLIA SANTOS DE OLIVEIRA,DEPUTADO FEDERAL,DC,2,0,0,0,0,0,0,False
2026,RO,220002550691,EMERSON MAIA LOBO,DEPUTADO FEDERAL,DC,2,1,0,0,0,0,0,False
2026,RO,220002550693,ROGÉRIO GONÇALVES,DEPUTADO FEDERAL,DC,2,0,0,0,0,0,0,False
2026,RO,220002550885,JORGE BEZERRA MORAIS,DEPUTADO ESTADUAL,MOBILIZA,1,1,0,0,0,0,0,False
2026,RO,220002550888,VICENZO ZORTEA,DEPUTADO ESTADUAL,MOBILIZA,1,0,0,0,0,0,0,False
2026,RO,220002550893,VALCIR SILAS BORGES,DEPUTADO ESTADUAL,MOBILIZA,1,1,0,0,0,0,0,False
2026,RO,220002550894,JOSÉ RIBAMAR DE ARAUJO,DEPUTADO ESTADUAL,MOBILIZA,1,0,0,0,0,0,0,False
2026,RO,220002550897,JISLANI MATIAS DOS SANTOS,DEPUTADO ESTADUAL,MOBILIZA,1,1,0,1,1,0,0,True
2026,RO,220002550898,ELIANE PEREIRA DE SOUZA,DEPUTADO ESTADUAL,MOBILIZA,1,0,0,0,0,0,0,False
2026,RO,220002550921,FRANCISLEI DE SOUZA,DEPUTADO ESTADUAL,MOBILIZA,1,0,0,0,0,0,0,False
2026,RO,220002550924,TAINARA MENEZES DE SOUZA,DEPUTADO ESTADUAL,MOBILIZA,1,0,0,0,0,0,0,False
2026,RO,220002551252,MAURO PEREIRA DOS SANTOS,VICE-GOVERNADOR,MDB,1,1,0,0,0,0,0,False
2026,RO,220002551944,LAZARO ELIAS PEREIRA,2º SUPLENTE,PV,1,0,0,0,0,0,0,False
2026,RO,220002553277,JOÃO DOS SANTOS DA SILVA,DEPUTADO FEDERAL,PSOL,3,1,0,0,0,0,0,False
2026,RO,220002553278,CARLOS MAGNO SENA DIAS,DEPUTADO FEDERAL,PSOL,2,0,0,0,0,0,0,False
2026,RO,220002553279,DAMIANA OLIVEIRA DA SILVA,DEPUTADO FEDERAL,PSOL,2,0,0,0,0,0,0,False
2026,RO,220002553280,LILIANE DA CRUZ RODRIGUES,DEPUTADO FEDERAL,PSOL,2,2,0,0,0,0,0,False
2026,RO,220002553281,FABIO JUNIOR PINHEIRO REIS,DEPUTADO FEDERAL,PSOL,2,0,0,0,0,0,0,False
2026,RO,220002553282,JACKELINE ROCHA SALES,DEPUTADO FEDERAL,PSOL,4,2,0,0,0,0,0,False
2026,RO,220002553283,JOSUE SHOCKNESS,DEPUTADO FEDERAL,PSOL,1,1,0,1,13,0,0,True
2026,RO,220002553287,DAVID FRANCISCO DE OLIVEIRA,DEPUTADO ESTADUAL,PSOL,4,0,0,0,0,0,0,False
2026,RO,220002553288,OTACILIO DA SILVA MAIA,DEPUTADO ESTADUAL,PSOL,2,0,0,0,0,0,0,False
2026,RO,220002553291,ALEXIA RANANDA BRITO DE OLIVEIRA,DEPUTADO ESTADUAL,PSOL,2,2,0,0,0,0,0,False
2026,RO,220002553877,FÁBIO FRANÇA DOS SANTOS,DEPUTADO ESTADUAL,UNIÃO,4,0,0,0,0,0,0,False
2026,RO,220002554003,NÉLIO ALZENIR AFONSO ALENCAR,DEPUTADO ESTADUAL,MDB,2,1,0,0,0,0,0,False
2026,RO,220002554101,GLÁUCIA LOPES NEGREIROS,DEPUTADO ESTADUAL,PODE,1,1,0,0,0,0,0,False
2026,RO,220002554102,FRANCISCA FEITOSA DA SILVA,DEPUTADO FEDERAL,DC,1,0,0,0,0,0,0,False
2026,RR,230002533359,ÂNGELA MARIA MACHADO VIDAL,DEPUTADO ESTADUAL,PL,1,0,0,0,0,0,0,False
2026,RR,230002533376,RARISON FRANCISCO RODRIGUES BARBOSA,DEPUTADO ESTADUAL,PL,1,0,0,0,0,0,0,False
2026,RR,230002533592,PAULO CESAR JUSTO QUARTIERO,DEPUTADO FEDERAL,DC,1,1,0,1,1,0,0,True
2026,RR,230002538056,ERONDINA DA SILVA FRANÇA,DEPUTADO ESTADUAL,AGIR,2,1,0,0,0,0,0,False
2026,RR,230002538166,CELIO RODRIGUES WANDERLEY JUNIOR,DEPUTADO ESTADUAL,PODE,1,0,0,0,0,0,0,False
2026,RR,230002538174,PAULO CARPEJANE ALVES FERREIRA,DEPUTADO ESTADUAL,PODE,1,0,0,0,0,0,0,False
2026,RR,230002538180,FRANCISCO EVANGELISTA DOS SANTOS DE ARAUJO,DEPUTADO FEDERAL,PODE,1,0,0,0,0,0,0,False
2026,RR,230002548834,JOSE CARLOS ALVISE,DEPUTADO ESTADUAL,PSDB,1,1,0,0,0,0,0,False
2026,RR,230002548838,MARIA BETANIA ALMEIDA SILVA,DEPUTADO ESTADUAL,PSDB,1,1,0,1,3,0,0,True
2026,RR,230002548847,JALSER RENIER PADILHA,DEPUTADO ESTADUAL,PSDB,1,1,0,1,2,0,0,True
2026,RR,230002548850,LETICIA SILVA COELHO,DEPUTADO ESTADUAL,PSDB,1,1,0,0,0,0,0,False
2026,RR,230002549306,PABLO SERGIO SOUZA BEZERRA,DEPUTADO ESTADUAL,PT,1,0,0,0,0,0,0,False
2026,RR,230002549307,IVANILDO BRAGA DELMOND,DEPUTADO ESTADUAL,PT,1,0,0,0,0,0,0,False
2026,RR,230002549310,YNGRID NARRARA DA SILVA BARBOSA,DEPUTADO ESTADUAL,PT,1,0,0,0,0,0,0,False
2026,RR,230002549325,LEONARDO PEREIRA DA SILVA,DEPUTADO ESTADUAL,PT,1,0,0,0,0,0,0,False
2026,RR,230002549337,MARIA DE NAZARÉ SODRÉ RAMALHO,DEPUTADO ESTADUAL,UNIÃO,1,0,0,0,0,0,0,False
2026,RR,230002549826,ANTONIA PEDROSA VIEIRA,DEPUTADO FEDERAL,PT,2,0,0,0,0,0,0,False
2026,RR,230002549831,RUDSON LEITE DA SILVA,DEPUTADO FEDERAL,PV,1,1,0,0,0,0,0,False
2026,RR,230002549841,CECILIA SMITH LORENZON BASSO,DEPUTADO FEDERAL,PSDB,1,1,0,1,1,0,0,True
2026,RR,230002552744,FABIOLA DOS SANTOS LIMA,DEPUTADO ESTADUAL,MDB,1,0,0,0,0,0,0,False
2026,RR,230002553635,EDINALDO DE SOUSA BARREIRA,2º SUPLENTE,PSDB,1,0,0,0,0,0,0,False
2026,RS,210002532989,TIAGO JOSÉ ALBRECHT,DEPUTADO FEDERAL,NOVO,1,0,0,0,0,0,0,False
2026,RS,210002532994,ROVANI PERES DE ATHAYDE,DEPUTADO FEDERAL,NOVO,2,0,0,0,0,0,0,False
2026,RS,210002532995,SANDRA BONETTO,DEPUTADO FEDERAL,NOVO,2,0,0,0,0,0,0,False
2026,RS,210002532997,DOUGLAS WINTER CIECHOWIEZ,DEPUTADO FEDERAL,NOVO,2,0,0,0,0,0,0,False
2026,RS,210002533001,LEANDRO HENDGES LOPES,DEPUTADO FEDERAL,NOVO,1,0,0,0,0,0,0,False
2026,RS,210002533003,MARCO ANTONIO MOURA DOS SANTOS,DEPUTADO FEDERAL,NOVO,1,0,0,0,0,0,0,False
2026,RS,210002533013,FABIANA BORBA HILARIO,DEPUTADO FEDERAL,NOVO,1,0,0,0,0,0,0,False
2026,RS,210002533036,MARCOS ALEXANDRE KAYSER,DEPUTADO ESTADUAL,NOVO,1,0,0,0,0,0,0,False
2026,RS,210002533043,DANIELA SILVA DE AVILA,DEPUTADO ESTADUAL,NOVO,1,0,0,0,0,0,0,False
2026,RS,210002533044,ELICEZIO BRUM DE ALMEIDA,DEPUTADO ESTADUAL,NOVO,1,0,0,0,0,0,0,False
2026,RS,210002533056,RAMIRO STALLBAUM ROSÁRIO,DEPUTADO ESTADUAL,NOVO,2,0,0,0,0,0,0,False
2026,RS,210002533061,MATHEUS SCHILLING NUNES,DEPUTADO ESTADUAL,NOVO,3,0,0,0,0,0,0,False
2026,RS,210002533062,IGOR DAL BO,DEPUTADO ESTADUAL,NOVO,2,2,0,2,5,0,0,True
2026,RS,210002533073,ANETTE SCHIEMANN PEGAS,DEPUTADO ESTADUAL,NOVO,1,0,0,0,0,0,0,False
2026,RS,210002533581,MANUELA PINTO VIEIRA D ÁVILA,SENADOR,PSOL,3,0,0,0,0,0,0,False
2026,RS,210002533901,PATRICIA DE OLIVEIRA REX,DEPUTADO FEDERAL,PSOL,1,0,0,0,0,0,0,False
2026,RS,210002533903,DAIANE DOS SANTOS MARTINS,DEPUTADO FEDERAL,REDE,1,0,0,0,0,0,0,False
2026,RS,210002533906,EDERSON SOLANO ALVES,DEPUTADO FEDERAL,PSOL,4,0,0,0,0,0,0,False
2026,RS,210002533907,JÚLIO ALBERTO BRAGA LOPES DE MOURA,DEPUTADO FEDERAL,REDE,1,0,0,0,0,0,0,False
2026,RS,210002533911,EDERSON DE OLIVEIRA RODRIGUES,DEPUTADO FEDERAL,PSOL,1,0,0,0,0,0,0,False
2026,RS,210002533912,JURANDIR BUCHWEITZ E SILVA,DEPUTADO FEDERAL,PSOL,1,0,0,0,0,0,0,False
2026,RS,210002533914,TIAGO DOMINGUEZ PACHECO,DEPUTADO FEDERAL,PSOL,1,0,0,0,0,0,0,False
2026,RS,210002533915,CRISTIANE MACHADO MARQUES,DEPUTADO FEDERAL,PSOL,2,0,0,0,0,0,0,False
2026,RS,210002533916,TAMIRES PAVEGLIO,DEPUTADO FEDERAL,PSOL,1,0,0,0,0,0,0,False
2026,RS,210002533919,CARLOS ROBERTO DE SOUZA ROBAINA,DEPUTADO FEDERAL,PSOL,1,0,0,0,0,0,0,False
2026,RS,210002533921,ALISSON DA SILVA OLIVEIRA,DEPUTADO FEDERAL,PSOL,2,1,0,0,0,0,0,False
2026,RS,210002533924,GUILHERME STURMER LOVATTO,DEPUTADO ESTADUAL,PSOL,1,0,0,0,0,0,0,False
2026,RS,210002533927,CLAUDIA ORESTES BRUM,DEPUTADO ESTADUAL,REDE,1,0,0,0,0,0,0,False
2026,RS,210002533928,JULIANA SELLE VINSKOSKI,DEPUTADO ESTADUAL,PSOL,1,0,0,0,0,0,0,False
2026,RS,210002533932,ROGERIO CHIMANSKI DA FONTOURA,DEPUTADO ESTADUAL,REDE,3,0,0,0,0,0,0,False
2026,RS,210002533937,DANIELLE DOS SANTOS KROEFF,DEPUTADO ESTADUAL,PSOL,1,0,0,0,0,0,0,False
2026,RS,210002533941,FABIANO BENITES,DEPUTADO ESTADUAL,PSOL,1,0,0,0,0,0,0,False
2026,RS,210002534005,JOACIR PICOLOTTO,DEPUTADO ESTADUAL,PT,2,0,0,0,0,0,0,False
2026,RS,210002534011,MÔNICA JULIANA FACIO,DEPUTADO ESTADUAL,PT,2,0,0,0,0,0,0,False
2026,RS,210002534012,MIGUEL SOLDATELLI ROSSETTO,DEPUTADO ESTADUAL,PT,2,0,0,0,0,0,0,False
2026,RS,210002534016,NILVO RIBOLDI FILHO,DEPUTADO ESTADUAL,PCDOB,2,0,0,0,0,0,0,False
2026,RS,210002534017,JOSE SIDNEY NUNES DE ALMEIDA,DEPUTADO ESTADUAL,PT,13,5,0,1,1,0,0,True
2026,RS,210002534019,GILBERTO JOSÉ SPIER VARGAS,DEPUTADO ESTADUAL,PT,2,0,0,0,0,0,0,False
2026,RS,210002534021,TADEU MARQUES RODRIGUES,DEPUTADO ESTADUAL,PT,3,0,0,0,0,0,0,False
2026,RS,210002534022,EVERALDO DE OLIVEIRA,DEPUTADO ESTADUAL,PV,3,0,0,0,0,0,0,False
2026,RS,210002534025,BILINA AMARAL PERES,DEPUTADO ESTADUAL,PCDOB,2,0,0,0,0,0,0,False
2026,RS,210002534027,CLAUDIA AZEVEDO DE OLIVEIRA,DEPUTADO ESTADUAL,PV,4,0,0,0,0,0,0,False
2026,RS,210002534028,PAULO VANDERLEI FAGUAGA SIQUEIRA,DEPUTADO ESTADUAL,PT,3,1,0,0,0,0,0,False
2026,RS,210002534030,HUMBERTO MATOS DE OLIVEIRA,DEPUTADO ESTADUAL,PCDOB,1,0,0,0,0,0,0,False
2026,RS,210002534035,EVA VALERIA LORENZATO,DEPUTADO ESTADUAL,PT,1,0,0,0,0,0,0,False
2026,RS,210002534036,ADÃO PRETTO FILHO,DEPUTADO ESTADUAL,PT,2,0,0,0,0,0,0,False
2026,RS,210002534039,STELA BEATRIZ FARIAS LOPES,DEPUTADO ESTADUAL,PT,8,4,0,4,7,6,0,True
2026,RS,210002534044,DARIU FRANCISCO ALVES GARCIA,DEPUTADO ESTADUAL,PT,1,0,0,0,0,0,0,False
2026,RS,210002534046,LEONARDO DA COSTA SILVA,DEPUTADO ESTADUAL,PT,4,0,0,0,0,0,0,False
2026,RS,210002534270,RONY DE ASSIS GABRIEL,DEPUTADO FEDERAL,PODE,2,0,0,0,0,0,0,False
2026,RS,210002534271,ROBSON CAMARGO LIMA E SILVA,DEPUTADO FEDERAL,PODE,2,1,0,0,0,0,0,False
2026,RS,210002534272,MAURICIO ALEXANDRE DZIEDRICKI,DEPUTADO FEDERAL,PODE,4,1,0,0,0,0,0,False
2026,RS,210002534274,SINARA KUHN,DEPUTADO FEDERAL,PODE,4,0,0,0,0,0,0,False
2026,RS,210002534275,JOCASTA HELENA TAGUCHI,DEPUTADO FEDERAL,PODE,2,0,0,0,0,0,0,False
2026,RS,210002534276,FERNANDA JULIANA DA CUNHA BECKER,DEPUTADO FEDERAL,PODE,2,1,0,0,0,0,0,False
2026,RS,210002534277,SERGIO PEDRO ZAMBIASI,DEPUTADO FEDERAL,PODE,2,1,0,0,0,0,0,False
2026,RS,210002534278,SILVIA HELENA LUZ DE ABREU,DEPUTADO FEDERAL,PODE,6,1,0,0,0,0,0,False
2026,RS,210002534279,LUIS AUGUSTO BRINGMANN,DEPUTADO FEDERAL,PODE,2,0,0,0,0,0,0,False
2026,RS,210002534280,MATHEUS JUNGES GOMES,DEPUTADO FEDERAL,PODE,1,0,0,0,0,0,0,False
2026,RS,210002534281,CARMEM SOLANGE KIRSCH DA SILVA,DEPUTADO FEDERAL,PODE,4,2,0,0,0,0,0,False
2026,RS,210002534283,IRIEL DALLACORT SACHET,DEPUTADO FEDERAL,PODE,2,1,0,0,0,0,0,False
2026,RS,210002534284,CAUE FUHRO SOUTO MARTINS,DEPUTADO FEDERAL,PODE,2,0,0,0,0,0,0,False
2026,RS,210002534286,VERA DE MOURA FREIRE,DEPUTADO FEDERAL,PODE,2,0,0,0,0,0,0,False
2026,RS,210002534287,RENAN MACHADO DE LIMA,DEPUTADO FEDERAL,PODE,2,0,0,0,0,0,0,False
2026,RS,210002534288,LUCIANE ELISA DA SILVA BENTO,DEPUTADO FEDERAL,PODE,2,0,0,0,0,0,0,False
2026,RS,210002534290,LUBION DUGARE RAGGENBASS MORAES,DEPUTADO FEDERAL,PODE,4,1,0,0,0,0,0,False
2026,RS,210002534291,ANTONIO ELEMAR DE OLIVEIRA,DEPUTADO FEDERAL,PODE,4,0,0,0,0,0,0,False
2026,RS,210002534293,MAICO PRIMAZ VOLZ,DEPUTADO FEDERAL,PODE,5,0,0,0,0,0,0,False
2026,RS,210002534295,REGINA DUTRA OLIVEIRA CAETANO,DEPUTADO FEDERAL,PODE,2,0,0,0,0,0,0,False
2026,RS,210002534298,FELIPE VIANNA DUARTE,DEPUTADO FEDERAL,PODE,2,0,0,0,0,0,0,False
2026,RS,210002534300,VINICIUS DOS SANTOS CONEJO,DEPUTADO FEDERAL,PODE,2,0,0,0,0,0,0,False
2026,RS,210002534301,JOEL TRONI DE OLIVEIRA,DEPUTADO FEDERAL,PODE,2,0,0,0,0,0,0,False
2026,RS,210002534303,APARECIDO MACEDO,DEPUTADO ESTADUAL,PODE,3,1,0,0,0,0,0,False
2026,RS,210002534304,IVANETE RODRIGUES DA ROCHA,DEPUTADO ESTADUAL,PODE,3,0,0,0,0,0,0,False
2026,RS,210002534305,DEISI SILVEIRA REINALDO,DEPUTADO ESTADUAL,PODE,4,2,0,0,0,0,0,False
2026,RS,210002534306,PAULO ROBERTO DA SILVA,DEPUTADO ESTADUAL,PODE,7,1,0,0,0,0,0,False
2026,RS,210002534308,ADRIANO GUERRA STRACK,DEPUTADO ESTADUAL,PODE,3,0,0,0,0,0,0,False
2026,RS,210002534309,IVALDO JOSÉ FRIGHETTO,DEPUTADO ESTADUAL,PODE,4,0,0,0,0,0,0,False
2026,RS,210002534310,ELANICE LAMBERTES MULLER,DEPUTADO ESTADUAL,PODE,2,0,0,0,0,0,0,False
2026,RS,210002534311,ADEMAR SARZI SARTORI,DEPUTADO ESTADUAL,PODE,3,1,0,0,0,0,0,False
2026,RS,210002534312,ENIO CARLOS TERRA,DEPUTADO ESTADUAL,PODE,2,0,0,0,0,0,0,False
2026,RS,210002534313,RONALDO SANTINI,DEPUTADO ESTADUAL,PODE,2,1,0,0,0,0,0,False
2026,RS,210002534315,TALIS ROMEU POHREN FERREIRA,DEPUTADO ESTADUAL,PODE,2,2,0,0,0,0,0,False
2026,RS,210002534316,MARIA IVETE DE GODOY GRADE,DEPUTADO ESTADUAL,PODE,4,4,0,4,2,0,0,True
2026,RS,210002534317,FERNANDA AMANDA BOHN,DEPUTADO ESTADUAL,PODE,3,0,0,0,0,0,0,False
2026,RS,210002534318,UILSON MOREIRA DROPPA,DEPUTADO ESTADUAL,PODE,2,1,0,0,0,0,0,False
2026,RS,210002534319,IGOR PERES DUMMER,DEPUTADO ESTADUAL,PODE,4,0,0,0,0,0,0,False
2026,RS,210002534321,NELSON LUIS LOPES KHALIL,DEPUTADO ESTADUAL,PODE,2,0,0,0,0,0,0,False
2026,RS,210002534322,MATHEUS SPERRY PEREIRA,DEPUTADO ESTADUAL,PODE,5,0,0,0,0,0,0,False
2026,RS,210002534323,ALEXSANDER DA CUNHA BARBOZA,DEPUTADO ESTADUAL,PODE,5,1,0,0,0,0,0,False
2026,RS,210002534326,ALEXIS OLEKSIUK EFREMIDES,DEPUTADO ESTADUAL,PODE,3,1,0,0,0,0,0,False
2026,RS,210002534329,JULIANO GONÇALVES CARDOZO,DEPUTADO ESTADUAL,PODE,4,0,0,0,0,0,0,False
2026,RS,210002534330,DANIELA MACHADO DOS SANTOS,DEPUTADO ESTADUAL,PODE,3,1,0,0,0,0,0,False
2026,RS,210002534333,MAICON SULIVAN DUARTE GOMES,DEPUTADO ESTADUAL,PODE,2,1,0,0,0,0,0,False
2026,RS,210002534334,BRUNA JEANINE MOLZ NOAL,DEPUTADO ESTADUAL,PODE,1,0,0,0,0,0,0,False
2026,RS,210002534335,LUIZ ANTONIO DOMINGUES,DEPUTADO ESTADUAL,PODE,3,0,0,0,0,0,0,False
2026,RS,210002534336,GABRIEL DIAS DA SILVA,DEPUTADO ESTADUAL,PODE,3,1,0,0,0,0,0,False
2026,RS,210002534337,ULBERTO NAVARRO PEREIRA,DEPUTADO ESTADUAL,PODE,2,0,0,0,0,0,0,False
2026,RS,210002534338,JULIE MARIA MILANO,DEPUTADO ESTADUAL,PODE,2,0,0,0,0,0,0,False
2026,RS,210002534339,MONICA FERREIRA DAS CHAGAS,DEPUTADO ESTADUAL,PODE,1,0,0,0,0,0,0,False
2026,RS,210002534340,SARAI CONSUL DA ROSA,DEPUTADO ESTADUAL,PODE,2,0,0,0,0,0,0,False
2026,RS,210002534341,PAULO SÉRGIO SILVA PEREIRA,DEPUTADO ESTADUAL,PODE,3,0,0,0,0,0,0,False
2026,RS,210002534342,JOCIELE PAULA CAGOL,DEPUTADO ESTADUAL,PODE,6,1,0,0,0,0,0,False
2026,RS,210002534344,SILVIO ROBERTO STREIT,DEPUTADO ESTADUAL,PODE,2,0,0,0,0,0,0,False
2026,RS,210002534345,SALOMÃO MORAES,DEPUTADO ESTADUAL,PODE,3,0,0,0,0,0,0,False
2026,RS,210002534346,ADRIANA FERNANDES DA SILVA,DEPUTADO ESTADUAL,PODE,4,0,0,0,0,0,0,False
2026,RS,210002534347,PAULO REMI SILVEIRA MARTINS,DEPUTADO ESTADUAL,PODE,2,0,0,0,0,0,0,False
2026,RS,210002534583,DENISE DA SILVA PESSÔA,DEPUTADO FEDERAL,PT,1,0,0,0,0,0,0,False
2026,RS,210002534585,ANTONIO CARLOS SILVEIRA DOS SANTOS,DEPUTADO FEDERAL,PCDOB,2,0,0,0,0,0,0,False
2026,RS,210002534589,REGINETE SOUZA BISPO,DEPUTADO FEDERAL,PT,2,0,0,0,0,0,0,False
2026,RS,210002534591,MIRIAM PAZ GARCEZ MARRONI,DEPUTADO FEDERAL,PT,3,0,0,0,0,0,0,False
2026,RS,210002534595,THAIS MARIA FERREIRA SAMPAIO,DEPUTADO FEDERAL,PT,4,0,0,0,0,0,0,False
2026,RS,210002534597,ALEXANDRE DUARTE LINDENMEYER,DEPUTADO FEDERAL,PT,2,0,0,0,0,0,0,False
2026,RS,210002534598,DIONILSO MATEUS MARCON,DEPUTADO FEDERAL,PT,1,0,0,0,0,0,0,False
2026,RS,210002534600,CRISTIANO FERREIRA MORAES,DEPUTADO FEDERAL,PV,2,0,0,0,0,0,0,False
2026,RS,210002534603,EDISON MARTINS DOS SANTOS,DEPUTADO FEDERAL,PV,2,2,0,0,0,0,0,False
2026,RS,210002534604,MARIA DO ROSARIO NUNES,DEPUTADO FEDERAL,PT,2,0,0,0,0,0,0,False
2026,RS,210002534605,ARY JOSE VANAZZI,DEPUTADO FEDERAL,PT,5,4,0,3,3,0,0,True
2026,RS,210002534650,GUILHERME BENEDETTO TODESCHINI,DEPUTADO FEDERAL,PL,1,0,0,0,0,0,0,False
2026,RS,210002534652,VALDECI JOSÉ MARTINS ROCHA,DEPUTADO FEDERAL,PL,1,0,0,0,0,0,0,False
2026,RS,210002534663,JANICE QUINZEN WILLRICH,DEPUTADO FEDERAL,PL,2,0,0,0,0,0,0,False
2026,RS,210002534666,ALEXANDRE WAGNER DA SILVA BOBADRA,DEPUTADO FEDERAL,PL,1,1,0,0,0,0,0,False
2026,RS,210002534667,MARCELO USTRA DA SILVA SOARES,DEPUTADO FEDERAL,PL,1,0,0,0,0,0,0,False
2026,RS,210002534672,ADRIANE FONSECA GONÇALVES,DEPUTADO FEDERAL,PL,1,0,0,0,0,0,0,False
2026,RS,210002534673,RUBEM DE CASTRO,DEPUTADO FEDERAL,PL,1,0,0,0,0,0,0,False
2026,RS,210002534895,LUIS AMARO PRESTES DE OLIVEIRA,DEPUTADO FEDERAL,PL,1,0,0,0,0,0,0,False
2026,RS,210002534897,GIOVANI CHERINI,DEPUTADO FEDERAL,PL,1,1,0,0,0,0,0,False
2026,RS,210002535666,LUCAS DE FREITAS PEREIRA,DEPUTADO ESTADUAL,PL,1,1,0,1,1,0,0,True
2026,RS,210002535671,CLAUDIO MAXIMILIANO BRANCHIERI,DEPUTADO ESTADUAL,PL,1,0,0,0,0,0,0,False
2026,RS,210002535674,EVANDRO RODRIGO CORUJA CARDOSO,DEPUTADO ESTADUAL,PL,2,0,0,0,0,0,0,False
2026,RS,210002535678,RODRIGO CASSOL LIMA,DEPUTADO ESTADUAL,PL,1,0,0,0,0,0,0,False
2026,RS,210002535687,KLAUS HANISCH SCHUCH,DEPUTADO ESTADUAL,PL,1,0,0,0,0,0,0,False
2026,RS,210002535695,JONAS RODRIGUES SILVA,DEPUTADO ESTADUAL,PL,2,1,0,0,0,0,0,False
2026,RS,210002535696,ZIANIA MARIA BOLZAN,DEPUTADO ESTADUAL,PL,2,0,0,0,0,0,0,False
2026,RS,210002535700,ROBERTA PEREIRA LEITÃO,DEPUTADO ESTADUAL,PL,1,0,0,0,0,0,0,False
2026,RS,210002535702,RUBENS GOMES DE OLIVEIRA,DEPUTADO ESTADUAL,PL,2,0,0,0,0,0,0,False
2026,RS,210002535703,VANICE HELENA ANDRADE DE MATOS,DEPUTADO ESTADUAL,PL,1,1,0,0,0,0,0,False
2026,RS,210002535711,JONATAN ALBERTO PIRES DE ARRUDA,DEPUTADO ESTADUAL,PL,3,1,0,0,0,0,0,False
2026,RS,210002535802,MARCELO MARANATA SOARES REINALDO,GOVERNADOR,PSDB,1,0,0,0,0,0,0,False
2026,RS,210002535803,CLAUDIO CASTANHEIRA DIAZ,VICE-GOVERNADOR,PSDB,1,0,0,0,0,0,0,False
2026,RS,210002535907,RAFAEL DE CASTRO SANTOS,DEPUTADO FEDERAL,PSB,1,0,0,0,0,0,0,False
2026,RS,210002535911,VIVIANE DE MELLO,DEPUTADO FEDERAL,PSB,2,0,0,0,0,0,0,False
2026,RS,210002535913,LILIAN SOUZA BITENCOURT,DEPUTADO FEDERAL,PSB,3,0,0,0,0,0,0,False
2026,RS,210002535915,FRED LUIZ TAVARES NUNES,DEPUTADO FEDERAL,PSB,4,0,0,0,0,0,0,False
2026,RS,210002535916,BRUNO CARDOZO TRESBACH,DEPUTADO FEDERAL,PSB,1,0,0,0,0,0,0,False
2026,RS,210002535918,LUIZ ROBERTO DE ALBUQUERQUE,DEPUTADO FEDERAL,PSB,6,1,0,0,0,0,0,False
2026,RS,210002535919,PAULA VIEIRA CARDOSO,DEPUTADO FEDERAL,PSB,2,0,0,0,0,0,0,False
2026,RS,210002535922,EDSON DE ALMEIDA BORBA,DEPUTADO FEDERAL,PSB,2,0,0,0,0,0,0,False
2026,RS,210002535926,VANDERSON CARDONA LEITES,DEPUTADO FEDERAL,PSB,2,0,0,0,0,0,0,False
2026,RS,210002535928,PAULO AFONSO BREGOLIN DE AZEVEDO,DEPUTADO FEDERAL,PSB,3,0,0,0,0,0,0,False
2026,RS,210002536919,FELIPE ALVES FALLER,DEPUTADO FEDERAL,REPUBLICANOS,1,1,0,1,0,1,0,True
2026,RS,210002536920,JURANDIR MARQUES MACIEL,DEPUTADO FEDERAL,REPUBLICANOS,2,0,0,0,0,0,0,False
2026,RS,210002536926,UBIRAJARA PEREIRA RAMOS,DEPUTADO FEDERAL,REPUBLICANOS,1,0,0,0,0,0,0,False
2026,RS,210002536938,NILTON MENDES MACHADO,DEPUTADO FEDERAL,REPUBLICANOS,1,0,0,0,0,0,0,False
2026,RS,210002536940,FAISAL MOTHCI KARAM,DEPUTADO FEDERAL,REPUBLICANOS,1,0,0,0,0,0,0,False
2026,RS,210002536942,SIMONE MARIA DUTRA,DEPUTADO FEDERAL,REPUBLICANOS,1,0,0,0,0,0,0,False
2026,RS,210002537042,CLAUDIA SOUZA AURICH,DEPUTADO FEDERAL,PDT,2,0,0,0,0,0,0,False
2026,RS,210002537045,MARCOS ANTONIO LANDO,DEPUTADO FEDERAL,PDT,1,0,0,0,0,0,0,False
2026,RS,210002537051,LIDIOMAR ISMAEL DA SILVA,DEPUTADO FEDERAL,PDT,1,0,0,0,0,0,0,False
2026,RS,210002537052,ANTONIO CARLOS BRIZOLA MACIEL SANTOS,DEPUTADO FEDERAL,PDT,1,0,0,0,0,0,0,False
2026,RS,210002537060,MARCIO FERREIRA BINS ELY,DEPUTADO FEDERAL,PDT,2,1,0,1,2,0,0,True
2026,RS,210002537062,LUCIANA APARECIDA OLIVEIRA DA SILVA TAVARES,DEPUTADO FEDERAL,PDT,2,2,0,0,0,0,0,False
2026,RS,210002537065,JACQUES GONÇALVES BARBOSA,DEPUTADO FEDERAL,PDT,1,0,0,0,0,0,0,False
2026,RS,210002537066,DARCI POMPEO DE MATTOS,DEPUTADO FEDERAL,PDT,2,2,0,0,0,0,0,False
2026,RS,210002537525,LEONILDA KRAUSE,DEPUTADO ESTADUAL,PSB,1,0,0,0,0,0,0,False
2026,RS,210002537526,ANDRESSA CRISTIANE PEREIRA JOCHEM,DEPUTADO ESTADUAL,PSB,4,0,0,0,0,0,0,False
2026,RS,210002537527,JAQUELINE PEREIRA SILVEIRA CIBELLI DE CASTRO,DEPUTADO ESTADUAL,PSB,4,1,0,0,0,0,0,False
2026,RS,210002537528,WAGNER PETRINI,DEPUTADO ESTADUAL,PSB,3,0,0,0,0,0,0,False
2026,RS,210002537529,GERALDO BATISTA DA SILVEIRA,DEPUTADO ESTADUAL,PSB,3,0,0,0,0,0,0,False
2026,RS,210002537530,ANDRE CASSIO DA SILVA OLIVEIRA,DEPUTADO ESTADUAL,PSB,4,0,0,0,0,0,0,False
2026,RS,210002537531,LADISLE CAMARGO TEIXEIRA,DEPUTADO ESTADUAL,PSB,2,0,0,0,0,0,0,False
2026,RS,210002537532,ADILSON KUHN,DEPUTADO ESTADUAL,PSB,2,0,0,0,0,0,0,False
2026,RS,210002537533,VINICIUS KLEIN BONDAN,DEPUTADO ESTADUAL,PSB,1,0,0,0,0,0,0,False
2026,RS,210002537534,CESAR BRIZOLARA,DEPUTADO ESTADUAL,PSB,2,1,0,0,0,0,0,False
2026,RS,210002537535,VANDA LENARA SOUZA MACHADO,DEPUTADO ESTADUAL,PSB,5,0,0,0,0,0,0,False
2026,RS,210002537536,RENAN DA SILVA,DEPUTADO ESTADUAL,PSB,4,1,0,0,0,0,0,False
2026,RS,210002537537,BRUNA LIEGE DA SILVA RODRIGUES,DEPUTADO ESTADUAL,PSB,4,0,0,0,0,0,0,False
2026,RS,210002537538,PAULO DE TARSO GASPAR PINHEIRO MACHADO,DEPUTADO ESTADUAL,PSB,1,0,0,0,0,0,0,False
2026,RS,210002537540,MARISA DA SILVA SANTOS,DEPUTADO ESTADUAL,PSB,4,1,0,0,0,0,0,False
2026,RS,210002537541,JANE LONGARAY BITENCOURT,DEPUTADO ESTADUAL,PSB,4,0,0,0,0,0,0,False
2026,RS,210002537543,JESLEI SALINES DE SOUZA,DEPUTADO ESTADUAL,PSB,2,0,0,0,0,0,0,False
2026,RS,210002537544,JONATAS RIBEIRO FAGUNDES,DEPUTADO ESTADUAL,PSB,2,0,0,0,0,0,0,False
2026,RS,210002537546,RAQUEL ALVES DOS SANTOS,DEPUTADO ESTADUAL,PSB,1,0,0,0,0,0,0,False
2026,RS,210002537547,JANINE BORGES SOARES,DEPUTADO ESTADUAL,PSB,2,0,0,0,0,0,0,False
2026,RS,210002537548,VALDECIR JOSÉ ZONIN,DEPUTADO ESTADUAL,PSB,2,0,0,0,0,0,0,False
2026,RS,210002537646,SANDRO ROBERTO FRANCISCATTO,DEPUTADO ESTADUAL,PP,1,0,0,0,0,0,0,False
2026,RS,210002537647,SILVIO JAIR GARCIA,DEPUTADO ESTADUAL,PP,2,0,0,0,0,0,0,False
2026,RS,210002537652,CLAUDIA CAMPOS RIBEIRO,DEPUTADO ESTADUAL,PP,2,0,0,0,0,0,0,False
2026,RS,210002537712,JOSE ALFONSO EBERT HAMM,DEPUTADO FEDERAL,PP,1,1,0,0,0,0,0,False
2026,RS,210002537722,ONYX DORNELLES LORENZONI,DEPUTADO FEDERAL,PP,2,0,0,0,0,0,0,False
2026,RS,210002537878,JOÃO BATISTA MONTEIRO CAMARGO,DEPUTADO ESTADUAL,PP,4,0,0,0,0,0,0,False
2026,RS,210002537879,JULIO CESAR VIERO RUIVO,DEPUTADO ESTADUAL,PP,2,0,0,0,0,0,0,False
2026,RS,210002537883,GUILHERME RECH PASIN,DEPUTADO ESTADUAL,PP,3,2,0,2,2,0,0,True
2026,RS,210002537885,NICOLE GARSKE WEBER COVATTI,DEPUTADO ESTADUAL,PP,2,0,0,0,0,0,0,False
2026,RS,210002537892,CHARLIS DOS SANTOS,DEPUTADO ESTADUAL,UNIÃO,2,0,0,0,0,0,0,False
2026,RS,210002537893,ERIC DOUGLAS DORNELES FEIJO,DEPUTADO ESTADUAL,UNIÃO,1,0,0,0,0,0,0,False
2026,RS,210002537898,FABIANA CRISTINA DE MEDEIROS ROSA,DEPUTADO ESTADUAL,UNIÃO,1,0,0,0,0,0,0,False
2026,RS,210002537902,JAIR ELSO BINOTTO,DEPUTADO ESTADUAL,UNIÃO,4,0,0,0,0,0,0,False
2026,RS,210002537906,JULIO CESAR LAMIM MARTINS DE OLIVEIRA,DEPUTADO ESTADUAL,UNIÃO,2,0,0,0,0,0,0,False
2026,RS,210002538464,CLEITON ELIAS NIESCIUR,2º SUPLENTE,CIDADANIA,3,0,0,0,0,0,0,False
2026,RS,210002538531,LUIZ FABIANO DE SOUZA,DEPUTADO FEDERAL,PSD,2,0,0,0,0,0,0,False
2026,RS,210002538533,PAULO CESAR ALVES DA SILVA,DEPUTADO FEDERAL,PSD,1,1,0,0,0,0,0,False
2026,RS,210002538534,DANILO GOMES MORAES,DEPUTADO FEDERAL,PSD,1,0,0,0,0,0,0,False
2026,RS,210002538537,DANRLEI DE DEUS HINTERHOLZ,DEPUTADO FEDERAL,PSD,2,0,0,0,0,0,0,False
2026,RS,210002538542,CATIA CRISTINA COLOMBO DE BORBA,DEPUTADO FEDERAL,PSD,1,0,0,0,0,0,0,False
2026,RS,210002538543,LUCIANO PALMA DE AZEVEDO,DEPUTADO FEDERAL,PSD,1,0,0,0,0,0,0,False
2026,RS,210002538550,PAULO RICARDO DA SILVA SCHUSTER,DEPUTADO FEDERAL,PSD,1,0,0,0,0,0,0,False
2026,RS,210002538553,NALIGIA RAQUEL ROSA DA ENCARNAÇÃO ALVES,DEPUTADO FEDERAL,PSD,1,0,0,0,0,0,0,False
2026,RS,210002538555,ADILSON TROCA,DEPUTADO FEDERAL,PSD,4,1,0,0,0,0,0,False
2026,RS,210002538557,ADRIANA THOMAS LEAL,DEPUTADO FEDERAL,PSD,1,0,0,0,0,0,0,False
2026,RS,210002538974,ÍCARO FANTINEL MADALENA,DEPUTADO FEDERAL,PSTU,2,0,0,0,0,0,0,False
2026,RS,210002539052,JOSE OSEAS DA COSTA,DEPUTADO ESTADUAL,REPUBLICANOS,2,1,0,0,0,0,0,False
2026,RS,210002539054,ADELMO ANTONIO DE SOUZA,DEPUTADO ESTADUAL,REPUBLICANOS,3,1,0,0,0,0,0,False
2026,RS,210002539059,UBAIARA LANGE CORREA DA SILVA,DEPUTADO ESTADUAL,REPUBLICANOS,1,0,0,0,0,0,0,False
2026,RS,210002539067,ABEL GRAVE,DEPUTADO ESTADUAL,REPUBLICANOS,1,0,0,0,0,0,0,False
2026,RS,210002539068,VANESSA DE BORTOLI POUEY,DEPUTADO ESTADUAL,REPUBLICANOS,2,0,0,0,0,0,0,False
2026,RS,210002539072,MARTIM TODESCO ADREANI,DEPUTADO ESTADUAL,REPUBLICANOS,2,0,0,0,0,0,0,False
2026,RS,210002539075,CARLA BEATRIZ LOPES BRUM,DEPUTADO ESTADUAL,REPUBLICANOS,2,0,0,0,0,0,0,False
2026,RS,210002539077,DANUSA SULZBACHER,DEPUTADO ESTADUAL,REPUBLICANOS,2,0,0,0,0,0,0,False
2026,RS,210002539082,EMERSON KUHN CORNELIUS,DEPUTADO ESTADUAL,REPUBLICANOS,1,0,0,0,0,0,0,False
2026,RS,210002539084,GRASIELA ARAGÃO MAUER,DEPUTADO ESTADUAL,REPUBLICANOS,3,0,0,0,0,0,0,False
2026,RS,210002539085,PAULO FERNANDO CURI ESTIMA,DEPUTADO ESTADUAL,REPUBLICANOS,1,0,0,0,0,0,0,False
2026,RS,210002539086,ORLEI JOSE BARBIERI,DEPUTADO ESTADUAL,REPUBLICANOS,2,0,0,0,0,0,0,False
2026,RS,210002539093,CLAUDIA LUIZ DOS SANTOS,DEPUTADO ESTADUAL,REPUBLICANOS,2,0,0,0,0,0,0,False
2026,RS,210002539094,ELIANA DO NASCIMENTO NARVAIS BAYER,DEPUTADO ESTADUAL,REPUBLICANOS,2,0,0,0,0,0,0,False
2026,RS,210002539096,MAURO DE ALMEIDA,DEPUTADO ESTADUAL,REPUBLICANOS,2,0,0,0,0,0,0,False
2026,RS,210002539100,GILBERTO KERBER,DEPUTADO ESTADUAL,REPUBLICANOS,1,0,0,0,0,0,0,False
2026,RS,210002539102,PAULO CEZAR ZINN,DEPUTADO ESTADUAL,REPUBLICANOS,2,0,0,0,0,0,0,False
2026,RS,210002539103,MARLI RIBEIRO SERPA,DEPUTADO ESTADUAL,REPUBLICANOS,3,0,0,0,0,0,0,False
2026,RS,210002539777,THIAGO PEREIRA DUARTE,DEPUTADO ESTADUAL,PDT,2,0,0,0,0,0,0,False
2026,RS,210002539786,MARCO ANTONIO FUMAGALLI,DEPUTADO ESTADUAL,PDT,1,0,0,0,0,0,0,False
2026,RS,210002539791,CLEOMAR SANTOS OLIVEIRA,DEPUTADO ESTADUAL,PDT,1,0,0,0,0,0,0,False
2026,RS,210002539795,DANRLEI DOS SANTOS MASSENA,DEPUTADO ESTADUAL,PDT,3,0,0,0,0,0,0,False
2026,RS,210002539802,MARCIA CRISTINA BORGES DA SILVA,DEPUTADO ESTADUAL,PDT,2,1,0,0,0,0,0,False
2026,RS,210002539805,TIAGO CADO FERNANDES,DEPUTADO ESTADUAL,PDT,2,0,0,0,0,0,0,False
2026,RS,210002539815,RONI DA SILVA,DEPUTADO ESTADUAL,PDT,1,1,0,0,0,0,0,False
2026,RS,210002539816,CARLOS ALEXANDRE GONCALVES,DEPUTADO ESTADUAL,PDT,1,0,0,0,0,0,0,False
2026,RS,210002539817,REGINA COSTA DOS SANTOS,DEPUTADO ESTADUAL,PDT,2,0,0,0,0,0,0,False
2026,RS,210002539819,LUIZ FERNANDO CUOZZO LEMOS,DEPUTADO ESTADUAL,PDT,1,0,0,0,0,0,0,False
2026,RS,210002539821,CÁTINA MONTEIRO FRESCURA,DEPUTADO ESTADUAL,PDT,4,0,0,0,0,0,0,False
2026,RS,210002540635,ANDERSON JOSE PIETZARKA,DEPUTADO ESTADUAL,PSD,2,0,0,0,0,0,0,False
2026,RS,210002540636,VALDIR BONATTO,DEPUTADO ESTADUAL,PSD,2,1,0,0,0,0,0,False
2026,RS,210002540638,NEUZA MARTINS RUFATTO,DEPUTADO ESTADUAL,PSD,2,0,0,0,0,0,0,False
2026,RS,210002540644,NADINE TAGLIARI FARIAS ANFLOR,DEPUTADO ESTADUAL,PSD,2,0,0,0,0,0,0,False
2026,RS,210002540645,CESAR OLIVEIRA DE SOUZA,DEPUTADO ESTADUAL,PSD,1,0,0,0,0,0,0,False
2026,RS,210002540650,JÚLIO CESAR MARIA MACHADO,DEPUTADO ESTADUAL,PSD,1,0,0,0,0,0,0,False
2026,RS,210002540652,CATIA JOSIELI DOS SANTOS BELMONTE,DEPUTADO ESTADUAL,PSD,1,0,0,0,0,0,0,False
2026,RS,210002540656,MARCIO LUIS LISSEMERKI FERREIRA,DEPUTADO ESTADUAL,PSD,2,0,0,0,0,0,0,False
2026,RS,210002540657,JORGE CLADISTONE POZZOBOM,DEPUTADO ESTADUAL,PSD,1,0,0,0,0,0,0,False
2026,RS,210002540658,GIORDANI KRUG CAMPOS RAMOS,DEPUTADO ESTADUAL,PSD,3,0,0,0,0,0,0,False
2026,RS,210002540660,DIANA SALES,DEPUTADO ESTADUAL,PSD,1,0,0,0,0,0,0,False
2026,RS,210002540661,DOUGLAS HENRIQUE LENZ DIESEL,DEPUTADO ESTADUAL,PSD,2,0,0,0,0,0,0,False
2026,RS,210002540662,NERI ANDRADE PEREIRA JUNIOR,DEPUTADO ESTADUAL,PSD,1,0,0,0,0,0,0,False
2026,RS,210002540663,ALOISIO TALSO CLASSMANN,DEPUTADO ESTADUAL,PSD,2,1,0,0,0,0,0,False
2026,RS,210002541368,ADÃO ALBERTO TEIXEIRA LIMA,VICE-GOVERNADOR,PSTU,1,0,0,0,0,0,0,False
2026,RS,210002541423,PAULO CESAR FLORES DE FREITAS,DEPUTADO FEDERAL,PSDB,2,0,0,0,0,0,0,False
2026,RS,210002541424,ALTEMIR TORMANN RODRIGUES,DEPUTADO FEDERAL,PSDB,1,0,0,0,0,0,0,False
2026,RS,210002541425,RICARDO SANTOS DA SILVA,DEPUTADO FEDERAL,PSDB,1,0,0,0,0,0,0,False
2026,RS,210002541426,MARCOS SOARES REINALDO,DEPUTADO FEDERAL,PSDB,1,0,0,0,0,0,0,False
2026,RS,210002541427,ANGELICA MENEGAS,DEPUTADO FEDERAL,PSDB,1,0,0,0,0,0,0,False
2026,RS,210002541428,JULIANI PINZON PONTES,DEPUTADO FEDERAL,PSDB,1,0,0,0,0,0,0,False
2026,RS,210002541429,DANIEL TRZECIAK DUARTE,DEPUTADO FEDERAL,PSDB,1,0,0,0,0,0,0,False
2026,RS,210002541430,VINICIUS ANZILIERO,DEPUTADO FEDERAL,PSDB,3,0,0,0,0,0,0,False
2026,RS,210002541431,GILSOMAR DA SILVA,DEPUTADO FEDERAL,PSDB,1,0,0,0,0,0,0,False
2026,RS,210002541432,NEIDE JAQUELINE SCHWARZ,DEPUTADO FEDERAL,PSDB,1,0,0,0,0,0,0,False
2026,RS,210002541433,ISABEL STAUDT,DEPUTADO FEDERAL,PSDB,1,1,0,0,0,0,0,False
2026,RS,210002541434,ALTAIR ALVES PEREIRA,DEPUTADO FEDERAL,PSDB,4,1,0,0,0,0,0,False
2026,RS,210002541435,CRISTIANE LOURENCO GONCALVES,DEPUTADO FEDERAL,PSDB,3,0,0,0,0,0,0,False
2026,RS,210002541436,MAGDA BEATRIZ RODRIGUES ALVES,DEPUTADO FEDERAL,PSDB,1,0,0,0,0,0,0,False
2026,RS,210002541437,FABIELLY DE OLIVEIRA TEIXEIRA,DEPUTADO FEDERAL,PSDB,1,0,0,0,0,0,0,False
2026,RS,210002541438,GÉRSON FARIAS DE SOUZA,DEPUTADO FEDERAL,PSDB,1,0,0,0,0,0,0,False
2026,RS,210002541439,JULIANA SPOLIDORO,DEPUTADO FEDERAL,PSDB,1,0,0,0,0,0,0,False
2026,RS,210002541440,MÁRCIA REJANE BECKER,DEPUTADO FEDERAL,PSDB,1,1,0,0,0,0,0,False
2026,RS,210002541441,ARLEI ROMEIRO,DEPUTADO FEDERAL,PSDB,3,0,0,0,0,0,0,False
2026,RS,210002541442,ALVARO SOARES DE ARAUJO,DEPUTADO FEDERAL,PSDB,1,0,0,0,0,0,0,False
2026,RS,210002541443,GILMAR JOAO ALBA,DEPUTADO FEDERAL,PSDB,1,1,0,0,0,0,0,False
2026,RS,210002541444,MAURICIO PEREIRA DA SILVA,DEPUTADO FEDERAL,PSDB,3,0,0,0,0,0,0,False
2026,RS,210002541445,OSVALDIR RIBEIRO DE SOUZA,DEPUTADO FEDERAL,PSDB,2,0,0,0,0,0,0,False
2026,RS,210002541446,ADAVILSON DE CASTILHOS MAGAGNIN,DEPUTADO FEDERAL,PSDB,1,0,0,0,0,0,0,False
2026,RS,210002541447,CLEUSA MARIA SILVEIRA SOUZA,DEPUTADO FEDERAL,PSDB,2,0,0,0,0,0,0,False
2026,RS,210002541448,PAULO ROBERTO DE SOUZA COUTINHO,DEPUTADO FEDERAL,PSDB,1,0,0,0,0,0,0,False
2026,RS,210002541450,JOÃO YANG CHUN,DEPUTADO FEDERAL,PSDB,1,0,0,0,0,0,0,False
2026,RS,210002541502,ADRIANA BARROS PALLADINO,DEPUTADO FEDERAL,MDB,2,0,0,0,0,0,0,False
2026,RS,210002541505,ELIDIANE DIAS NETO LOBATO,DEPUTADO FEDERAL,MDB,1,0,0,0,0,0,0,False
2026,RS,210002541506,CLEBER NUNES DA SILVA,DEPUTADO FEDERAL,MDB,2,0,0,0,0,0,0,False
2026,RS,210002541508,ANTONIO RICARDO COSTA MOELER,DEPUTADO FEDERAL,MDB,3,0,0,0,0,0,0,False
2026,RS,210002541510,JUVIR COSTELLA,DEPUTADO FEDERAL,MDB,2,2,0,0,0,0,0,False
2026,RS,210002541514,ALCEU MOREIRA DA SILVA,DEPUTADO FEDERAL,MDB,5,2,0,0,0,0,0,False
2026,RS,210002541515,CLAUDIOMIRO PIAZZA RODRIGUES,DEPUTADO FEDERAL,MDB,1,0,0,0,0,0,0,False
2026,RS,210002541517,CLEO INACIO HARSTELN PEREIRA,DEPUTADO FEDERAL,MDB,1,0,0,0,0,0,0,False
2026,RS,210002541518,CARLOS EDUARDO DA SILVA MONTEIRO,DEPUTADO FEDERAL,MDB,2,0,0,0,0,0,0,False
2026,RS,210002541519,PATRICIA BAZOTTI,DEPUTADO FEDERAL,MDB,1,0,0,0,0,0,0,False
2026,RS,210002541523,ANTONIO DINIZ MANGANELI COGO,DEPUTADO FEDERAL,MDB,2,0,0,0,0,0,0,False
2026,RS,210002541527,LUIS ARTHUR DE BITENCOURT,DEPUTADO FEDERAL,MDB,2,0,0,0,0,0,0,False
2026,RS,210002541529,DELIANE ASSUNÇÃO PONZI,DEPUTADO FEDERAL,MDB,2,1,0,0,0,0,0,False
2026,RS,210002541947,ALEX GUATIMOSIM DOS REIS,DEPUTADO ESTADUAL,PSDB,1,0,0,0,0,0,0,False
2026,RS,210002541948,ALECIO VALDECI PEREIRA DA ROSA,DEPUTADO ESTADUAL,PSDB,1,0,0,0,0,0,0,False
2026,RS,210002541949,ANA MARIA DE ABREU TOPPOR,DEPUTADO ESTADUAL,PSDB,2,1,0,0,0,0,0,False
2026,RS,210002541950,JOSIANE COUTINHO DA CUNHA,DEPUTADO ESTADUAL,PSDB,2,0,0,0,0,0,0,False
2026,RS,210002541951,MAGAIVER BORBA DIAS SOARES,DEPUTADO ESTADUAL,PSDB,1,0,0,0,0,0,0,False
2026,RS,210002541952,ADILSON SEVERO,DEPUTADO ESTADUAL,PSDB,1,1,0,0,0,0,0,False
2026,RS,210002541953,DERLI DA SILVA,DEPUTADO ESTADUAL,PSDB,2,1,0,0,0,0,0,False
2026,RS,210002541954,JAQUELINE MARIA D AVILA DE SOUZA,DEPUTADO ESTADUAL,PSDB,3,0,0,0,0,0,0,False
2026,RS,210002541955,MICHELE GALVÃO DA SILVA,DEPUTADO ESTADUAL,PSDB,2,0,0,0,0,0,0,False
2026,RS,210002541956,KELLEN DA COSTA CASTILHO IUNG,DEPUTADO ESTADUAL,PSDB,1,0,0,0,0,0,0,False
2026,RS,210002541957,PAULO ROBERTO DA SILVA FLORES,DEPUTADO ESTADUAL,PSDB,1,0,0,0,0,0,0,False
2026,RS,210002541959,JOÃO HENRIQUE NARCISO DOS SANTOS,DEPUTADO ESTADUAL,PSDB,2,0,0,0,0,0,0,False
2026,RS,210002541960,JULIO CESAR FERREIRA VOLINO,DEPUTADO ESTADUAL,PSDB,1,0,0,0,0,0,0,False
2026,RS,210002541961,LUCAS DIAS DE OLIVEIRA,DEPUTADO ESTADUAL,PSDB,1,1,0,0,0,0,0,False
2026,RS,210002541962,LUCIANO DA SILVA FIGUEIREDO,DEPUTADO ESTADUAL,PSDB,1,0,0,0,0,0,0,False
2026,RS,210002541963,MAURICIO DA SILVA MONTEIRO,DEPUTADO ESTADUAL,PSDB,1,1,0,0,0,0,0,False
2026,RS,210002541964,LAURA PADULA KLEIN,DEPUTADO ESTADUAL,CIDADANIA,2,0,0,0,0,0,0,False
2026,RS,210002541965,TIAGO ARZENO FERRÃO,DEPUTADO ESTADUAL,PSDB,1,0,0,0,0,0,0,False
2026,RS,210002541966,MARISOL SANTOS SILVA,DEPUTADO ESTADUAL,PSDB,1,0,0,0,0,0,0,False
2026,RS,210002541967,CHEILA GULGELMIN,DEPUTADO ESTADUAL,PSDB,1,0,0,0,0,0,0,False
2026,RS,210002541968,LILIAN EVELYN TAMA MELO FERREIRA,DEPUTADO ESTADUAL,PSDB,3,0,0,0,0,0,0,False
2026,RS,210002541969,CLAUDIO VIEIRA DA SILVA,DEPUTADO ESTADUAL,PSDB,1,0,0,0,0,0,0,False
2026,RS,210002541970,MOISES DA SILVA BARBOZA,DEPUTADO ESTADUAL,PSDB,1,0,0,0,0,0,0,False
2026,RS,210002541971,DARLÃ BELLINI,DEPUTADO ESTADUAL,PSDB,1,0,0,0,0,0,0,False
2026,RS,210002541972,LEONARDO DA SILVA MARTINS,DEPUTADO ESTADUAL,PSDB,1,0,0,0,0,0,0,False
2026,RS,210002541973,FERNANDA MACHADO,DEPUTADO ESTADUAL,PSDB,2,1,0,0,0,0,0,False
2026,RS,210002541974,EVELYN CRISTINA RODRIGUES FERNANDES,DEPUTADO ESTADUAL,PSDB,1,0,0,0,0,0,0,False
2026,RS,210002541975,MARISA ELOIDES SCHWARZER,DEPUTADO ESTADUAL,PSDB,2,0,0,0,0,0,0,False
2026,RS,210002541976,NADER ALI UMAR,DEPUTADO ESTADUAL,PSDB,1,0,0,0,0,0,0,False
2026,RS,210002541977,MARCELO GARCIA APOITIA,DEPUTADO ESTADUAL,PSDB,1,0,0,0,0,0,0,False
2026,RS,210002541978,EDENILSON ARAUJO SOUZA,DEPUTADO ESTADUAL,PSDB,2,1,0,0,0,0,0,False
2026,RS,210002541979,KATIA ROSANE BITTENCOURT DOS SANTOS,DEPUTADO ESTADUAL,PSDB,3,0,0,0,0,0,0,False
2026,RS,210002541980,THIAGO JUNIOR DA COSTA,DEPUTADO ESTADUAL,CIDADANIA,1,0,0,0,0,0,0,False
2026,RS,210002543860,PAULA DAIAME DA SILVA PEREIRA,DEPUTADO ESTADUAL,MISSÃO,2,0,0,0,0,0,0,False
2026,RS,210002543865,FREDERICO CANTORI ANTUNES,SENADOR,PSD,1,0,0,0,0,0,0,False
2026,RS,210002543866,ANTONIO CARLOS HOHLFELDT,2º SUPLENTE,MDB,2,0,0,0,0,0,0,False
2026,RS,210002543868,JOSE PAULO DORNELLES CAIROLI,1º SUPLENTE,MDB,2,0,0,0,0,0,0,False
2026,RS,210002544077,YAGOR VIEIRA MIX,DEPUTADO FEDERAL,MISSÃO,2,0,0,0,0,0,0,False
2026,RS,210002544081,RINALDI ALONSO CONDE,DEPUTADO FEDERAL,MISSÃO,1,0,0,0,0,0,0,False
2026,RS,210002544085,SOLANJE NUNES DIAS,DEPUTADO FEDERAL,MISSÃO,2,0,0,0,0,0,0,False
2026,RS,210002544086,EDUARDO RICCARDI MENEGOL,DEPUTADO FEDERAL,MISSÃO,1,0,0,0,0,0,0,False
2026,RS,210002544090,EVANDRO AUGUSTO MACHADO,DEPUTADO FEDERAL,MISSÃO,1,0,0,0,0,0,0,False
2026,RS,210002544092,LILIAN VISCARRA MOTTANA,DEPUTADO FEDERAL,MISSÃO,4,0,0,0,0,0,0,False
2026,RS,210002544093,CARLOS EDUARDO RANZI,DEPUTADO FEDERAL,MDB,1,0,0,0,0,0,0,False
2026,RS,210002544218,MELISSA RICCIARDI DOS SANTOS GALERY,DEPUTADO FEDERAL,AVANTE,2,0,0,0,0,0,0,False
2026,RS,210002544220,LUCAS MARQUIORI DA CRUZ,DEPUTADO FEDERAL,AVANTE,1,0,0,0,0,0,0,False
2026,RS,210002544222,MARIA IVANIA BACKES DE OLIVEIRA,DEPUTADO FEDERAL,AVANTE,1,0,0,0,0,0,0,False
2026,RS,210002544224,SIMONE LINARES ZANON,DEPUTADO FEDERAL,AVANTE,3,0,0,0,0,0,0,False
2026,RS,210002544226,RODRIGO GOMES,DEPUTADO FEDERAL,AVANTE,1,0,0,0,0,0,0,False
2026,RS,210002544229,MARCIO ROSIAK,DEPUTADO FEDERAL,AVANTE,2,0,0,0,0,0,0,False
2026,RS,210002544699,REGIS BATISTA ETHUR,SENADOR,PSTU,4,1,0,0,0,0,0,False
2026,RS,210002544701,AITANA GODOY DA COSTA,1º SUPLENTE,PSTU,4,1,0,0,0,0,0,False
2026,RS,210002544703,DENIOR JOSE MACHADO,1º SUPLENTE,PSTU,1,0,0,0,0,0,0,False
2026,RS,210002544839,ANDERSON DA SILVA RODRIGUES,DEPUTADO ESTADUAL,PSTU,4,0,0,0,0,0,0,False
2026,RS,210002545675,JOSÉ ANTÔNIO JUNIOR FROZZA PALADINI,DEPUTADO FEDERAL,CIDADANIA,2,0,0,0,0,0,0,False
2026,RS,210002547815,ERNANI MARIO COELHO MELLO,2º SUPLENTE,PL,1,1,0,0,0,0,0,False
2026,RS,210002547818,RICARDO MUNARSKI JOBIM,2º SUPLENTE,NOVO,1,0,0,0,0,0,0,False
2026,RS,210002547819,MARCEL VAN HATTEM,SENADOR,NOVO,1,0,0,0,0,0,0,False
2026,RS,210002547820,IRENEU ORTH,1º SUPLENTE,PP,2,0,0,0,0,0,0,False
2026,RS,210002547857,LUCIANO LORENZINI ZUCCO,GOVERNADOR,PL,1,1,0,0,0,0,0,False
2026,RS,210002548182,CRISTIANE ZINELLE FERREIRA LOHMANN,DEPUTADO ESTADUAL,MDB,2,0,0,0,0,0,0,False
2026,RS,210002548184,DELANOR BIF DE LAGOS,DEPUTADO ESTADUAL,MDB,2,0,0,0,0,0,0,False
2026,RS,210002548185,BRUNA MARIN ROSSATTO,DEPUTADO ESTADUAL,MDB,2,0,0,0,0,0,0,False
2026,RS,210002548187,ALESSANDRO GIOVELLI FERRONY,DEPUTADO ESTADUAL,MDB,2,0,0,0,0,0,0,False
2026,RS,210002548188,CAMILA MARQUES DUFIM PINHEIRO,DEPUTADO ESTADUAL,MDB,1,0,0,0,0,0,0,False
2026,RS,210002548189,MARCIO CRISTIANO PRADO DE FREITAS,DEPUTADO ESTADUAL,MDB,1,0,0,0,0,0,0,False
2026,RS,210002548190,ANA CRISTINA DA SILVA,DEPUTADO ESTADUAL,MDB,4,0,0,0,0,0,0,False
2026,RS,210002548192,RAFAEL BRAGA LIBRELOTTO,DEPUTADO ESTADUAL,MDB,3,0,0,0,0,0,0,False
2026,RS,210002548194,CONSTANTINO ORSOLIN,DEPUTADO ESTADUAL,MDB,3,1,0,1,1,0,0,True
2026,RS,210002548197,CLAIR TOME KUHN,DEPUTADO ESTADUAL,MDB,2,0,0,0,0,0,0,False
2026,RS,210002548199,DANIELA FIORENTIN,DEPUTADO ESTADUAL,MDB,4,0,0,0,0,0,0,False
2026,RS,210002548200,MARCO AURELIO SOARES ALBA,DEPUTADO ESTADUAL,MDB,1,0,0,0,0,0,0,False
2026,RS,210002548201,FERNANDO POSTAL,DEPUTADO ESTADUAL,MDB,1,0,0,0,0,0,0,False
2026,RS,210002548204,LEOMAR MANOEL FERREIRA,DEPUTADO ESTADUAL,MDB,2,0,0,0,0,0,0,False
2026,RS,210002548208,ADROALDO ADOLFO ZACHOW,DEPUTADO ESTADUAL,MDB,1,0,0,0,0,0,0,False
2026,RS,210002548210,DANILO RODRIGUES DA SILVA,DEPUTADO ESTADUAL,MDB,4,0,0,0,0,0,0,False
2026,RS,210002548212,DANIEL PETRO ALANO,DEPUTADO ESTADUAL,MDB,2,0,0,0,0,0,0,False
2026,RS,210002548213,ELISANDRA CARDOSO DA SILVA,DEPUTADO ESTADUAL,MDB,1,0,0,0,0,0,0,False
2026,RS,210002548216,LISSANDRA DOS SANTOS THOMSEN,DEPUTADO ESTADUAL,MDB,1,0,0,0,0,0,0,False
2026,RS,210002548217,JOSE EDUARDO CONRADO BUCHABQUI,DEPUTADO ESTADUAL,MDB,1,0,0,0,0,0,0,False
2026,RS,210002548219,DANNI FELIX COUTO,DEPUTADO ESTADUAL,MDB,2,0,0,0,0,0,0,False
2026,RS,210002548220,EDIVILSON MEURER BRUM,DEPUTADO ESTADUAL,MDB,1,0,0,0,0,0,0,False
2026,RS,210002548222,MARCIO PEREIRA ANTUNES,DEPUTADO ESTADUAL,MDB,1,0,0,0,0,0,0,False
2026,RS,210002548224,CARLOS EDUARDO DOUGLAS SANTANA,DEPUTADO ESTADUAL,MDB,5,0,0,0,0,0,0,False
2026,RS,210002548225,HUMBERTO DA SILVA NETO,DEPUTADO ESTADUAL,MDB,1,0,0,0,0,0,0,False
2026,RS,210002548227,MURILO MACHADO SILVA,DEPUTADO ESTADUAL,MDB,3,1,0,0,0,0,0,False
2026,RS,210002548228,IDIANESA DE BISPO GODINHO GREGOLON,DEPUTADO ESTADUAL,MDB,2,0,0,0,0,0,0,False
2026,RS,210002548229,ROBERTO SILVEIRA,DEPUTADO ESTADUAL,MDB,2,0,0,0,0,0,0,False
2026,RS,210002550099,MONICA OLIVEIRA TAVARES,DEPUTADO FEDERAL,CIDADANIA,2,0,0,0,0,0,0,False
2026,RS,210002550222,CAMILA PEREIRA RODRIGUES,DEPUTADO ESTADUAL,CIDADANIA,1,0,0,0,0,0,0,False
2026,RS,210002550528,DANIEL ELIAS DE SOUZA JUNIOR,DEPUTADO FEDERAL,DEMOCRATA,1,0,0,0,0,0,0,False
2026,RS,210002550530,PATRICIA RIBEIRO DA SILVA,DEPUTADO FEDERAL,DEMOCRATA,1,0,0,0,0,0,0,False
2026,RS,210002550532,RAMON LADVIG RODRIGUES,DEPUTADO FEDERAL,DEMOCRATA,2,0,0,0,0,0,0,False
2026,RS,210002550533,CLAUDIOMIRO GOROSTIDY MENNA BARRETO,DEPUTADO FEDERAL,DEMOCRATA,2,0,0,0,0,0,0,False
2026,RS,210002550534,ANDRE FERNANDO CASSEL MINHO,DEPUTADO FEDERAL,DEMOCRATA,2,0,0,0,0,0,0,False
2026,RS,210002550535,LUCIANA GOULART SASSI,DEPUTADO FEDERAL,DEMOCRATA,3,0,0,0,0,0,0,False
2026,RS,210002550537,ROBSON RODRIGUES MALLMANN,DEPUTADO FEDERAL,DEMOCRATA,1,0,0,0,0,0,0,False
2026,RS,210002550562,ANTONIA MÔNICA CARNEIRO DINIZ,DEPUTADO FEDERAL,DC,4,0,0,0,0,0,0,False
2026,RS,210002550563,ANA PATRICIA RODRIGUES DE MACEDO,DEPUTADO FEDERAL,DC,1,0,0,0,0,0,0,False
2026,RS,210002550565,VITÓRIA DA COSTA LEITE,DEPUTADO FEDERAL,DC,3,0,0,0,0,0,0,False
2026,RS,210002550566,ARGEU DA SILVA AVILA,DEPUTADO FEDERAL,DC,3,0,0,0,0,0,0,False
2026,RS,210002550567,ALDEMIR FOGAÇA ANTUNES,DEPUTADO FEDERAL,DC,2,0,0,0,0,0,0,False
2026,RS,210002550569,VERA REGINA SANCHES,DEPUTADO FEDERAL,DC,1,0,0,0,0,0,0,False
2026,RS,210002550571,CRISTOFER DALGAIS DA CUNHA,DEPUTADO FEDERAL,DC,1,0,0,0,0,0,0,False
2026,RS,210002550572,ROGERIO DA SILVA NUNES,DEPUTADO FEDERAL,DC,4,1,0,0,0,0,0,False
2026,RS,210002550573,CLAUDIO JOSE MERLO ESPERON,DEPUTADO FEDERAL,DC,2,0,0,0,0,0,0,False
2026,RS,210002550574,GILBERTO ALMEIDA DE OLIVEIRA,DEPUTADO FEDERAL,DC,1,0,0,0,0,0,0,False
2026,RS,210002550575,CARLOS RENATO SOUZA SEVERO,DEPUTADO FEDERAL,DC,1,1,0,0,0,0,0,False
2026,RS,210002550576,ROSELAINE CAMERA DE MELLO,DEPUTADO FEDERAL,DC,1,1,0,0,0,0,0,False
2026,RS,210002550577,JOSÉ ALEX GIRU FAGUNDES,DEPUTADO FEDERAL,DC,1,0,0,0,0,0,0,False
2026,RS,210002550578,HENRIQUE WEBSTER,DEPUTADO FEDERAL,DC,2,0,0,0,0,0,0,False
2026,RS,210002550579,LUIZ FERNANDO DA SILVA PINHEIRO,DEPUTADO FEDERAL,DC,2,1,0,0,0,0,0,False
2026,RS,210002550580,ROZELIO CAMARGO DOS SANTOS JUNIOR,DEPUTADO FEDERAL,DC,1,0,0,0,0,0,0,False
2026,RS,210002550581,MARLENE DE SOUZA TAMAGNO,DEPUTADO FEDERAL,DC,2,0,0,0,0,0,0,False
2026,RS,210002550582,DILSO MILLER,DEPUTADO FEDERAL,DC,6,0,0,0,0,0,0,False
2026,RS,210002550583,VANDO MANOEL ROCHA,DEPUTADO FEDERAL,DC,2,0,0,0,0,0,0,False
2026,RS,210002551507,LUIS AFONSO BATAGLIM CABRAL,DEPUTADO ESTADUAL,PSDB,2,0,0,0,0,0,0,False
2026,RS,210002551508,JULIANA BRIZOLA,GOVERNADOR,PDT,1,0,0,0,0,0,0,False
2026,RS,210002551738,PAULO ROBERTO DA ROSA,DEPUTADO ESTADUAL,PSDB,2,0,0,0,0,0,0,False
2026,RS,210002551978,JOSÉ ARI GAMBIN,DEPUTADO FEDERAL,SOLIDARIEDADE,2,1,0,0,0,0,0,False
2026,RS,210002551979,AIESA CAROLINA DE SOUZA PEDROSO,DEPUTADO FEDERAL,SOLIDARIEDADE,2,0,0,0,0,0,0,False
2026,RS,210002551980,CRISTIANO OLIVEIRA GOMES ROCHA,DEPUTADO FEDERAL,SOLIDARIEDADE,4,0,0,0,0,0,0,False
2026,RS,210002551983,ALEXSANDRO ORQUIZ ALVES,DEPUTADO FEDERAL,PRD,2,0,0,0,0,0,0,False
2026,RS,210002551984,EVERSON RODRIGUES MORAES,DEPUTADO FEDERAL,SOLIDARIEDADE,3,0,0,0,0,0,0,False
2026,RS,210002551985,CARLOS DIEGO SANTOS DA SILVA,DEPUTADO FEDERAL,SOLIDARIEDADE,2,2,0,0,0,0,0,False
2026,RS,210002551986,LUCIANO MARQUES DA ROSA,DEPUTADO FEDERAL,SOLIDARIEDADE,1,0,0,0,0,0,0,False
2026,RS,210002551987,ARLINDO FERNANDO DA SILVA MENCA,DEPUTADO FEDERAL,SOLIDARIEDADE,2,0,0,0,0,0,0,False
2026,RS,210002551989,CHEYENE CUNHA DA SILVA,DEPUTADO FEDERAL,SOLIDARIEDADE,5,0,0,0,0,0,0,False
2026,RS,210002551990,LUCIANO DA CRUZ ANTUNES,DEPUTADO FEDERAL,SOLIDARIEDADE,2,0,0,0,0,0,0,False
2026,RS,210002551991,FRANCINE GARCIA ANTUNES,DEPUTADO FEDERAL,SOLIDARIEDADE,2,0,0,0,0,0,0,False
2026,RS,210002551992,NILDO RODRIGUES DE MORAES,DEPUTADO FEDERAL,SOLIDARIEDADE,2,0,0,0,0,0,0,False
2026,RS,210002552593,TIAGO NILO,VICE-GOVERNADOR,PCO,1,0,0,0,0,0,0,False
2026,RS,210002552597,DOMINGOS ALESSANDRETTI,1º SUPLENTE,PCO,3,0,0,0,0,0,0,False
2026,RS,210002552770,MARCELO MOURA TEIXEIRA,DEPUTADO ESTADUAL,DEMOCRATA,2,0,0,0,0,0,0,False
2026,RS,210002552774,FRANCINEIDE SIMOES DE SOUZA,DEPUTADO ESTADUAL,DEMOCRATA,2,0,0,0,0,0,0,False
2026,RS,210002553401,RAPHAEL OTT COLLARES,DEPUTADO FEDERAL,AGIR,1,0,0,0,0,0,0,False
2026,RS,210002553402,MARISA PINHEIRO,DEPUTADO FEDERAL,AGIR,1,1,0,0,0,0,0,False
2026,RS,210002553403,ABRILINO SANTOS DA SILVA,DEPUTADO FEDERAL,AGIR,1,1,0,0,0,0,0,False
2026,RS,210002553404,RITA DE CASSIA LOPES VARGAS,DEPUTADO FEDERAL,AGIR,4,0,0,0,0,0,0,False
2026,RS,210002553406,MARTINHO MARTINS ALMEIDA,DEPUTADO FEDERAL,AGIR,1,0,0,0,0,0,0,False
2026,RS,210002553407,JOAO ALBERTO CARVALHO FREITAS,DEPUTADO FEDERAL,AGIR,1,0,0,0,0,0,0,False
2026,RS,210002553409,JAIR BERNARDES PRESTES,DEPUTADO FEDERAL,AGIR,1,0,0,0,0,0,0,False
2026,RS,210002553411,MAIURA PEREIRA BARCELLOS,DEPUTADO FEDERAL,AGIR,1,0,0,0,0,0,0,False
2026,RS,210002553412,CARLOS ALBERTO ESTEVAO,DEPUTADO FEDERAL,AGIR,1,1,0,0,0,0,0,False
2026,RS,210002553413,ARTHUR DA SILVA,DEPUTADO FEDERAL,AGIR,3,2,0,0,0,0,0,False
2026,RS,210002553414,FABIO MARIOMAR ROSA CASEMIRO,DEPUTADO FEDERAL,AGIR,1,0,0,0,0,0,0,False
2026,RS,210002553415,SHEILA APARECIDA MACIEL FERNANDES,DEPUTADO FEDERAL,AGIR,1,0,0,0,0,0,0,False
2026,RS,210002553416,RONALDO FREITAS HENQUER,DEPUTADO FEDERAL,AGIR,1,1,0,0,0,0,0,False
2026,RS,210002553923,NEY VALDIR REICHOW BANDEIRA,DEPUTADO ESTADUAL,PSDB,2,0,0,0,0,0,0,False
2026,RS,210002553924,ALEXANDRE DELMAR BRAUN DOS PASSOS,DEPUTADO ESTADUAL,PSDB,1,0,0,0,0,0,0,False
2026,RS,210002553925,ROBERT BROCCA PERES,DEPUTADO ESTADUAL,CIDADANIA,1,0,0,0,0,0,0,False
2026,RS,210002553926,FABIO AUGUSTO AVILA DA SILVA,DEPUTADO ESTADUAL,PSDB,1,0,0,0,0,0,0,False
2026,RS,210002554084,ADRIANA RAMOS,DEPUTADO FEDERAL,DC,1,0,0,0,0,0,0,False
2026,SC,240002533274,DORLEI JOÃO ANTUNES,DEPUTADO ESTADUAL,PDT,2,1,0,1,1,0,0,True
2026,SC,240002533277,DAGMAR CLARISSA BASSEGGIO MULLER,DEPUTADO ESTADUAL,PDT,4,0,0,0,0,0,0,False
2026,SC,240002533289,JÚLIA DOS SANTOS OPUSKI DE ALMEIDA,DEPUTADO ESTADUAL,PDT,2,1,0,0,0,0,0,False
2026,SC,240002533294,VICTOR HUGO BRANCO PICCOLI,DEPUTADO ESTADUAL,PDT,1,0,0,0,0,0,0,False
2026,SC,240002533301,EVANDRO ACCADROLLI,DEPUTADO ESTADUAL,PDT,1,0,0,0,0,0,0,False
2026,SC,240002533818,ADILSON DE SOUZA,DEPUTADO FEDERAL,PDT,2,0,0,0,0,0,0,False
2026,SC,240002533824,ANA PAULA DE SOUZA LIMA,DEPUTADO FEDERAL,PT,2,1,0,0,0,0,0,False
2026,SC,240002533826,KARINNE TAVARES DOS SANTOS,DEPUTADO FEDERAL,PT,1,1,0,0,0,0,0,False
2026,SC,240002533828,CAREN SILVA MACHADO MEDEIROS,DEPUTADO FEDERAL,PT,1,0,0,0,0,0,0,False
2026,SC,240002533831,GIOVANA VITO MONDARDO,DEPUTADO FEDERAL,PCDOB,1,0,0,0,0,0,0,False
2026,SC,240002533832,JUCELIA VARGAS VIEIRA,DEPUTADO FEDERAL,PT,2,1,0,1,2,0,0,True
2026,SC,240002533835,FRANCISCO DE ASSIS NUNES,DEPUTADO FEDERAL,PT,2,1,0,1,1,0,0,True
2026,SC,240002533837,JOVINO MARQUES GONÇALVES,DEPUTADO FEDERAL,PCDOB,1,1,0,0,0,0,0,False
2026,SC,240002533897,ELAINE CRISTINA HUBER,1º SUPLENTE,PDT,1,0,0,0,0,0,0,False
2026,SC,240002533899,FERNANDA KLITZKE,2º SUPLENTE,PT,1,1,0,0,0,0,0,False
2026,SC,240002535770,AFRANIO TADEU BOPPRE,SENADOR,PSOL,3,2,0,0,0,0,0,False
2026,SC,240002536965,JULIANO BATISTA DE LIMA,DEPUTADO ESTADUAL,PDT,1,1,0,0,0,0,0,False
2026,SC,240002537014,APARECIDA DA SILVA,2º SUPLENTE,PT,3,1,0,0,0,0,0,False
2026,SC,240002537073,JORGINHO DOS SANTOS MELLO,GOVERNADOR,PL,5,2,0,0,0,0,0,False
2026,SC,240002537077,FABRICIO JOSE SATIRO DE OLIVEIRA,DEPUTADO FEDERAL,REPUBLICANOS,3,0,0,0,0,0,0,False
2026,SC,240002537088,ADELAR JOSÉ TOLFO,DEPUTADO ESTADUAL,PSDB,1,0,0,0,0,0,0,False
2026,SC,240002537089,JEFFERSON SCHMIDT,DEPUTADO ESTADUAL,PSDB,1,1,0,0,0,0,0,False
2026,SC,240002537090,SERGIO FREITAS,DEPUTADO ESTADUAL,PSDB,1,0,0,0,0,0,0,False
2026,SC,240002537092,RENATO GESKE,DEPUTADO ESTADUAL,PSDB,2,1,0,0,0,0,0,False
2026,SC,240002537094,MARCOS LUIZ VIEIRA,DEPUTADO ESTADUAL,PSDB,2,0,0,0,0,0,0,False
2026,SC,240002537095,PATRICIA DA SILVA SOBREDA,DEPUTADO ESTADUAL,PSDB,1,0,0,0,0,0,0,False
2026,SC,240002537096,FABIANA DA SILVA,DEPUTADO ESTADUAL,CIDADANIA,3,0,0,0,0,0,0,False
2026,SC,240002537097,ARILDO FERNANDES DA SILVA,DEPUTADO ESTADUAL,PSDB,2,0,0,0,0,0,0,False
2026,SC,240002537098,EDSON LUIZ DUARTE,DEPUTADO ESTADUAL,PSDB,1,0,0,0,0,0,0,False
2026,SC,240002537099,LEONARDO GARCIA HEINZEN,DEPUTADO ESTADUAL,PSDB,2,0,0,0,0,0,0,False
2026,SC,240002537100,KARINY NAIARA MULLER BRUM,DEPUTADO ESTADUAL,PSDB,1,0,0,0,0,0,0,False
2026,SC,240002537101,SONIA SALETE VEDOVATTO,DEPUTADO ESTADUAL,PSDB,3,2,0,2,1,0,0,True
2026,SC,240002537102,PAULO SPENGLER,DEPUTADO ESTADUAL,PSDB,4,0,0,0,0,0,0,False
2026,SC,240002537104,JESSICA DEGERING RODRIGUES,DEPUTADO ESTADUAL,PSDB,1,0,0,0,0,0,0,False
2026,SC,240002537105,JUCEMAR CUSTÓDIO,DEPUTADO ESTADUAL,PSDB,2,1,0,0,0,0,0,False
2026,SC,240002537798,INGRID SILVA DE ASSIS,DEPUTADO ESTADUAL,PSOL,1,0,0,0,0,0,0,False
2026,SC,240002537800,LEANDRO DA SILVA,DEPUTADO ESTADUAL,REDE,3,2,0,0,0,0,0,False
2026,SC,240002537802,MARCELO HENRIQUE PEREIRA,DEPUTADO ESTADUAL,PSOL,2,1,0,0,0,0,0,False
2026,SC,240002537810,CARLOS SILVA,DEPUTADO ESTADUAL,PSOL,3,0,0,0,0,0,0,False
2026,SC,240002537811,MARCOS JOSÉ DE ABREU,DEPUTADO ESTADUAL,PSOL,2,0,0,0,0,0,0,False
2026,SC,240002537815,GENÉSIO ADOLFO DA SILVA,DEPUTADO ESTADUAL,PSOL,1,0,0,0,0,0,0,False
2026,SC,240002537819,EVERTON MEIRINHO DE OLIVEIRA,DEPUTADO ESTADUAL,PSOL,1,0,0,0,0,0,0,False
2026,SC,240002537821,CARLOS ALEXANDRE NAU,DEPUTADO ESTADUAL,PSOL,2,0,0,0,0,0,0,False
2026,SC,240002537823,AMARILDO NARCISO,DEPUTADO ESTADUAL,PSOL,2,0,0,0,0,0,0,False
2026,SC,240002537824,LEONEL DAVID JESUS CAMASÃO CORDEIRO,DEPUTADO ESTADUAL,PSOL,7,5,0,5,4,0,0,True
2026,SC,240002537833,VICTOR DELLA GIUSTINA GASPODINI,DEPUTADO FEDERAL,PSOL,1,0,0,0,0,0,0,False
2026,SC,240002537836,ELSON MANOEL PEREIRA,DEPUTADO FEDERAL,PSOL,2,1,0,0,0,0,0,False
2026,SC,240002537840,THIAGO DE CASTRO MORETI,DEPUTADO FEDERAL,PSOL,2,2,0,2,1,0,0,True
2026,SC,240002537922,SANDRA ANDRÉA VELOSO,DEPUTADO ESTADUAL,REPUBLICANOS,2,2,0,2,2,0,0,True
2026,SC,240002537926,ANA PAULA DE SOUZA,DEPUTADO ESTADUAL,REPUBLICANOS,2,0,0,0,0,0,0,False
2026,SC,240002537930,JEFERSON CARDOZO,DEPUTADO ESTADUAL,REPUBLICANOS,2,2,0,2,1,0,0,True
2026,SC,240002538366,BISMARK FABIO FUGAZZA,DEPUTADO FEDERAL,PODE,7,6,0,5,5,0,0,True
2026,SC,240002538368,ANA PAULA DA SILVA,DEPUTADO FEDERAL,PODE,1,1,0,1,1,0,0,True
2026,SC,240002538369,REGINA APARECIDA GUZZI,DEPUTADO FEDERAL,PODE,2,0,0,0,0,0,0,False
2026,SC,240002538372,ROSINEI DE SOUZA HORACIO,DEPUTADO FEDERAL,PODE,4,1,0,0,0,0,0,False
2026,SC,240002539376,DANIEL COSTA DE FREITAS,DEPUTADO FEDERAL,PL,2,1,0,0,0,0,0,False
2026,SC,240002539384,MARCOS ANTONIO PEREIRA GOMES,DEPUTADO FEDERAL,PL,2,2,0,2,2,0,0,True
2026,SC,240002539551,MARCOS AUGUSTO KURTZ,DEPUTADO ESTADUAL,PODE,4,1,0,0,0,0,0,False
2026,SC,240002539553,IARA ROSANA HAUSMANN O LOUGHLIN,DEPUTADO ESTADUAL,PODE,1,1,0,1,1,0,0,True
2026,SC,240002539560,WALLACE AVANIR DE SOUZA,DEPUTADO ESTADUAL,PODE,2,0,0,0,0,0,0,False
2026,SC,240002539572,JOEL LEAL DOS SANTOS JUNIOR,DEPUTADO ESTADUAL,PODE,1,1,0,0,0,0,0,False
2026,SC,240002539574,VALMIR JOAO ZANIN,DEPUTADO ESTADUAL,PODE,1,1,0,1,1,0,0,True
2026,SC,240002539575,ANDERSON SANDMANN,DEPUTADO ESTADUAL,PODE,1,0,0,0,0,0,0,False
2026,SC,240002539633,ROSELI MORAES SILVA,DEPUTADO FEDERAL,CIDADANIA,1,0,0,0,0,0,0,False
2026,SC,240002539634,ARLEI DA SILVA,DEPUTADO FEDERAL,CIDADANIA,3,3,0,0,0,0,0,False
2026,SC,240002539967,SAULO SPEROTTO,DEPUTADO ESTADUAL,PL,7,3,0,1,1,0,0,True
2026,SC,240002539970,EDILSON MASSOCCO,DEPUTADO ESTADUAL,PL,1,0,0,0,0,0,0,False
2026,SC,240002539971,JESSE DE FARIA LOPES,DEPUTADO ESTADUAL,PL,3,2,0,2,5,0,0,True
2026,SC,240002539973,BRUNO ANDRÉ DE SOUZA,DEPUTADO ESTADUAL,PL,2,2,0,2,2,0,0,True
2026,SC,240002539988,OSCAR GUTZ,DEPUTADO ESTADUAL,PL,1,1,0,0,0,0,0,False
2026,SC,240002540094,NEODI SARETTA,DEPUTADO ESTADUAL,PT,2,1,0,0,0,0,0,False
2026,SC,240002541386,PAULO COELHO,DEPUTADO ESTADUAL,MDB,2,1,0,0,0,0,0,False
2026,SC,240002541397,CLOSMAR ZAGONEL,DEPUTADO FEDERAL,MDB,2,1,0,0,0,0,0,False
2026,SC,240002541408,VALDIR VITAL COBALCHINI,DEPUTADO FEDERAL,MDB,2,1,0,0,0,0,0,False
2026,SC,240002541916,ANDRE RICARDO CALLAI,DEPUTADO FEDERAL,PP,1,1,0,1,1,0,0,True
2026,SC,240002541919,JOSE MILTON SCHEFFER,DEPUTADO FEDERAL,PP,2,2,0,0,0,0,0,False
2026,SC,240002543390,EVANDRO SCAINI,DEPUTADO ESTADUAL,PP,2,1,0,0,0,0,0,False
2026,SC,240002543410,ALTAIR DA SILVA,DEPUTADO ESTADUAL,PP,3,0,0,0,0,0,0,False
2026,SC,240002543418,FELIPPE LUIZ COLLACO,DEPUTADO ESTADUAL,PP,4,0,0,0,0,0,0,False
2026,SC,240002548529,EDIANE APARECIDA FOLLE,DEPUTADO FEDERAL,PSD,1,0,0,0,0,0,0,False
2026,SC,240002548530,TEREZINHA MARIA DYBAS,DEPUTADO FEDERAL,PSD,1,1,0,0,0,0,0,False
2026,SC,240002548539,JOÃO RAIMUNDO COLOMBO,DEPUTADO FEDERAL,PSD,7,3,0,1,1,0,0,True
2026,SC,240002548633,GENESIO MOISES SPILLERE,2º SUPLENTE,PP,1,1,0,0,0,0,0,False
2026,SC,240002548634,VOLNEI WEBER,1º SUPLENTE,MDB,3,0,0,0,0,0,0,False
2026,SC,240002551380,ANDRE LUIZ PACHECO,DEPUTADO ESTADUAL,PL,2,0,0,0,0,0,0,False
2026,SC,240002551458,DIEGO MACHADO,DEPUTADO ESTADUAL,PSD,1,0,0,0,0,0,0,False
2026,SC,240002551459,PRISCILA FERNANDES FARIAS,DEPUTADO ESTADUAL,PSD,1,0,0,0,0,0,0,False
2026,SC,240002551460,ROGERIO LUCIANO PACHECO,DEPUTADO ESTADUAL,PSD,2,0,0,0,0,0,0,False
2026,SC,240002551461,NAPOLEÃO BERNARDES NETO,DEPUTADO ESTADUAL,PSD,2,1,0,0,0,0,0,False
2026,SC,240002551463,MOZARA CARVALHO SCHADECK,DEPUTADO ESTADUAL,PSD,1,1,0,0,0,0,0,False
2026,SC,240002551464,VALDEMIR ANTONIO STOBE,DEPUTADO ESTADUAL,PSD,2,1,0,0,0,0,0,False
2026,SC,240002551467,CLESIO SALVARO,DEPUTADO ESTADUAL,PSD,15,13,0,8,8,0,0,True
2026,SC,240002551470,SHEYLA CRISTINA CHAVES,DEPUTADO ESTADUAL,PSD,3,1,0,0,0,0,0,False
2026,SC,240002551471,CIDNEY MACHADO WALTRICK,DEPUTADO ESTADUAL,PSD,1,1,0,0,0,0,0,False
2026,SC,240002551473,JOSE EDUARDO ROTHBARTH THOME,DEPUTADO ESTADUAL,PSD,1,0,0,0,0,0,0,False
2026,SC,240002551474,VIVIAN CRISTINE QUIQUIO,DEPUTADO ESTADUAL,PSD,1,1,0,0,0,0,0,False
2026,SC,240002551475,APARECIDO VOLTOLINI,DEPUTADO ESTADUAL,PSD,1,0,0,0,0,0,0,False
2026,SC,240002551477,MARIO PINTO DA MOTTA JUNIOR,DEPUTADO ESTADUAL,PSD,2,1,0,0,0,0,0,False
2026,SC,240002551663,FABIANO DA SILVA,DEPUTADO FEDERAL,PRD,3,0,0,0,0,0,0,False
2026,SC,240002551665,LINDAMERI DE OLIVEIRA RODRIGUES,DEPUTADO FEDERAL,PRD,1,1,0,1,1,0,0,True
2026,SC,240002551695,MICHELI DE LIMA,DEPUTADO ESTADUAL,AVANTE,2,0,0,0,0,0,0,False
2026,SC,240002551697,ROBERTO AGENOR DE QUEIROZ SARTORI,DEPUTADO ESTADUAL,AVANTE,2,1,0,1,2,0,0,True
2026,SC,240002552157,RALF GUIMARAES ZIMMER JUNIOR,GOVERNADOR,PRD,2,2,0,2,2,0,0,True
2026,SC,240002552921,LUIZ FELIPE FERREIRA,DEPUTADO ESTADUAL,PODE,1,0,0,0,0,0,0,False
2026,SC,240002553053,LUIZ FERNANDO FERREIRA,DEPUTADO FEDERAL,PODE,3,1,0,0,0,0,0,False
2026,SE,260002530035,THANNATA STEFANY ARAGAO OLIVEIRA,DEPUTADO FEDERAL,AVANTE,2,0,0,0,0,0,0,False
2026,SE,260002530036,ILDOMÁRIO SANTOS GOMES,DEPUTADO FEDERAL,AVANTE,2,0,0,0,0,0,0,False
2026,SE,260002530038,ALESSANDRA REGINA CAMPOS RAMOS,DEPUTADO FEDERAL,AVANTE,2,0,0,0,0,0,0,False
2026,SE,260002530039,ADRIANO SOUZA SANTANA,DEPUTADO FEDERAL,AVANTE,2,0,0,0,0,0,0,False
2026,SE,260002530040,ANTONIO ARIMATEA ROSA FILHO,DEPUTADO FEDERAL,AVANTE,1,0,0,0,0,0,0,False
2026,SE,260002530041,JEFERSON OLIVEIRA DOS SANTOS,DEPUTADO FEDERAL,AVANTE,2,0,0,0,0,0,0,False
2026,SE,260002530042,CLAUDIO LUIS OLIVEIRA DA ANUNCIAÇÃO,DEPUTADO FEDERAL,AVANTE,2,0,0,0,0,0,0,False
2026,SE,260002530043,TACYRA CRUZ QUEIROZ,DEPUTADO ESTADUAL,AVANTE,1,0,0,0,0,0,0,False
2026,SE,260002530044,SOLANGE DAMASCENA DE SANTANA,DEPUTADO ESTADUAL,AVANTE,1,0,0,0,0,0,0,False
2026,SE,260002530046,EDSON LUIZ CAMPOS DA SILVA,DEPUTADO ESTADUAL,AVANTE,1,0,0,0,0,0,0,False
2026,SE,260002530047,EVERALDO VIEIRA CARDOSO DE JESUS,DEPUTADO ESTADUAL,AVANTE,1,0,0,0,0,0,0,False
2026,SE,260002530049,MANOEL MESSIAS CAVALCANTE,DEPUTADO ESTADUAL,AVANTE,3,1,0,0,0,0,0,False
2026,SE,260002530050,ANDRIELY SOUZA BRITO,DEPUTADO ESTADUAL,AVANTE,2,0,0,0,0,0,0,False
2026,SE,260002530051,LUCICLAN ALMEIDA MENESES,DEPUTADO ESTADUAL,AVANTE,1,0,0,0,0,0,0,False
2026,SE,260002530052,SIDNEY ROCHA DA SILVA,DEPUTADO ESTADUAL,AVANTE,1,0,0,0,0,0,0,False
2026,SE,260002530053,JOSE MARCOS DOS SANTOS,DEPUTADO ESTADUAL,AVANTE,2,0,0,0,0,0,0,False
2026,SE,260002530055,JUAREZ DE LIMA OLIVEIRA II,DEPUTADO ESTADUAL,AVANTE,2,0,0,0,0,0,0,False
2026,SE,260002530056,ANNE GLECIA DE SANTANA COUTO,DEPUTADO ESTADUAL,AVANTE,1,0,0,0,0,0,0,False
2026,SE,260002530058,JOSINALDO DE SANTANA,DEPUTADO ESTADUAL,AVANTE,2,0,0,0,0,0,0,False
2026,SE,260002530059,VANUZA DOS SANTOS,DEPUTADO ESTADUAL,AVANTE,1,0,0,0,0,0,0,False
2026,SE,260002530060,NORBERTO SOUZA PINTO,DEPUTADO ESTADUAL,AVANTE,1,0,0,0,0,0,0,False
2026,SE,260002530061,ALINE REZENDE MELO,DEPUTADO ESTADUAL,AVANTE,1,0,0,0,0,0,0,False
2026,SE,260002530062,NELSON ARAUJO DOS SANTOS,DEPUTADO ESTADUAL,AVANTE,1,0,0,0,0,0,0,False
2026,SE,260002530063,JADSON ALVES DO NASCIMENTO,DEPUTADO ESTADUAL,AVANTE,2,0,0,0,0,0,0,False
2026,SE,260002530064,LIBERATO FERREIRA ANTÃO,DEPUTADO ESTADUAL,AVANTE,1,0,0,0,0,0,0,False
2026,SE,260002530065,PRICILA OLIVEIRA DE CARVALHO,DEPUTADO ESTADUAL,AVANTE,1,0,0,0,0,0,0,False
2026,SE,260002530066,DIÓGENES JOSÉ DE OLIVEIRA ALMEIDA JUNIOR,DEPUTADO ESTADUAL,AVANTE,7,3,0,1,1,0,0,True
2026,SE,260002530067,ALEX SANTOS LIMA,DEPUTADO ESTADUAL,AVANTE,1,0,0,0,0,0,0,False
2026,SE,260002532010,VALMIR DOS SANTOS COSTA,GOVERNADOR,REPUBLICANOS,1,0,0,0,0,0,0,False
2026,SE,260002533081,JOSÉ HELENO DA SILVA,DEPUTADO FEDERAL,REPUBLICANOS,8,5,0,2,3,0,0,True
2026,SE,260002535745,GABRIEL VINICIUS MENDONCA TELES,DEPUTADO ESTADUAL,MDB,2,0,0,0,0,0,0,False
2026,SE,260002535746,ROSANGELA ROSA REIS,DEPUTADO ESTADUAL,MDB,2,0,0,0,0,0,0,False
2026,SE,260002535748,VANIA OLIVEIRA LIMA,DEPUTADO ESTADUAL,MDB,2,0,0,0,0,0,0,False
2026,SE,260002535751,MARIANA DANTAS MENDONCA GOIS,DEPUTADO ESTADUAL,MDB,2,0,0,0,0,0,0,False
2026,SE,260002535753,JEILSON SOUZA SANTOS,DEPUTADO ESTADUAL,MDB,2,0,0,0,0,0,0,False
2026,SE,260002535761,FABIA VALADARES DE ANDRADE,DEPUTADO ESTADUAL,MDB,2,0,0,0,0,0,0,False
2026,SE,260002536293,SILVANEIDE RIBEIRO DE SOUZA,DEPUTADO FEDERAL,MDB,2,0,0,0,0,0,0,False
2026,SE,260002536295,PRISCILA CRUZ DOS SANTOS,DEPUTADO FEDERAL,MDB,2,0,0,0,0,0,0,False
2026,SE,260002536297,JAILSON FARIAS DOS SANTOS,DEPUTADO FEDERAL,MDB,2,0,0,0,0,0,0,False
2026,SE,260002541263,MARCOS LEITE FRANCO SOBRINHO,DEPUTADO FEDERAL,PSB,1,0,0,0,0,0,0,False
2026,SE,260002541272,JONMHARA RICARDO DIAS FONTES,DEPUTADO FEDERAL,MISSÃO,1,0,0,0,0,0,0,False
2026,SE,260002542467,FLAVIO EMIDIO BRASIL SANTOS,DEPUTADO FEDERAL,PSD,1,0,0,0,0,0,0,False
2026,SE,260002543591,RENATA OLIVEIRA SILVA,SENADOR,DC,1,0,0,0,0,0,0,False
2026,SE,260002545614,GIOVANNA PEREIRA ROCHA,DEPUTADO FEDERAL,SOLIDARIEDADE,1,0,0,0,0,0,0,False
2026,SE,260002545620,GIVALDO HENRIQUE DE JESUS SILVA,DEPUTADO FEDERAL,SOLIDARIEDADE,1,0,0,0,0,0,0,False
2026,SE,260002545629,CANDISSE MATOS CORREIA CARVALHO SANTOS,DEPUTADO ESTADUAL,PT,1,0,0,0,0,0,0,False
2026,SE,260002545635,JOSE BISPO DOS SANTOS ALVES,DEPUTADO ESTADUAL,PT,1,0,0,0,0,0,0,False
2026,SE,260002547411,LUIZ AUGUSTO CARVALHO RIBEIRO FILHO,DEPUTADO FEDERAL,PP,1,1,0,1,2,0,0,True
2026,SE,260002547412,SAMUEL ALVES BARRETO,DEPUTADO FEDERAL,UNIÃO,2,0,0,0,0,0,0,False
2026,SE,260002547417,MARIA BARROSO VIEIRA,DEPUTADO FEDERAL,PSOL,2,0,0,0,0,0,0,False
2026,SE,260002548696,ROSA MARIA SOUZA DE CARVALHO,DEPUTADO ESTADUAL,UNIÃO,2,0,0,0,0,0,0,False
2026,SE,260002550932,ERINALDO SANTOS SILVA,DEPUTADO FEDERAL,PDT,1,0,0,0,0,0,0,False
2026,SE,260002550935,CARLOS ALBERTO DE SOUZA MELO,DEPUTADO FEDERAL,PDT,3,1,0,0,0,0,0,False
2026,SE,260002550939,BEATRIZ CRUZ ANDRADE,DEPUTADO FEDERAL,PDT,2,1,0,0,0,0,0,False
2026,SE,260002551362,RODRIGO SANTANA VALADARES,SENADOR,PL,4,0,0,0,0,0,0,False
2026,SE,260002551708,ANDRE LUIS MOURA SOTERO,DEPUTADO FEDERAL,CIDADANIA,2,0,0,0,0,0,0,False
2026,SP,250002530091,LUIZA REJANE ROCHA ANDREOLLI,DEPUTADO FEDERAL,NOVO,2,1,0,0,0,0,0,False
2026,SP,250002530092,FREDSON SANTOS DALLY,DEPUTADO FEDERAL,NOVO,1,1,0,0,0,0,0,False
2026,SP,250002530093,ANA PAULA ROCHA TEIXEIRA,DEPUTADO FEDERAL,NOVO,5,1,0,0,0,0,0,False
2026,SP,250002530114,JOÃO CAETANO DA PAIXÃO,DEPUTADO FEDERAL,NOVO,3,3,0,1,1,0,0,True
2026,SP,250002530115,MARINA HELENA CUNHA PEREIRA SANTOS,DEPUTADO FEDERAL,NOVO,1,1,0,0,0,0,0,False
2026,SP,250002530116,JULIA BEATRIZ COELHO,DEPUTADO FEDERAL,NOVO,4,2,0,1,1,0,0,True
2026,SP,250002530117,PEDRO BRUNO DE BARROS PONCIO,DEPUTADO FEDERAL,NOVO,3,2,0,0,0,0,0,False
2026,SP,250002530118,OSWALDO VIDAL DE OLIVEIRA FILHO,DEPUTADO FEDERAL,NOVO,3,1,0,0,0,0,0,False
2026,SP,250002530119,MÁRIO CEZAR SUTIL,DEPUTADO FEDERAL,NOVO,1,1,0,0,0,0,0,False
2026,SP,250002530120,MILTON JOSÉ DE SOUZA,DEPUTADO FEDERAL,NOVO,5,2,0,0,0,0,0,False
2026,SP,250002530121,CÍCERA SEVERINA DA CONCEIÇÃO MUSA,DEPUTADO FEDERAL,NOVO,2,1,0,0,0,0,0,False
2026,SP,250002530122,ELIAS DE ALMEIDA MARINHO,DEPUTADO FEDERAL,NOVO,8,8,0,5,6,0,0,True
2026,SP,250002530123,AILTON RODRIGUES MACHADO,DEPUTADO FEDERAL,NOVO,13,13,0,10,10,0,0,True
2026,SP,250002530124,ASSIS LEO PADILHA E SOUZA,DEPUTADO FEDERAL,NOVO,6,1,0,0,0,0,0,False
2026,SP,250002530125,MARCO ROGÉRIO DE CARVALHO,DEPUTADO FEDERAL,NOVO,1,1,0,0,0,0,0,False
2026,SP,250002530126,ANTONIO CARLOS ALBINO,DEPUTADO FEDERAL,NOVO,2,2,0,0,0,0,0,False
2026,SP,250002530127,JOELMA FRANCO DA CUNHA,DEPUTADO FEDERAL,NOVO,1,0,0,0,0,0,0,False
2026,SP,250002530128,CLÁUDIA SILVA RODRIGUES LEAL,DEPUTADO FEDERAL,NOVO,1,1,0,0,0,0,0,False
2026,SP,250002530129,CRISTINA PEREIRA MONTEIRO,DEPUTADO FEDERAL,NOVO,7,6,0,4,2,0,0,True
2026,SP,250002530130,MARCOS VINÍCIUS LUZ GIANNONI,DEPUTADO FEDERAL,NOVO,4,3,0,0,1,0,0,True
2026,SP,250002530131,OLIVIA MENDES LEAL COSTA,DEPUTADO FEDERAL,NOVO,1,1,0,0,0,0,0,False
2026,SP,250002530132,MARILIZA RODRIGUES DA SILVA LUZ,DEPUTADO FEDERAL,NOVO,1,1,0,0,0,0,0,False
2026,SP,250002530133,VALTERNEI OLIMPIO DOS SANTOS,DEPUTADO FEDERAL,NOVO,2,1,0,0,0,0,0,False
2026,SP,250002530134,RAQUEL RAFAELA CHAVES DA SILVA,DEPUTADO FEDERAL,NOVO,1,0,0,0,0,0,0,False
2026,SP,250002530135,LUIZ EDUARDO PENTEADO BORGO,DEPUTADO FEDERAL,NOVO,2,2,0,0,0,0,0,False
2026,SP,250002530136,LUIZ RICARDO DE CAMARGO,DEPUTADO FEDERAL,NOVO,2,1,0,0,0,0,0,False
2026,SP,250002530137,PEDRO CANDIDO CORDEIRO JUNIOR,DEPUTADO FEDERAL,NOVO,1,1,0,0,0,0,0,False
2026,SP,250002530138,ALEXIS JOSEPH STEVERLYNCK FONTEYNE,DEPUTADO FEDERAL,NOVO,1,1,0,0,0,0,0,False
2026,SP,250002530139,KARIN RACHEL ARANHA MOHAMED FAYZ,DEPUTADO FEDERAL,NOVO,2,0,0,0,0,0,0,False
2026,SP,250002530140,RAFAEL STEFANO FELTRIN,DEPUTADO FEDERAL,NOVO,1,1,0,0,0,0,0,False
2026,SP,250002530141,FERNANDO DA SILVA BREVIGLIERI,DEPUTADO FEDERAL,NOVO,1,0,0,0,0,0,0,False
2026,SP,250002530142,TATIANA LIMA SCHIMIGUEL,DEPUTADO FEDERAL,NOVO,2,2,0,0,0,0,0,False
2026,SP,250002530143,JANIEIRE MARIA SILVA,DEPUTADO FEDERAL,NOVO,1,1,0,0,0,0,0,False
2026,SP,250002530144,SIDNEY CARVALHO ELIAS,DEPUTADO FEDERAL,NOVO,1,1,0,0,0,0,0,False
2026,SP,250002530145,GUSTAVO LEOPOLDO RODRIGUES DARÉ,DEPUTADO FEDERAL,NOVO,1,1,0,0,0,0,0,False
2026,SP,250002530146,MARCOS VITOR LESSA,DEPUTADO FEDERAL,NOVO,1,1,0,0,0,0,0,False
2026,SP,250002530147,RAFAEL RIBEIRO ZUCCO,DEPUTADO FEDERAL,NOVO,1,1,0,0,0,0,0,False
2026,SP,250002530148,LUIS VICTOR ALVES DE OLIVEIRA,DEPUTADO FEDERAL,NOVO,1,1,0,0,0,0,0,False
2026,SP,250002530149,IZANA DE ASSIS OLIVEIRA,DEPUTADO FEDERAL,NOVO,3,1,0,0,0,0,0,False
2026,SP,250002530150,FELIPE OSCAR LEMES DA ROSA,DEPUTADO FEDERAL,NOVO,1,1,0,0,0,0,0,False
2026,SP,250002530151,STELLA MARIA CURY CALIA,DEPUTADO FEDERAL,NOVO,1,1,0,0,0,0,0,False
2026,SP,250002530152,DAMARIS DA SILVA DE SOUSA,DEPUTADO FEDERAL,NOVO,1,1,0,0,0,0,0,False
2026,SP,250002530153,EZEQUIAS FELIPPE RODRIGUES,DEPUTADO FEDERAL,NOVO,1,1,0,0,0,0,0,False
2026,SP,250002530154,PAULO PROIETI,DEPUTADO FEDERAL,NOVO,1,0,0,0,0,0,0,False
2026,SP,250002530155,BARBARA HUYARA DE OLIVEIRA VICTORIANO KOGOS,DEPUTADO FEDERAL,NOVO,1,1,0,0,0,0,0,False
2026,SP,250002530156,ANNA PAULA NASTRI FERNANDES NUNES,DEPUTADO FEDERAL,NOVO,1,1,0,0,0,0,0,False
2026,SP,250002530157,HELLEN FARIA MELO,DEPUTADO FEDERAL,NOVO,1,1,0,0,0,0,0,False
2026,SP,250002530158,LEONARDO DE SIQUEIRA LIMA,DEPUTADO FEDERAL,NOVO,1,1,0,0,0,0,0,False
2026,SP,250002530159,CRISTOVÃO HERNANDES DE OLIVEIRA,DEPUTADO FEDERAL,NOVO,3,2,0,1,1,0,0,True
2026,SP,250002530160,MARCELA TABATA GONÇALVES DO NASCIMENTO,DEPUTADO FEDERAL,NOVO,1,0,0,0,0,0,0,False
2026,SP,250002530161,JABS CRES MAIA SANTOS,DEPUTADO FEDERAL,NOVO,1,0,0,0,0,0,0,False
2026,SP,250002530162,PEDRO RODRIGUES DE MIRANDA NETO,DEPUTADO FEDERAL,NOVO,11,9,0,9,8,0,0,True
2026,SP,250002530163,CARLOS ALBERTO SERRA NETO,DEPUTADO FEDERAL,NOVO,2,0,0,0,0,0,0,False
2026,SP,250002530164,PRISCILA FELIX LOPES,DEPUTADO FEDERAL,NOVO,1,1,0,0,0,0,0,False
2026,SP,250002530165,SÉRGIO RICARDO DE CARVALHO NEVES,DEPUTADO FEDERAL,NOVO,1,1,0,0,0,0,0,False
2026,SP,250002530166,DOUGLAS MELO DE SOUSA,DEPUTADO FEDERAL,NOVO,1,1,0,0,0,0,0,False
2026,SP,250002530167,ADRIANA MIGUEL VENTURA,DEPUTADO FEDERAL,NOVO,1,1,0,0,0,0,0,False
2026,SP,250002530168,SIDNEY EDUARDO STAHL,DEPUTADO FEDERAL,NOVO,2,1,0,0,0,0,0,False
2026,SP,250002530169,TERESINHA DE ALMEIDA RAMOS NEVES,DEPUTADO FEDERAL,NOVO,1,0,0,0,0,0,0,False
2026,SP,250002530170,CHRISTIAN LOHBAUER,DEPUTADO FEDERAL,NOVO,1,1,0,0,0,0,0,False
2026,SP,250002530171,MARCOS CINTRA CAVALCANTI DE ALBUQUERQUE,DEPUTADO FEDERAL,NOVO,1,1,0,0,0,0,0,False
2026,SP,250002530172,AMANDA OLIVEIRA DE CASTRO,DEPUTADO FEDERAL,NOVO,1,1,0,0,0,0,0,False
2026,SP,250002530173,FABIO PHELIPE GARCIA PAGNOZZI,DEPUTADO FEDERAL,NOVO,4,2,0,0,0,0,0,False
2026,SP,250002530174,DÁCIO GOMYDE PRETONI,DEPUTADO FEDERAL,NOVO,1,1,0,0,0,0,0,False
2026,SP,250002530175,DANIEL DE OLIVEIRA MELO,DEPUTADO FEDERAL,NOVO,2,1,0,0,0,0,0,False
2026,SP,250002530176,WILLIAM CASTRO,DEPUTADO FEDERAL,NOVO,5,2,0,1,1,0,0,True
2026,SP,250002530177,CIBELE FRANCO NAZARETH,DEPUTADO FEDERAL,NOVO,1,1,0,0,0,0,0,False
2026,SP,250002530178,MARCO AURÉLIO MARTINS DE SOUSA,DEPUTADO FEDERAL,NOVO,2,1,0,0,0,0,0,False
2026,SP,250002530179,CARLOS ALBERTO DE SOUZA,DEPUTADO FEDERAL,NOVO,1,1,0,0,0,0,0,False
2026,SP,250002530180,MARIA ISABELLA GEDEON IZAR,DEPUTADO FEDERAL,NOVO,1,1,0,0,0,0,0,False
2026,SP,250002530181,FRANCISCO ALVES DE SOUSA,DEPUTADO ESTADUAL,NOVO,1,1,0,0,0,0,0,False
2026,SP,250002530182,MARIA DE JESUS RODRIGUES SORIANO,DEPUTADO ESTADUAL,NOVO,1,1,0,0,0,0,0,False
2026,SP,250002530183,LUIZ CARLOS DIAS,DEPUTADO ESTADUAL,NOVO,2,2,0,1,8,0,0,True
2026,SP,250002530184,JUSEMARA DE OLIVEIRA,DEPUTADO ESTADUAL,NOVO,2,1,0,0,0,0,0,False
2026,SP,250002530185,CÍCERA APARECIDA JACINTO VEDESCHI,DEPUTADO ESTADUAL,NOVO,1,1,0,0,0,0,0,False
2026,SP,250002530186,CARLOS HENRIQUE BARBOSA DE OLIVEIRA,DEPUTADO ESTADUAL,NOVO,4,3,0,0,0,0,0,False
2026,SP,250002530187,TATIANA SIMAIA BARBOSA MALHEIROS,DEPUTADO ESTADUAL,NOVO,1,0,0,0,0,0,0,False
2026,SP,250002530188,IZAIAS CEZAR DE OLIVEIRA LIMA,DEPUTADO ESTADUAL,NOVO,1,1,0,0,0,0,0,False
2026,SP,250002530189,MARIA EUNICE NEVES DO NASCIMENTO,DEPUTADO ESTADUAL,NOVO,4,0,0,0,0,0,0,False
2026,SP,250002530190,ELIZIANA TAVEIRA DA SILVA,DEPUTADO ESTADUAL,NOVO,1,0,0,0,0,0,0,False
2026,SP,250002530191,ANDRESSA MAYANNY DA SILVA LIMA,DEPUTADO ESTADUAL,NOVO,1,1,0,0,0,0,0,False
2026,SP,250002530192,MÁRCIO FRANCISCO CAVUTO,DEPUTADO ESTADUAL,NOVO,3,2,0,0,0,0,0,False
2026,SP,250002530193,ANDRÉ ELIAS RODINI LUIZ,DEPUTADO ESTADUAL,NOVO,1,1,0,0,0,0,0,False
2026,SP,250002530194,FRANCISCO GABRIEL GALEGO LIMA,DEPUTADO ESTADUAL,NOVO,1,1,0,0,0,0,0,False
2026,SP,250002530195,KATIA TORNELLI SALIM,DEPUTADO ESTADUAL,NOVO,1,1,0,0,0,0,0,False
2026,SP,250002530196,DIRCEU PUCHARELLI,DEPUTADO ESTADUAL,NOVO,3,2,0,0,0,0,0,False
2026,SP,250002530197,ANSELMO DUARTE DE SOUZA,DEPUTADO ESTADUAL,NOVO,1,1,0,0,0,0,0,False
2026,SP,250002530198,GILBERTO APARECIDO DA SILVA,DEPUTADO ESTADUAL,NOVO,1,0,0,0,0,0,0,False
2026,SP,250002530199,ROBERTO LUIZ DO NASCIMENTO,DEPUTADO ESTADUAL,NOVO,6,3,0,0,0,0,0,False
2026,SP,250002530200,MARCOS ANTONIO DE ALCÂNTARA PIRES,DEPUTADO ESTADUAL,NOVO,1,1,0,0,0,0,0,False
2026,SP,250002530201,VANESSA CRISTINA CUSTODIO,DEPUTADO ESTADUAL,NOVO,1,1,0,0,0,0,0,False
2026,SP,250002530202,RENATO VIEIRA DOS SANTOS,DEPUTADO ESTADUAL,NOVO,1,1,0,0,0,0,0,False
2026,SP,250002530203,RONALDO SANTOS ESTIMA JÚNIOR,DEPUTADO ESTADUAL,NOVO,1,1,0,0,0,0,0,False
2026,SP,250002530204,FILIPE ALVES BRIZOLLA,DEPUTADO ESTADUAL,NOVO,1,1,0,0,0,0,0,False
2026,SP,250002530205,JOÃO FRANCISCO TAMAYO,DEPUTADO ESTADUAL,NOVO,2,1,0,0,0,0,0,False
2026,SP,250002530206,GIOVANNI NICOLETTI,DEPUTADO ESTADUAL,NOVO,1,1,0,0,0,0,0,False
2026,SP,250002530207,SILVANA NUNES DI FELICE CUNHA,DEPUTADO ESTADUAL,NOVO,1,1,0,0,0,0,0,False
2026,SP,250002530208,PATRÍCIA MODESTO,DEPUTADO ESTADUAL,NOVO,1,1,0,0,0,0,0,False
2026,SP,250002530209,MARCIO DA SILVA SANTOS,DEPUTADO ESTADUAL,NOVO,5,2,0,0,0,0,0,False
2026,SP,250002530210,LARISSA REGINA OLIVEIRA SAAVEDRA,DEPUTADO ESTADUAL,NOVO,1,1,0,0,0,0,0,False
2026,SP,250002530211,RENATA DE BARROS CAMARGO BARBONE CALDEIRA DE CASTEL-BRANCO,DEPUTADO ESTADUAL,NOVO,3,2,0,0,0,0,0,False
2026,SP,250002530212,FERNANDO BRUDER TEODORO,DEPUTADO ESTADUAL,NOVO,2,2,0,0,0,0,0,False
2026,SP,250002530213,WARLEI DE FARIA,DEPUTADO ESTADUAL,NOVO,1,0,0,0,0,0,0,False
2026,SP,250002530214,GUSTAVO FONTANA ANDOLPHO,DEPUTADO ESTADUAL,NOVO,1,1,0,0,0,0,0,False
2026,SP,250002530215,ERIVELTON MARCOS PROÊNCIO,DEPUTADO ESTADUAL,NOVO,4,3,0,1,1,0,0,True
2026,SP,250002530216,MARCOS ANTONIO HOMSI GARCIA,DEPUTADO ESTADUAL,NOVO,1,1,0,0,0,0,0,False
2026,SP,250002530217,SAULO DE TARSO DA COSTA SILVA FREITAS,DEPUTADO ESTADUAL,NOVO,1,1,0,0,0,0,0,False
2026,SP,250002530218,LUIZ FILIPE LEME DE SOUZA,DEPUTADO ESTADUAL,NOVO,3,3,0,0,0,0,0,False
2026,SP,250002530219,HIGMAR DA SILVA LOPES,DEPUTADO ESTADUAL,NOVO,1,1,0,0,0,0,0,False
2026,SP,250002530220,MIQUÉIAS SOARES DE ANDRADE,DEPUTADO ESTADUAL,NOVO,1,0,0,0,0,0,0,False
2026,SP,250002530221,AMILTON AIRES DE ALENCAR,DEPUTADO ESTADUAL,NOVO,1,0,0,0,0,0,0,False
2026,SP,250002530222,ALEXANDRE TABAH,DEPUTADO ESTADUAL,NOVO,1,1,0,0,0,0,0,False
2026,SP,250002530223,FRANCISCO CARLOS AGUIAR DEL POENTE,DEPUTADO ESTADUAL,NOVO,2,2,0,1,3,0,0,True
2026,SP,250002530224,EDMILSON FONSECA FILHO,DEPUTADO ESTADUAL,NOVO,1,1,0,0,0,0,0,False
2026,SP,250002530225,PEDRO HENRIQUE DE SOUZA LIMA,DEPUTADO ESTADUAL,NOVO,1,1,0,0,0,0,0,False
2026,SP,250002530226,CAIO HENRIQUE DOS SANTOS SILVA,DEPUTADO ESTADUAL,NOVO,2,1,0,0,0,0,0,False
2026,SP,250002530227,CARLO CAUTI,DEPUTADO ESTADUAL,NOVO,1,0,0,0,0,0,0,False
2026,SP,250002530228,IGOR RICARDO HINOJOSA SANCHES,DEPUTADO ESTADUAL,NOVO,1,1,0,0,0,0,0,False
2026,SP,250002530229,LEOPOLDO PENTEADO BUTKIEWICZ,DEPUTADO ESTADUAL,NOVO,1,1,0,0,0,0,0,False
2026,SP,250002530230,ANDERSON DAMASCENO DIVINO,DEPUTADO ESTADUAL,NOVO,1,0,0,0,0,0,0,False
2026,SP,250002530231,ADINALDO DE ALMEIDA RIOS,DEPUTADO ESTADUAL,NOVO,1,0,0,0,0,0,0,False
2026,SP,250002530232,BRUNO RIBEIRO GODINHO,DEPUTADO ESTADUAL,NOVO,1,0,0,0,0,0,0,False
2026,SP,250002530233,TATIANA CRISTINA MELCHIORI MAFRA CARUSO,DEPUTADO ESTADUAL,NOVO,1,0,0,0,0,0,0,False
2026,SP,250002530234,RICARDO ROGERIO MEIRELLES,DEPUTADO ESTADUAL,NOVO,1,1,0,0,0,0,0,False
2026,SP,250002530235,CELINA MARTINS RAMALHO,DEPUTADO ESTADUAL,NOVO,1,0,0,0,0,0,0,False
2026,SP,250002530236,RAFAEL GEDEON IZAR,DEPUTADO ESTADUAL,NOVO,1,1,0,0,0,0,0,False
2026,SP,250002530237,THEREZA CHRISTINA FARIA LIMA,DEPUTADO ESTADUAL,NOVO,1,1,0,0,0,0,0,False
2026,SP,250002530238,ALEXANDRE HOIO DE SOUZA,DEPUTADO ESTADUAL,NOVO,3,1,0,1,1,0,0,True
2026,SP,250002530239,HENRIQUE KRIGNER LAINO,DEPUTADO ESTADUAL,NOVO,1,1,0,0,0,0,0,False
2026,SP,250002530240,JADIEL DE SOUSA MORAES,DEPUTADO ESTADUAL,NOVO,1,0,0,0,0,0,0,False
2026,SP,250002530241,SILVIA REGINA DE LUCA BESERRA,DEPUTADO ESTADUAL,NOVO,1,0,0,0,0,0,0,False
2026,SP,250002530242,VALDIVIA DOS SANTOS PASSONI,DEPUTADO ESTADUAL,NOVO,1,1,0,0,0,0,0,False
2026,SP,250002530243,WAGNER TADEU SILVA PRADO,DEPUTADO ESTADUAL,NOVO,6,2,0,0,0,0,0,False
2026,SP,250002530244,LUCIANO SERGIO PARRA E SILVA,DEPUTADO ESTADUAL,NOVO,2,1,0,0,0,0,0,False
2026,SP,250002530245,THAIS ELENA BATTAGLIN PEREIRA DE CAMPOS,DEPUTADO ESTADUAL,NOVO,1,1,0,0,0,0,0,False
2026,SP,250002530246,WAGNER DE BRITO TEIXEIRA,DEPUTADO ESTADUAL,NOVO,1,0,0,0,0,0,0,False
2026,SP,250002530247,ALEXANDRA DE ABREU,DEPUTADO ESTADUAL,NOVO,1,1,0,0,0,0,0,False
2026,SP,250002530248,MARCELA GOMES FERREIRA,DEPUTADO ESTADUAL,NOVO,3,2,0,1,1,0,0,True
2026,SP,250002530249,GISELE PRISCILA RAMOS DA SILVA,DEPUTADO ESTADUAL,NOVO,3,0,0,0,0,0,0,False
2026,SP,250002530250,ROGERIO DOMINGUES GAMEIRO,DEPUTADO ESTADUAL,NOVO,2,1,0,0,0,0,0,False
2026,SP,250002530251,HELIO KRAKAUER,DEPUTADO ESTADUAL,NOVO,1,1,0,0,0,0,0,False
2026,SP,250002530252,EMERSON RODRIGUES ROSA,DEPUTADO ESTADUAL,NOVO,1,1,0,0,0,0,0,False
2026,SP,250002530253,SOLANGE CORDEIRO VILLAS BÔAS,DEPUTADO ESTADUAL,NOVO,1,1,0,0,0,0,0,False
2026,SP,250002530254,LAIS HELENA PINHEIRO LIMA E SILVA,DEPUTADO ESTADUAL,NOVO,1,1,0,0,0,0,0,False
2026,SP,250002530255,LILIANE MATIAS DE ALMEIDA SILVA,DEPUTADO ESTADUAL,NOVO,1,1,0,0,0,0,0,False
2026,SP,250002530256,MARCIA HELENA CAPRARO,DEPUTADO ESTADUAL,NOVO,1,1,0,0,0,0,0,False
2026,SP,250002530257,LEDA PIRES CORREA,DEPUTADO ESTADUAL,NOVO,2,2,0,1,1,0,0,True
2026,SP,250002530258,MARCELO FARO,DEPUTADO ESTADUAL,NOVO,1,1,0,0,0,0,0,False
2026,SP,250002530259,ELTON TONY SOUZA PONDÉ COELHO,DEPUTADO ESTADUAL,NOVO,3,2,0,0,0,0,0,False
2026,SP,250002530260,FREDERICO BRAUN DAVILA,DEPUTADO ESTADUAL,NOVO,1,1,0,0,0,0,0,False
2026,SP,250002530261,LINCOLN VIEIRA BAILHÃO,DEPUTADO ESTADUAL,NOVO,1,1,0,0,0,0,0,False
2026,SP,250002530262,HAROLDO LUIZ NOGUEIRA DA SILVA,DEPUTADO ESTADUAL,NOVO,1,1,0,0,0,0,0,False
2026,SP,250002530263,RICARDO RAMOS,DEPUTADO ESTADUAL,NOVO,1,1,0,0,0,0,0,False
2026,SP,250002530264,RONALDO GALDINO DOS SANTOS,DEPUTADO ESTADUAL,NOVO,2,1,0,0,0,0,0,False
2026,SP,250002530265,CATHARINA CECHINATTO DE DONATO,DEPUTADO ESTADUAL,NOVO,1,1,0,0,0,0,0,False
2026,SP,250002530266,VANESSA FERREIRA SANT ANNA,DEPUTADO ESTADUAL,NOVO,1,1,0,0,0,0,0,False
2026,SP,250002530267,PEDRO SUPLICY DE BARROS BARRETO,DEPUTADO ESTADUAL,NOVO,1,1,0,0,0,0,0,False
2026,SP,250002530268,GERSON DOS SANTOS PIRES,DEPUTADO ESTADUAL,NOVO,1,0,0,0,0,0,0,False
2026,SP,250002530269,AURÉLIO ALVES HILA GIMENES,DEPUTADO ESTADUAL,NOVO,2,1,0,0,0,0,0,False
2026,SP,250002530270,LUÍS ALBERTO VAZ,DEPUTADO ESTADUAL,NOVO,1,1,0,0,0,0,0,False
2026,SP,250002530271,ALCINDO AUGUSTO FERRARI,DEPUTADO ESTADUAL,NOVO,1,1,0,0,0,0,0,False
2026,SP,250002530272,AUGUSTO DUARTE MOREIRA NETO,DEPUTADO ESTADUAL,NOVO,2,2,0,0,0,0,0,False
2026,SP,250002530273,ELISA DE OLIVEIRA COELHO MANOEL,DEPUTADO ESTADUAL,NOVO,1,0,0,0,0,0,0,False
2026,SP,250002530274,MONICA RAMIRES FERRAZ CURY,DEPUTADO ESTADUAL,NOVO,1,1,0,0,0,0,0,False
2026,SP,250002530275,CÁSSIA MUSSULINI,DEPUTADO ESTADUAL,NOVO,3,2,0,0,0,0,0,False
2026,SP,250002532342,ISRAEL NANTES SANTOS,DEPUTADO FEDERAL,PP,1,1,0,1,1,0,0,True
2026,SP,250002532358,MARINA DE SIQUEIRA PASSADORE,DEPUTADO FEDERAL,UNIÃO,3,3,0,1,1,0,0,True
2026,SP,250002532360,JOSIANE CRISTINA DE OLIVEIRA PORTES,DEPUTADO FEDERAL,UNIÃO,5,2,0,1,1,0,0,True
2026,SP,250002532361,RENAN DIAS DA MATA,DEPUTADO FEDERAL,UNIÃO,3,1,0,0,0,0,0,False
2026,SP,250002532364,ANDRÉ GEORGE NERES DE FARIAS,DEPUTADO FEDERAL,PP,2,1,0,0,0,0,0,False
2026,SP,250002532371,CRISTIANO VECCHI CASTRO LOPES,DEPUTADO FEDERAL,PP,3,1,0,0,0,0,0,False
2026,SP,250002532373,CRISTIANO MOREIRA PINTO BERALDO,DEPUTADO FEDERAL,PP,1,0,0,0,0,0,0,False
2026,SP,250002532380,CAMILA SOUZA CARDOSO,DEPUTADO FEDERAL,UNIÃO,4,1,0,0,0,0,0,False
2026,SP,250002532381,ADRILLES REIS JORGE,DEPUTADO FEDERAL,UNIÃO,5,1,0,0,0,0,0,False
2026,SP,250002532792,ROBERTO CARLOS FERREIRA,2º SUPLENTE,NOVO,1,0,0,0,0,0,0,False
2026,SP,250002532793,MARCOS DE ALCANTARA MACHADO,1º SUPLENTE,NOVO,1,0,0,0,0,0,0,False
2026,SP,250002532794,RICARDO DE AQUINO SALLES,SENADOR,NOVO,27,14,0,7,7,0,0,True
2026,SP,250002533610,SAMUEL HERISSON ZANELATO ELPIDIO DOS SANTOS,DEPUTADO FEDERAL,MDB,1,1,0,1,1,0,0,True
2026,SP,250002533611,KETLEN EVELIN SILVA VIEIRA,DEPUTADO FEDERAL,MDB,2,0,0,0,0,0,0,False
2026,SP,250002533613,CASSIO ELMO GONÇALVES GALLO,DEPUTADO FEDERAL,MDB,2,0,0,0,0,0,0,False
2026,SP,250002533614,REGINA LEITE TOLENTINO,DEPUTADO FEDERAL,MDB,1,1,0,0,0,0,0,False
2026,SP,250002533617,ROSENILDA FRANCELINA DA SILVA,DEPUTADO FEDERAL,MDB,3,1,0,0,0,0,0,False
2026,SP,250002533618,ELEAZAR MUNIZ JUNIOR,DEPUTADO FEDERAL,MDB,4,4,0,3,4,0,0,True
2026,SP,250002533621,ANDRE LUIS PEIXOTO PIROVANI,DEPUTADO FEDERAL,MDB,1,1,0,1,1,0,0,True
2026,SP,250002533623,ÍCARO LOPES MORALES,DEPUTADO FEDERAL,MDB,1,0,0,0,0,0,0,False
2026,SP,250002533625,JOÃO PEDRO MARTIN SASTRE MIRANDA,DEPUTADO FEDERAL,MDB,3,1,0,1,5,0,0,True
2026,SP,250002533627,APARECIDO PASCHOAL,DEPUTADO FEDERAL,MDB,4,2,0,1,1,0,0,True
2026,SP,250002533631,FLAVIO AUGUSTO DA SILVA,DEPUTADO FEDERAL,MDB,2,1,0,0,0,0,0,False
2026,SP,250002533633,BRUNA CAROLINE ITUASSU,DEPUTADO FEDERAL,MDB,2,1,0,1,1,0,0,True
2026,SP,250002533634,TOMIO YANO JUNIOR,DEPUTADO FEDERAL,MDB,12,1,0,0,0,0,0,False
2026,SP,250002533636,RUBINEIA MOREIRA BERGAMINI,DEPUTADO FEDERAL,MDB,2,0,0,0,0,0,0,False
2026,SP,250002533638,FABIO EDUARDO DE OLIVEIRA TERUEL,DEPUTADO FEDERAL,MDB,2,1,0,0,0,0,0,False
2026,SP,250002533641,ALEXANDRE SILVEIRA FINAZZI,DEPUTADO FEDERAL,MDB,1,0,0,0,0,0,0,False
2026,SP,250002533643,JEAN DORNELAS,DEPUTADO FEDERAL,MDB,1,1,0,0,0,0,0,False
2026,SP,250002533646,AMANDA SANTOS DA SILVA,DEPUTADO FEDERAL,MDB,1,0,0,0,0,0,0,False
2026,SP,250002533649,VALQUIRIA NASCIMENTO DOS SANTOS DONELLA,DEPUTADO FEDERAL,MDB,1,1,0,0,0,0,0,False
2026,SP,250002533655,JAQUELINE PINHEIRO DE ARAUJO DOS SANTOS,DEPUTADO FEDERAL,MDB,3,0,0,0,0,0,0,False
2026,SP,250002533659,RICHARD RASMUSSEN,DEPUTADO FEDERAL,MDB,5,1,0,0,0,0,0,False
2026,SP,250002533661,SAMUEL DE JESUS SANTOS PEREIRA,DEPUTADO FEDERAL,MDB,1,1,0,0,0,0,0,False
2026,SP,250002533668,GUILHERME TORRIGO PALLESI,DEPUTADO FEDERAL,MDB,3,3,0,1,1,0,0,True
2026,SP,250002533670,GUILHERME LAZO SOLANO NETO,DEPUTADO FEDERAL,MDB,5,4,0,1,1,0,0,True
2026,SP,250002533672,ALEXANDRE LUIZ TONETTI,DEPUTADO FEDERAL,MDB,1,1,0,1,1,0,0,True
2026,SP,250002533732,CARLA ELAINE DA SILVA PRATA,DEPUTADO ESTADUAL,UNIÃO,3,2,0,0,0,0,0,False
2026,SP,250002533733,LUIZ ANTONIO TOZI,DEPUTADO ESTADUAL,UNIÃO,1,1,0,0,0,0,0,False
2026,SP,250002533736,MARCIA REBESCHINI PATELLA DA SILVA,DEPUTADO ESTADUAL,UNIÃO,1,0,0,0,0,0,0,False
2026,SP,250002533743,MARIA APARECIDA REZENDE CORSATO,DEPUTADO ESTADUAL,UNIÃO,1,1,0,0,0,0,0,False
2026,SP,250002533756,DANIEL BEZERRA RIBEIRO SOARES,DEPUTADO ESTADUAL,UNIÃO,1,1,0,0,0,0,0,False
2026,SP,250002533759,FELIPE SOUZA MURAKAMI DE FRANCO,DEPUTADO ESTADUAL,UNIÃO,1,1,0,0,0,0,0,False
2026,SP,250002533787,ROSANGELA MARIA LOPES,DEPUTADO ESTADUAL,UNIÃO,3,0,0,0,0,0,0,False
2026,SP,250002533788,ALTOBELI SANTOS DA SILVA,DEPUTADO ESTADUAL,UNIÃO,2,0,0,0,0,0,0,False
2026,SP,250002533792,JOÃO DONIZETI SILVESTRE,DEPUTADO ESTADUAL,UNIÃO,3,2,0,0,0,0,0,False
2026,SP,250002533793,DÉCIO MARMIROLLI,DEPUTADO ESTADUAL,UNIÃO,1,1,0,0,0,0,0,False
2026,SP,250002533799,TELMA MARA DOS SANTOS RODOLPHO,DEPUTADO ESTADUAL,PP,1,1,0,0,0,0,0,False
2026,SP,250002533806,ANTONIO CARLOS DA SILVA,DEPUTADO ESTADUAL,UNIÃO,9,9,0,5,38,0,0,True
2026,SP,250002533807,CLODOALDO DIAS GUIMARÃES,DEPUTADO ESTADUAL,PP,2,2,0,1,1,0,0,True
2026,SP,250002533809,DOUGLAS GARCIA BISPO DOS SANTOS,DEPUTADO ESTADUAL,UNIÃO,1,0,0,0,0,0,0,False
2026,SP,250002533950,JOSELITO DE SOUSA LIMA,DEPUTADO ESTADUAL,MDB,1,1,0,1,1,0,0,True
2026,SP,250002533952,NEWTON GERMANO DE MORAES,DEPUTADO ESTADUAL,MDB,1,0,0,0,0,0,0,False
2026,SP,250002533953,IZAIAS JOSÉ DE SANTANA,DEPUTADO ESTADUAL,MDB,1,1,0,1,3,0,0,True
2026,SP,250002534170,VANESSA MADALENA DA COSTA FORTES,DEPUTADO ESTADUAL,SOLIDARIEDADE,1,0,0,0,0,0,0,False
2026,SP,250002534178,ATILA CESAR MONTEIRO JACOMUSSI,DEPUTADO ESTADUAL,PRD,7,3,0,0,0,0,0,False
2026,SP,250002534194,ISAIAS LEÃO  MACHADO FELIX,DEPUTADO ESTADUAL,MDB,4,3,0,1,1,0,0,True
2026,SP,250002534198,DANIELLE SANTOS SILVA,DEPUTADO ESTADUAL,MDB,10,1,0,0,0,0,0,False
2026,SP,250002534204,ANDERSON PRADO DE LIMA,DEPUTADO ESTADUAL,MDB,1,1,0,0,0,0,0,False
2026,SP,250002534219,JULIO CESAR MENDES,DEPUTADO ESTADUAL,MDB,1,1,0,0,0,0,0,False
2026,SP,250002534222,JAILTON RAPOSO,DEPUTADO ESTADUAL,MDB,1,1,0,1,1,0,0,True
2026,SP,250002534233,MARCELO APARECIDO ALVES DE SOUZA,DEPUTADO ESTADUAL,MDB,1,1,0,0,0,0,0,False
2026,SP,250002534238,ELISABETE FERREIRA SATO,DEPUTADO ESTADUAL,MDB,2,2,0,0,0,0,0,False
2026,SP,250002534242,JORGE LUIS CARUSO,DEPUTADO ESTADUAL,MDB,2,1,0,0,0,0,0,False
2026,SP,250002534244,FABIO LOPES BELLI,DEPUTADO ESTADUAL,MDB,1,0,0,0,0,0,0,False
2026,SP,250002534257,JOSÉ ROBERTO FRANCO DE CAMARGO,DEPUTADO ESTADUAL,MDB,1,1,0,1,2,0,0,True
2026,SP,250002534263,WALDEMAR PEREIRA DE QUEIROZ,DEPUTADO ESTADUAL,MDB,4,2,0,2,2,0,0,True
2026,SP,250002534401,OZIEL PIRES DE MORAES,DEPUTADO FEDERAL,SOLIDARIEDADE,1,0,0,0,0,0,0,False
2026,SP,250002534402,ALINE APARECIDA TRISTÃO DA SILVA,DEPUTADO FEDERAL,SOLIDARIEDADE,1,0,0,0,0,0,0,False
2026,SP,250002534410,PAULO JOSE DA SILVA JUNIOR,DEPUTADO FEDERAL,SOLIDARIEDADE,1,0,0,0,0,0,0,False
2026,SP,250002534411,PAULO AURELIO BIANCHINI,DEPUTADO FEDERAL,SOLIDARIEDADE,1,1,0,0,0,0,0,False
2026,SP,250002534940,FABIO DEL MONTE SOBRINHO,DEPUTADO FEDERAL,SOLIDARIEDADE,1,0,0,0,0,0,0,False
2026,SP,250002534949,LORENY MAYARA CAETANO ROBERTO,DEPUTADO FEDERAL,SOLIDARIEDADE,2,1,0,0,0,0,0,False
2026,SP,250002535932,BARBARA HANNELORE DA SILVA MENDES,DEPUTADO FEDERAL,PL,7,1,0,0,0,0,0,False
2026,SP,250002535937,FHRAN DA SILVA MARÇAL,DEPUTADO FEDERAL,PL,3,2,0,0,0,0,0,False
2026,SP,250002535948,MIGUEL LOMBARDI,DEPUTADO FEDERAL,PL,1,0,0,0,0,0,0,False
2026,SP,250002535950,FELIPE AUGUSTO TEDESCHI LINTZ,DEPUTADO FEDERAL,PL,2,1,0,1,1,0,0,True
2026,SP,250002535953,DIMAS MECCA SAMPAIO,DEPUTADO FEDERAL,PL,1,1,0,1,1,0,0,True
2026,SP,250002535957,ANTONIO CEZAR CORREIA FREIRE,DEPUTADO FEDERAL,PL,1,1,0,1,1,0,0,True
2026,SP,250002535959,MARIO LUIS FRIAS,DEPUTADO FEDERAL,PL,6,2,0,1,1,0,0,True
2026,SP,250002535963,ROGERIO LUIZ ZERAIK ABDALLA,DEPUTADO FEDERAL,PL,8,3,0,0,0,0,0,False
2026,SP,250002535964,CARLOS ALBERTO GOMES,DEPUTADO FEDERAL,PL,8,7,0,3,3,0,0,True
2026,SP,250002535966,SOPHIA BARCLAY GOMES CLAUDINO,DEPUTADO FEDERAL,PL,3,2,0,1,1,0,0,True
2026,SP,250002535968,LUIZ CARLOS MOTTA,DEPUTADO FEDERAL,PL,1,1,0,0,0,0,0,False
2026,SP,250002535972,ROSANA DE OLIVEIRA VALLE,DEPUTADO FEDERAL,PL,2,2,0,0,0,0,0,False
2026,SP,250002535976,KATIA DA SILVA SASTRE,DEPUTADO FEDERAL,PL,1,0,0,0,0,0,0,False
2026,SP,250002535985,RITA LUZIA ZAMBELLI SALGADO,DEPUTADO FEDERAL,PL,1,1,0,0,0,0,0,False
2026,SP,250002535988,SERGIO DE MOURA CAVALCANTI,DEPUTADO FEDERAL,PL,1,0,0,0,0,0,0,False
2026,SP,250002535998,KELMON LUÍS DA SILVA SOUZA,DEPUTADO FEDERAL,PL,5,0,0,0,0,0,0,False
2026,SP,250002536248,AGNERIO NERI FERREIRA,DEPUTADO ESTADUAL,PT,2,0,0,0,0,0,0,False
2026,SP,250002536255,SÉRGIO JOSÉ CUSTÓDIO,DEPUTADO ESTADUAL,PT,4,3,0,2,1,0,0,True
2026,SP,250002536272,ROSIMEIRE APARECIDA ANTUNES DA SILVA,DEPUTADO ESTADUAL,PT,3,0,0,0,0,0,0,False
2026,SP,250002536344,MOSART ARAGÃO PEREIRA,DEPUTADO ESTADUAL,PL,4,0,0,0,0,0,0,False
2026,SP,250002536346,HUGO PEREIRA DE CASTRO,DEPUTADO ESTADUAL,PL,5,2,0,0,0,0,0,False
2026,SP,250002536347,FLAVIO DO AMARAL,DEPUTADO ESTADUAL,PL,2,2,0,1,1,0,0,True
2026,SP,250002536349,AIRTON RAMON ALVES DA SILVA LIMA,DEPUTADO ESTADUAL,PL,2,1,0,0,0,0,0,False
2026,SP,250002536353,THOMAZ HENRIQUE BARBOSA DA SILVA,DEPUTADO ESTADUAL,PL,1,1,0,0,0,0,0,False
2026,SP,250002536354,FRANCIELE CRISTINA VILLA MATOS,DEPUTADO ESTADUAL,PL,5,0,0,0,0,0,0,False
2026,SP,250002536355,ANNA CAROLINA GONCALVES AMARO,DEPUTADO ESTADUAL,PL,3,1,0,0,0,0,0,False
2026,SP,250002536358,DANIELE MAZUQUELI ALONSO ROSA,DEPUTADO ESTADUAL,PL,1,1,0,1,1,0,0,True
2026,SP,250002536370,JULIO CESAR CACCIARI DE MOURA,DEPUTADO ESTADUAL,PL,1,1,0,0,0,0,0,False
2026,SP,250002536375,ISAAC DAL COL ANTUNES,DEPUTADO ESTADUAL,PL,3,3,0,1,1,0,0,True
2026,SP,250002536392,VALERIA MULLER RAMOS BOLSONARO,DEPUTADO ESTADUAL,PL,2,0,0,0,0,0,0,False
2026,SP,250002536395,MATHEUS COIMBRA MARTINS DE AGUIAR,DEPUTADO ESTADUAL,PL,2,2,0,1,1,0,0,True
2026,SP,250002536403,EDUARDO VIANA TEDESCHI,DEPUTADO ESTADUAL,PL,6,2,0,0,0,0,0,False
2026,SP,250002536414,JOSE NILTON SANTOS,DEPUTADO ESTADUAL,PL,1,1,0,1,1,0,0,True
2026,SP,250002536415,FABIO PAGANOTTO CARVALHO,DEPUTADO ESTADUAL,PL,1,1,0,0,0,0,0,False
2026,SP,250002536416,ANA PAULA KUZNIER CARNEIRO,DEPUTADO ESTADUAL,PL,6,4,0,2,1,0,0,True
2026,SP,250002536716,MARI LAILA TANIOS MAALOULI,DEPUTADO FEDERAL,PCDOB,1,1,0,0,0,0,0,False
2026,SP,250002536719,ARLINDO CHIGNALIA JUNIOR,DEPUTADO FEDERAL,PT,3,2,0,0,0,0,0,False
2026,SP,250002536721,EMANUELA OLIVEIRA DE ALMEIDA BARROS,DEPUTADO FEDERAL,PT,2,2,0,0,0,0,0,False
2026,SP,250002536722,FRANCISCO DANIEL CELEGUIM DE MORAIS,DEPUTADO FEDERAL,PT,1,1,0,0,0,0,0,False
2026,SP,250002536729,GREGORY FRANÇA NARESSI,DEPUTADO FEDERAL,PT,3,2,0,0,0,0,0,False
2026,SP,250002536734,JULIANA CARDOSO,DEPUTADO FEDERAL,PT,1,1,0,0,0,0,0,False
2026,SP,250002536740,ADRIANA MARTINS DE SOUZA,DEPUTADO FEDERAL,PT,2,1,0,0,0,0,0,False
2026,SP,250002536743,EDSON ANTONIO EDINHO DA SILVA,DEPUTADO FEDERAL,PT,2,2,0,0,0,0,0,False
2026,SP,250002536751,MARGARIDA DA SILVA CALIXTO,DEPUTADO FEDERAL,PT,3,2,0,0,0,0,0,False
2026,SP,250002536756,ALFREDO ALVES CAVALCANTE,DEPUTADO FEDERAL,PT,2,1,0,0,0,0,0,False
2026,SP,250002536759,EDSON DA PAZ,DEPUTADO FEDERAL,PT,4,4,0,1,1,0,0,True
2026,SP,250002536760,JEAN WYLLYS DE MATOS SANTOS,DEPUTADO FEDERAL,PT,3,2,0,1,5,0,0,True
2026,SP,250002536765,CICERA MARIA DA CONCEICAO,DEPUTADO FEDERAL,PT,5,5,0,5,5,0,0,True
2026,SP,250002536815,MARIANA ROSSETO SANTOS,DEPUTADO ESTADUAL,PT,1,0,0,0,0,0,0,False
2026,SP,250002536816,SILVANO PORTO RODRIGUES,DEPUTADO ESTADUAL,PT,1,1,0,1,2,0,0,True
2026,SP,250002536820,ISABELLY MARIA DE CARVALHO,DEPUTADO ESTADUAL,PT,1,1,0,0,0,0,0,False
2026,SP,250002536824,WILLIAM DE SOUZA ROSA,DEPUTADO ESTADUAL,PT,2,2,0,2,3,0,0,True
2026,SP,250002536826,MARIO MAURICI DE LIMA MORAIS,DEPUTADO ESTADUAL,PT,2,2,0,2,2,0,0,True
2026,SP,250002536827,FABIO SELLES RIBEIRO,DEPUTADO ESTADUAL,PT,1,1,0,1,1,0,0,True
2026,SP,250002536829,MARCELO NUNES SEMINALDO,DEPUTADO ESTADUAL,PT,1,1,0,1,1,0,0,True
2026,SP,250002536832,CLARACI SOUSA SILVA,DEPUTADO ESTADUAL,PT,1,1,0,1,1,0,0,True
2026,SP,250002536841,LEONARDO DOS REIS ADORNO BECKER GRANDINI,DEPUTADO ESTADUAL,PT,1,0,0,0,0,0,0,False
2026,SP,250002536844,EDUARDO CARLOS RODRIGUES,DEPUTADO ESTADUAL,PT,3,3,0,1,5,0,0,True
2026,SP,250002536847,NEWTON LIMA NETO,DEPUTADO ESTADUAL,PT,4,3,0,1,1,0,0,True
2026,SP,250002536853,CLAUDIO APARECIDO DA SILVA,DEPUTADO ESTADUAL,PT,3,3,0,2,2,0,0,True
2026,SP,250002536915,VERA LÚCIA PEREIRA DA SILVA SALGADO,GOVERNADOR,PSTU,3,0,0,0,0,0,0,False
2026,SP,250002536916,RENATA LONGATTI FRANÇA,VICE-GOVERNADOR,PSTU,3,1,0,0,0,0,0,False
2026,SP,250002537941,ANILDE VIANA ZANETTI,DEPUTADO FEDERAL,REPUBLICANOS,15,6,0,0,0,0,0,False
2026,SP,250002537943,MARIA DO PARTO MENDES ROSAS,DEPUTADO FEDERAL,REPUBLICANOS,2,0,0,0,0,0,0,False
2026,SP,250002537945,CLAUDIO LUIS CAIVANO,DEPUTADO FEDERAL,REPUBLICANOS,1,1,0,1,4,0,0,True
2026,SP,250002537948,ANDRE ROSSI MOLINARO,DEPUTADO FEDERAL,REPUBLICANOS,2,1,0,0,0,0,0,False
2026,SP,250002537949,ANGELO LUIZ CESARIO,DEPUTADO FEDERAL,REPUBLICANOS,6,3,0,0,0,0,0,False
2026,SP,250002537951,ANTONIO MARCOS DE ABREU,DEPUTADO FEDERAL,REPUBLICANOS,4,4,0,2,2,0,0,True
2026,SP,250002537952,RITA DE CASSIA SANTANA,DEPUTADO FEDERAL,REPUBLICANOS,1,1,0,0,0,0,0,False
2026,SP,250002537953,CLAUDINEI ALVES DOS SANTOS,DEPUTADO FEDERAL,REPUBLICANOS,1,0,0,0,0,0,0,False
2026,SP,250002537955,JOAO CARLOS GALASSI,DEPUTADO FEDERAL,REPUBLICANOS,2,1,0,0,0,0,0,False
2026,SP,250002537956,OSVALDO DE QUADRO,DEPUTADO FEDERAL,REPUBLICANOS,3,2,0,0,0,0,0,False
2026,SP,250002537957,LEONICE LEONCIA DOS SANTOS,DEPUTADO FEDERAL,REPUBLICANOS,1,0,0,0,0,0,0,False
2026,SP,250002537958,FRANCISCO DE ASSIS CARVALHO ARTEN,DEPUTADO FEDERAL,REPUBLICANOS,16,12,0,8,8,0,0,True
2026,SP,250002537959,RONALD LUIZ NICOLACI FINCATTI,DEPUTADO FEDERAL,REPUBLICANOS,6,3,0,1,1,0,0,True
2026,SP,250002537965,FLAVIO MARTINS ALVES NUNES JUNIOR,DEPUTADO FEDERAL,REPUBLICANOS,3,0,0,0,0,0,0,False
2026,SP,250002537966,BRUNO RAFAEL MARQUES ZANCHETA,DEPUTADO FEDERAL,REPUBLICANOS,2,1,0,0,0,0,0,False
2026,SP,250002537969,CELSO UBIRAJARA RUSSOMANNO,DEPUTADO FEDERAL,REPUBLICANOS,5,2,0,1,6,0,0,True
2026,SP,250002537970,TOME ABDUCH,DEPUTADO FEDERAL,REPUBLICANOS,3,0,0,0,0,0,0,False
2026,SP,250002537971,ROBERTO ALVES DE LUCENA,DEPUTADO FEDERAL,REPUBLICANOS,1,0,0,0,0,0,0,False
2026,SP,250002537972,JOSÉ SIQUEIRA BARROS JUNIOR,DEPUTADO FEDERAL,REPUBLICANOS,6,2,0,1,1,0,0,True
2026,SP,250002537975,ALBERT HENRIQUE NEVES,DEPUTADO FEDERAL,REPUBLICANOS,2,2,0,2,1,0,0,True
2026,SP,250002537976,MILTON VIEIRA PINTO,DEPUTADO FEDERAL,REPUBLICANOS,7,4,0,2,2,0,0,True
2026,SP,250002537977,MARCOS JULIANO FERREIRA,DEPUTADO FEDERAL,REPUBLICANOS,2,2,0,2,1,0,0,True
2026,SP,250002537978,RENATO TAROCO,DEPUTADO FEDERAL,REPUBLICANOS,4,2,0,2,2,0,0,True
2026,SP,250002537979,GUILHERME PIAI SILVA FILIZZOLA,DEPUTADO FEDERAL,REPUBLICANOS,4,3,0,3,3,0,0,True
2026,SP,250002537980,GERICE REGO LIONE,DEPUTADO FEDERAL,REPUBLICANOS,5,5,0,1,1,0,0,True
2026,SP,250002537981,JOSE CARLOS VAZ DE LIMA,DEPUTADO FEDERAL,REPUBLICANOS,2,2,0,0,0,0,0,False
2026,SP,250002537982,MARCELO HENRIQUE SILVA,DEPUTADO FEDERAL,REPUBLICANOS,3,2,0,0,0,0,0,False
2026,SP,250002537983,EDER ALBERTO RAMOS MAXIMO,DEPUTADO FEDERAL,REPUBLICANOS,2,1,0,0,0,0,0,False
2026,SP,250002537984,MARCO ANTONIO SCARASATI VINHOLI,DEPUTADO FEDERAL,REPUBLICANOS,4,1,0,0,0,0,0,False
2026,SP,250002537985,RICARDO HOLZ VIDAL DOS SANTOS,DEPUTADO FEDERAL,REPUBLICANOS,1,0,0,0,0,0,0,False
2026,SP,250002537986,VALDIRENE APARECIDA DE MARCHIORI,DEPUTADO FEDERAL,REPUBLICANOS,9,9,0,7,8,0,0,True
2026,SP,250002537987,FLEITAS FIDELES MONTEIRO,DEPUTADO FEDERAL,REPUBLICANOS,1,1,0,1,2,0,0,True
2026,SP,250002537988,TERESINHA DE CARVALHO,DEPUTADO FEDERAL,REPUBLICANOS,2,1,0,0,0,0,0,False
2026,SP,250002538893,NIDIA LIMA QUEIROZ DOS SANTOS,DEPUTADO ESTADUAL,PSOL,3,2,0,0,0,0,0,False
2026,SP,250002538894,MARIA APARECIDA AIRES DA SILVA,DEPUTADO ESTADUAL,PSOL,3,2,0,0,0,0,0,False
2026,SP,250002538895,RUI TORQUATO OLIVEIRA,DEPUTADO ESTADUAL,PSOL,6,6,0,3,5,0,0,True
2026,SP,250002538897,EDVALDO GOMES SILVA,DEPUTADO ESTADUAL,PSOL,8,6,0,3,3,0,0,True
2026,SP,250002538901,THIAGO LIMA DE FREITAS,DEPUTADO ESTADUAL,REDE,1,1,0,0,0,0,0,False
2026,SP,250002538904,EDIANE MARIA DO NASCIMENTO,DEPUTADO ESTADUAL,PSOL,5,1,0,0,0,0,0,False
2026,SP,250002538907,FERNANDA MARIA DA SILVA,DEPUTADO ESTADUAL,PSOL,1,1,0,1,1,0,0,True
2026,SP,250002538910,JOSE AGRIPINO DA SILVA,DEPUTADO ESTADUAL,PSOL,1,1,0,0,0,0,0,False
2026,SP,250002538913,DANIEL ABRANCHES DOS REIS BARROS,DEPUTADO ESTADUAL,PSOL,1,0,0,0,0,0,0,False
2026,SP,250002538914,FABIO PEREIRA DOS SANTOS,DEPUTADO ESTADUAL,PSOL,3,3,0,1,1,0,0,True
2026,SP,250002538915,BRUNO RAFAEL DE OLIVEIRA JORDANI,DEPUTADO ESTADUAL,PSOL,2,2,0,1,1,0,0,True
2026,SP,250002538916,FRANCISCO PAULO GRETER,DEPUTADO ESTADUAL,PSOL,2,2,0,2,2,0,0,True
2026,SP,250002538918,MONICA CRISTINA SEIXAS BONFIM,DEPUTADO ESTADUAL,PSOL,1,0,0,0,0,0,0,False
2026,SP,250002538920,GENESIO DOS SANTOS,DEPUTADO ESTADUAL,PSOL,8,7,0,5,5,0,0,True
2026,SP,250002538921,JOSE LUIZ MONTEIRO,DEPUTADO ESTADUAL,PSOL,13,12,0,8,8,0,0,True
2026,SP,250002538923,RAFAEL GONZAGA DE OLIVEIRA SANTANA,DEPUTADO ESTADUAL,PSOL,5,2,0,1,1,0,0,True
2026,SP,250002538924,ROSIVALDO DE JESUS SANTOS,DEPUTADO ESTADUAL,PSOL,4,2,0,0,0,0,0,False
2026,SP,250002538925,VALDENOR SILVA DOS SANTOS,DEPUTADO ESTADUAL,PSOL,5,5,0,2,2,0,0,True
2026,SP,250002538926,SOFIA FAVERO,DEPUTADO ESTADUAL,PSOL,3,0,0,0,0,0,0,False
2026,SP,250002538927,GHAYEQUER GODOY SOUZA,DEPUTADO ESTADUAL,PSOL,3,2,0,0,0,0,0,False
2026,SP,250002538930,CLAUDINEY GENEROSO,DEPUTADO ESTADUAL,PSOL,1,0,0,0,0,0,0,False
2026,SP,250002538931,SENIVALDO ALVES DA SILVA,DEPUTADO ESTADUAL,PSOL,2,2,0,2,1,0,0,True
2026,SP,250002539244,LEONORA MENDES DE LIMA,DEPUTADO ESTADUAL,PSB,1,1,0,0,0,0,0,False
2026,SP,250002539245,VICTOR AUGUSTO VILANUEVA GOMES,DEPUTADO ESTADUAL,PSB,5,2,0,0,0,0,0,False
2026,SP,250002539246,NATALINO DE SOUZA,DEPUTADO ESTADUAL,PSB,1,1,0,0,0,0,0,False
2026,SP,250002539247,AGNALDO APARECIDO DE ARAÚJO,DEPUTADO ESTADUAL,PSB,2,2,0,0,0,0,0,False
2026,SP,250002539250,ANTONIO DE SOUSA RAMALHO,DEPUTADO ESTADUAL,PSB,4,4,0,3,3,0,0,True
2026,SP,250002539253,IVONE FERNANDES DIAS DO NASCIMENTO,DEPUTADO ESTADUAL,PSB,2,1,0,0,0,0,0,False
2026,SP,250002539255,CLAUDIO BARBOSA VENTURA,DEPUTADO ESTADUAL,PSB,3,2,0,1,1,0,0,True
2026,SP,250002539258,GARCIA RODRIGUES DA SILVA,DEPUTADO ESTADUAL,PSB,1,1,0,0,0,0,0,False
2026,SP,250002539262,FABIO CESAR FERREIRA,DEPUTADO ESTADUAL,PSB,1,1,0,0,0,0,0,False
2026,SP,250002539263,PAULO SERGIO CAMOLESI,DEPUTADO ESTADUAL,PSB,2,2,0,0,0,0,0,False
2026,SP,250002539264,MARIA JOSE DOS SANTOS CHAVES,DEPUTADO ESTADUAL,PSB,1,1,0,0,0,0,0,False
2026,SP,250002539265,MARIA JOSE DA SILVA BEZERRA,DEPUTADO ESTADUAL,PSB,1,1,0,0,0,0,0,False
2026,SP,250002539266,ZENIL MOREIRA DA COSTA FILHO,DEPUTADO ESTADUAL,PSB,2,2,0,1,1,0,0,True
2026,SP,250002539267,CARLOS ALBERTO DE SOUSA,DEPUTADO ESTADUAL,PSB,1,1,0,1,10,0,0,True
2026,SP,250002539269,ANTONIO CARLOS COLNAGO,DEPUTADO ESTADUAL,PSB,1,1,0,0,0,0,0,False
2026,SP,250002539270,JULIANE VILELA MUNIZ,DEPUTADO ESTADUAL,PSB,1,1,0,1,2,0,0,True
2026,SP,250002539273,FABIANO JUNIOR LEITE DE SOUZA,DEPUTADO ESTADUAL,PSB,2,1,0,0,0,0,0,False
2026,SP,250002539274,HELEN PATRICIA MERIM,DEPUTADO ESTADUAL,PSB,2,2,0,2,1,0,0,True
2026,SP,250002539275,REBECA CRISTINA DE SOUZA,DEPUTADO ESTADUAL,PSB,1,1,0,0,0,0,0,False
2026,SP,250002539276,AUGUSTO DE LIMA GUERRA,DEPUTADO ESTADUAL,PSB,1,1,0,1,1,0,0,True
2026,SP,250002539277,MARCOS ANTONIO FERREIRA,DEPUTADO ESTADUAL,PSB,1,1,0,1,11,0,0,True
2026,SP,250002539278,ANDRÉ LUIS DE MORAES,DEPUTADO ESTADUAL,PSB,6,4,0,1,1,0,0,True
2026,SP,250002539279,AILTON FERNANDES SARMENTO,DEPUTADO ESTADUAL,PSB,1,0,0,0,0,0,0,False
2026,SP,250002539280,FRANCISCO DE PAULA DE OLIVEIRA LEITE,DEPUTADO ESTADUAL,PSB,1,1,0,0,0,0,0,False
2026,SP,250002539282,FLORISVALDO PALMEIRA ALVES,DEPUTADO ESTADUAL,PSB,1,0,0,0,0,0,0,False
2026,SP,250002539284,ANDREIA DE SANT ANNA PONCIANO PRATES,DEPUTADO ESTADUAL,PSB,3,2,0,0,0,0,0,False
2026,SP,250002539287,ODIMIR LAZARO DE JESUS BONASSA,DEPUTADO ESTADUAL,PSB,1,1,0,0,0,0,0,False
2026,SP,250002539289,MARIO SERGIO TASSINARI,DEPUTADO ESTADUAL,PSB,1,1,0,0,0,0,0,False
2026,SP,250002539292,ISABEL CRISTINA RODRIGUES,DEPUTADO ESTADUAL,PSB,1,1,0,0,0,0,0,False
2026,SP,250002539293,FRANCISCO MARCIO DE CARVALHO,DEPUTADO ESTADUAL,PSB,2,1,0,1,1,0,0,True
2026,SP,250002539298,VALDOMIRO LOPES DA SILVA JUNIOR,DEPUTADO ESTADUAL,PSB,28,16,0,4,4,0,0,True
2026,SP,250002539300,JONAS WAGNER MARCELINO,DEPUTADO ESTADUAL,PSB,1,1,0,0,0,0,0,False
2026,SP,250002539301,CARLOS PINTO FERREIRA BARROS,DEPUTADO ESTADUAL,PSB,1,1,0,0,0,0,0,False
2026,SP,250002539302,DENISE LIRA,DEPUTADO ESTADUAL,PSB,1,0,0,0,0,0,0,False
2026,SP,250002539304,MARCIO DARLEI MACEDO,DEPUTADO ESTADUAL,PSB,1,1,0,1,1,0,0,True
2026,SP,250002539305,CAROLINE QUATRINI DA SILVA,DEPUTADO ESTADUAL,PSB,1,1,0,1,1,0,0,True
2026,SP,250002539309,LUIZ EUSTAQUIO DOS SANTOS,DEPUTADO ESTADUAL,PSB,1,0,0,0,0,0,0,False
2026,SP,250002539314,RODRIGO GONZALES TAPIA,DEPUTADO ESTADUAL,PSB,1,1,0,1,3,0,0,True
2026,SP,250002539322,EDNEI APARECIDO VALENCIO,DEPUTADO ESTADUAL,PSB,1,0,0,0,0,0,0,False
2026,SP,250002539328,ABDULBASET JAROUR,DEPUTADO ESTADUAL,PSB,1,1,0,1,1,0,0,True
2026,SP,250002539386,GILSON DE SOUZA,DEPUTADO FEDERAL,PSB,1,1,0,0,0,0,0,False
2026,SP,250002539387,BENEDITO FURTADO DE ANDRADE,DEPUTADO FEDERAL,PSB,2,0,0,0,0,0,0,False
2026,SP,250002539388,LUZIMAR RODRIGUES DA SILVA,DEPUTADO FEDERAL,PSB,5,3,0,0,0,0,0,False
2026,SP,250002539389,LUCIANO HENRIQUE PARRA DA LUZ,DEPUTADO FEDERAL,PSB,3,1,0,0,0,0,0,False
2026,SP,250002539393,LEANDRO DE LIMA LIRA,DEPUTADO FEDERAL,PSB,5,1,0,0,0,0,0,False
2026,SP,250002539394,MARIA APARECIDA AIRES,DEPUTADO FEDERAL,PSB,6,4,0,1,1,0,0,True
2026,SP,250002539395,MARIJANE JOSE DE SOUZA,DEPUTADO FEDERAL,PSB,2,1,0,0,0,0,0,False
2026,SP,250002539396,YAGO DE OLIVEIRA TORRES PINTO,DEPUTADO FEDERAL,PSB,6,3,0,0,0,0,0,False
2026,SP,250002539397,RICARDO MAGNUS OSORIO GALVÃO,DEPUTADO FEDERAL,PSB,1,0,0,0,0,0,0,False
2026,SP,250002539398,ODAIR EUSTAQUIO RIBEIRO GOMES,DEPUTADO FEDERAL,PSB,5,2,0,0,0,0,0,False
2026,SP,250002539403,RUBENS CLAUDIO SIQUEIRA NERI,DEPUTADO FEDERAL,PSB,5,4,0,1,7,0,0,True
2026,SP,250002539404,LUCIMEIRE APARECIDA DE ALMEIDA BARBOSA,DEPUTADO FEDERAL,PSB,6,2,0,0,0,0,0,False
2026,SP,250002539406,SAMUEL FERREIRA DOS SANTOS,DEPUTADO FEDERAL,PSB,5,3,0,0,0,0,0,False
2026,SP,250002539407,IOLANDA KEIKO MIASHIRO OTA,DEPUTADO FEDERAL,PSB,1,1,0,1,1,0,0,True
2026,SP,250002539408,LEONARDO PONTES DE SANTANA,DEPUTADO FEDERAL,PSB,1,1,0,1,7,0,0,True
2026,SP,250002539410,LEANDRO FERNANDO VITOR,DEPUTADO FEDERAL,PSB,4,2,0,0,0,0,0,False
2026,SP,250002539411,LUIS CARLOS SOARES DE OLIVEIRA,DEPUTADO FEDERAL,PSB,1,1,0,0,0,0,0,False
2026,SP,250002539413,LUCAS ALVES BARRETO,DEPUTADO FEDERAL,PSB,2,1,0,0,0,0,0,False
2026,SP,250002539414,HERIVELTO DOS SANTOS MORAES,DEPUTADO FEDERAL,PSB,11,7,0,3,5,0,0,True
2026,SP,250002539415,ELIANE DE CARVALHO VENDRAMETTO,DEPUTADO FEDERAL,PSB,2,1,0,1,1,0,0,True
2026,SP,250002539416,ERIK TORQUATO PINTO,DEPUTADO FEDERAL,PSB,3,0,0,0,0,0,0,False
2026,SP,250002539417,RENHA CRISTINA SIMOES,DEPUTADO FEDERAL,PSB,4,2,0,1,2,0,0,True
2026,SP,250002539418,ANTONIO ALVES DOS SANTOS,DEPUTADO FEDERAL,PSB,5,4,0,3,25,0,0,True
2026,SP,250002539420,ANA CLEIA MENEGUETTI,DEPUTADO FEDERAL,PSB,1,0,0,0,0,0,0,False
2026,SP,250002539423,ADOLPHO HENRIQUE DE PAULA RAMOS,DEPUTADO FEDERAL,PSB,1,1,0,1,3,0,0,True
2026,SP,250002539426,LUCAS EMANUEL RICCI DANTAS,DEPUTADO FEDERAL,PSB,1,1,0,1,1,0,0,True
2026,SP,250002539427,RODRIGO ANTONIO DE AGOSTINHO MENDONÇA,DEPUTADO FEDERAL,PSB,8,1,0,0,0,0,0,False
2026,SP,250002539428,MATHEUS GOMES COELHO,DEPUTADO FEDERAL,PSB,5,2,0,0,0,0,0,False
2026,SP,250002539434,JOSÉ RONALDO GOMES DA SILVA,DEPUTADO FEDERAL,PSB,2,2,0,0,0,0,0,False
2026,SP,250002539438,MARCELO STRAMA,DEPUTADO FEDERAL,PSB,5,3,0,0,0,0,0,False
2026,SP,250002539440,SIDNEY LAGE DE RESENDE,DEPUTADO FEDERAL,PSB,7,3,0,0,0,0,0,False
2026,SP,250002539442,CESAR EDUARDO BARBARESCO,DEPUTADO FEDERAL,PSB,5,4,0,1,6,0,0,True
2026,SP,250002539443,NILSON PASSOS BRAGA,DEPUTADO FEDERAL,PSB,5,3,0,0,0,0,0,False
2026,SP,250002539444,PAULA RODRIGUES GRANATO,DEPUTADO FEDERAL,PSB,4,0,0,0,0,0,0,False
2026,SP,250002539446,EWERTON DA SILVA CARVALHO,DEPUTADO FEDERAL,PSB,1,1,0,1,1,0,0,True
2026,SP,250002539448,GILMAR TRECCO CAVACA,DEPUTADO FEDERAL,PSB,1,1,0,0,0,0,0,False
2026,SP,250002539450,ROSIANE MACIEL DE FARIAS,DEPUTADO FEDERAL,PSB,5,4,0,0,0,0,0,False
2026,SP,250002539451,MAURO CAPUTTI MATTOSINHO,DEPUTADO FEDERAL,PSB,7,4,0,1,1,0,0,True
2026,SP,250002539452,GEOVANNA QUESADA VILAR,DEPUTADO FEDERAL,PSB,1,0,0,0,0,0,0,False
2026,SP,250002539454,RENATO RAMOS DE SOUZA,DEPUTADO FEDERAL,PSB,5,5,0,0,0,0,0,False
2026,SP,250002539588,CICERO SANTANA DA SILVA,DEPUTADO FEDERAL,PSOL,5,5,0,3,11,0,0,True
2026,SP,250002539589,AUDEIDE CARDOSO,DEPUTADO FEDERAL,PSOL,5,3,0,3,2,0,0,True
2026,SP,250002539591,WILTON BORGES VIANA,DEPUTADO FEDERAL,PSOL,9,9,0,6,6,0,0,True
2026,SP,250002539594,PIERRE ALERRANDRO GOMES FERNANDEZ,DEPUTADO FEDERAL,PSOL,9,4,0,2,2,0,0,True
2026,SP,250002539595,ENOC MANOEL DE SANTANA,DEPUTADO FEDERAL,PSOL,1,0,0,0,0,0,0,False
2026,SP,250002539596,JOSE MARCIO DE LUNA,DEPUTADO FEDERAL,PSOL,2,0,0,0,0,0,0,False
2026,SP,250002539599,EDILENE RODRIGUES SANTANA,DEPUTADO FEDERAL,PSOL,1,0,0,0,0,0,0,False
2026,SP,250002539600,LAURO CARLOS PACHECO,DEPUTADO FEDERAL,PSOL,1,1,0,1,2,0,0,True
2026,SP,250002539604,SÂMIA DE SOUZA BOMFIM,DEPUTADO FEDERAL,PSOL,2,0,0,0,0,0,0,False
2026,SP,250002539605,ALEXANDRA ASSUMPÇÃO FONSECA,DEPUTADO FEDERAL,REDE,3,1,0,0,0,0,0,False
2026,SP,250002539607,JULIANO MEDEIROS,DEPUTADO FEDERAL,PSOL,1,1,0,0,0,0,0,False
2026,SP,250002539608,GABRIEL DE MEDEIROS JACQUES,DEPUTADO FEDERAL,PSOL,6,2,0,0,0,0,0,False
2026,SP,250002539610,CARLOS ALBERTO DA SILVA,DEPUTADO FEDERAL,PSOL,2,2,0,1,3,0,0,True
2026,SP,250002539611,VAGNER ROBERTO PEREIRA,DEPUTADO FEDERAL,PSOL,1,1,0,0,0,0,0,False
2026,SP,250002539613,LUCIANA VANNI GATTI,DEPUTADO FEDERAL,PSOL,3,0,0,0,0,0,0,False
2026,SP,250002539615,DORIVAL PEREIRA DOS SANTOS,DEPUTADO FEDERAL,PSOL,1,1,0,0,0,0,0,False
2026,SP,250002539618,RODRIGO OLEGARIO CARMELITA,DEPUTADO FEDERAL,PSOL,3,1,0,0,0,0,0,False
2026,SP,250002539619,ADRIANO NASCIMENTO DOS SANTOS,DEPUTADO FEDERAL,PSOL,1,1,0,0,0,0,0,False
2026,SP,250002539620,GUILHERME DA COSTA AGUIAR CORTEZ,DEPUTADO FEDERAL,PSOL,1,0,0,0,0,0,0,False
2026,SP,250002539621,RAFAEL PACHECO ALQUEZAR,DEPUTADO FEDERAL,PSOL,1,0,0,0,0,0,0,False
2026,SP,250002539624,NATALIA SZERMETA,DEPUTADO FEDERAL,PSOL,2,1,0,1,1,0,0,True
2026,SP,250002539629,RAUL MARCELO DE SOUZA,DEPUTADO FEDERAL,PSOL,2,1,0,0,0,0,0,False
2026,SP,250002539631,JOSE DE RIBAMAR DA SILVA PASSOS,DEPUTADO FEDERAL,PSOL,8,4,0,1,1,0,0,True
2026,SP,250002539632,MÁRLON JACINTO REIS,DEPUTADO FEDERAL,REDE,12,5,0,0,0,0,0,False
2026,SP,250002539934,LUIZA ERUNDINA DE SOUSA,DEPUTADO ESTADUAL,PSOL,4,4,0,3,3,0,0,True
2026,SP,250002539935,MARCOS PRUDENTE CAJE,DEPUTADO ESTADUAL,PSOL,2,1,0,0,0,0,0,False
2026,SP,250002539936,EDNALDO BISPO DA CRUZ,DEPUTADO ESTADUAL,PSOL,1,0,0,0,0,0,0,False
2026,SP,250002539937,DEBORA ALVES CAMILO,DEPUTADO ESTADUAL,PSOL,1,1,0,1,1,0,0,True
2026,SP,250002539938,MARCELO REINA SILIANO,DEPUTADO ESTADUAL,PSOL,3,0,0,0,0,0,0,False
2026,SP,250002539941,JANICE FERREIRA,DEPUTADO ESTADUAL,PSOL,2,2,0,1,1,0,0,True
2026,SP,250002539943,IVO APARECIDO CELSO STRAB ALEMANY,DEPUTADO ESTADUAL,PSOL,1,1,0,0,0,0,0,False
2026,SP,250002539946,GIL FREITAS DE OLIVEIRA,DEPUTADO ESTADUAL,PSOL,7,2,0,0,0,0,0,False
2026,SP,250002539949,PAULO ROGERIO NOGGERINI JUNIOR,DEPUTADO ESTADUAL,PSOL,1,1,0,0,0,0,0,False
2026,SP,250002539950,RICARDO BORGES DE OLIVEIRA,DEPUTADO ESTADUAL,PSOL,3,0,0,0,0,0,0,False
2026,SP,250002539951,JAMES PRADO GONDIM,DEPUTADO ESTADUAL,PSOL,1,0,0,0,0,0,0,False
2026,SP,250002539952,PAULA NUNES DOS SANTOS,DEPUTADO ESTADUAL,PSOL,1,1,0,0,0,0,0,False
2026,SP,250002539953,MARCOS DE SOUZA,DEPUTADO ESTADUAL,PSOL,20,19,0,14,14,0,0,True
2026,SP,250002539954,FERNANDA SCHLIC GARCIA,DEPUTADO ESTADUAL,PSOL,2,2,0,0,0,0,0,False
2026,SP,250002539955,ELIAS PEREIRA FREITAS DA SILVA JUNIOR,DEPUTADO ESTADUAL,PSOL,3,3,0,3,2,0,0,True
2026,SP,250002540560,AGNALDO PISCOPO,DEPUTADO ESTADUAL,PSD,1,1,0,0,0,0,0,False
2026,SP,250002540564,MARA CRISTINA GABRILLI,DEPUTADO ESTADUAL,PSD,1,0,0,0,0,0,0,False
2026,SP,250002540568,ANDERSON DA SILVA GUIMARAES,DEPUTADO ESTADUAL,PSD,2,1,0,0,0,0,0,False
2026,SP,250002540570,ANDRE LUIS DE SIQUEIRA BELARMINO,DEPUTADO ESTADUAL,PSD,2,1,0,0,0,0,0,False
2026,SP,250002540571,VLADEMIR JOAO CARLOS GALDINO,DEPUTADO ESTADUAL,PSD,2,1,0,0,0,0,0,False
2026,SP,250002540579,CAIO KANJI PARDO AOQUI,DEPUTADO ESTADUAL,PSD,4,2,0,0,0,0,0,False
2026,SP,250002540580,JOSE ANTONIO BARROS MUNHOZ,DEPUTADO ESTADUAL,PSD,5,2,0,1,1,0,0,True
2026,SP,250002540589,THALES GABRIEL FONSECA,DEPUTADO ESTADUAL,PSD,18,9,0,7,7,0,0,True
2026,SP,250002540590,JULIA NUNES MACHADO,DEPUTADO ESTADUAL,PSD,1,0,0,0,0,0,0,False
2026,SP,250002540875,MAURO BRAGATO,DEPUTADO ESTADUAL,PSD,20,5,0,2,2,0,0,True
2026,SP,250002540883,HELENA DOS SANTOS REIS,DEPUTADO ESTADUAL,PSD,1,0,0,0,0,0,0,False
2026,SP,250002540910,SILVIO ROBERTO DE OLIVEIRA,DEPUTADO ESTADUAL,PSD,2,1,0,0,0,0,0,False
2026,SP,250002540913,RITA DE CASSIA TONIELO,DEPUTADO ESTADUAL,PSD,2,0,0,0,0,0,0,False
2026,SP,250002540918,JORGE DOS SANTOS MONTANARI,DEPUTADO ESTADUAL,PSD,2,2,0,0,0,0,0,False
2026,SP,250002540919,ALDEMO SERAFIM GARCIA JUNIOR,DEPUTADO ESTADUAL,PSD,1,1,0,0,0,0,0,False
2026,SP,250002540920,ANTONIO GOULART DOS REIS,DEPUTADO ESTADUAL,PSD,2,1,0,0,0,0,0,False
2026,SP,250002540922,DAZIO VASCONCELOS,DEPUTADO ESTADUAL,PSD,3,2,0,2,2,0,0,True
2026,SP,250002540927,JOSE LAVELLI DE LIMA,DEPUTADO ESTADUAL,PSD,11,9,0,5,5,0,0,True
2026,SP,250002540929,VALDECIR ALVES PEREIRA,DEPUTADO ESTADUAL,PSD,1,1,0,1,1,0,0,True
2026,SP,250002541096,JULIANA MOREIRA LEITE,DEPUTADO FEDERAL,PSD,5,2,0,1,1,0,0,True
2026,SP,250002541100,LISANDRO CASSIO DEODATO RIBEIRO,DEPUTADO FEDERAL,PSD,2,1,0,0,0,0,0,False
2026,SP,250002541104,ADRIANA HOPPE SCHNEIDER,DEPUTADO FEDERAL,PSD,4,0,0,0,0,0,0,False
2026,SP,250002541106,OTAVIO AUGUSTO GIANTOMASSI GOMES,DEPUTADO FEDERAL,PSD,3,3,0,3,4,0,0,True
2026,SP,250002541108,REGINALDO ALBUQUERQUE BISPO TIMM,DEPUTADO FEDERAL,PSD,3,0,0,0,0,0,0,False
2026,SP,250002541109,ANTONIO DUARTE NOGUEIRA JUNIOR,DEPUTADO FEDERAL,PSD,2,1,0,0,0,0,0,False
2026,SP,250002541114,CARLOS HENRIQUE FOCESI SAMPAIO,DEPUTADO FEDERAL,PSD,1,0,0,0,0,0,0,False
2026,SP,250002541116,FILIPE BEHRENDS DE SOUZA,DEPUTADO FEDERAL,PSD,2,1,0,0,0,0,0,False
2026,SP,250002541118,GUILHERME KAUE CASTANHEIRA ALVES,DEPUTADO FEDERAL,PSD,3,2,0,0,0,0,0,False
2026,SP,250002541120,PAULO ALEXANDRE PEREIRA BARBOSA,DEPUTADO FEDERAL,PSD,1,1,0,0,0,0,0,False
2026,SP,250002541123,ANA PAULA ZARBIETTI,DEPUTADO FEDERAL,PSD,1,1,0,0,0,0,0,False
2026,SP,250002541125,CASSIO DE CASTRO NAVARRO,DEPUTADO FEDERAL,PSD,1,0,0,0,0,0,0,False
2026,SP,250002541128,KATIANE DA COSTA PEREIRA,DEPUTADO FEDERAL,PSD,3,1,0,1,1,0,0,True
2026,SP,250002541130,REGINA MAURA ZETONE GRESPAN,DEPUTADO FEDERAL,PSD,1,1,0,0,0,0,0,False
2026,SP,250002541132,DEBORA CRISTINA DE MOURA RODRIGUES,DEPUTADO FEDERAL,PSD,2,1,0,0,0,0,0,False
2026,SP,250002541133,DORA LUCIA SANCHES SILVA,DEPUTADO FEDERAL,PSD,6,3,0,0,0,0,0,False
2026,SP,250002541134,GABRIEL AUGUSTO DE BRITO SILVA,DEPUTADO FEDERAL,PSD,2,0,0,0,0,0,0,False
2026,SP,250002541136,MARCUS AUGUSTIN SOLIVA,DEPUTADO FEDERAL,PSD,1,1,0,1,1,0,0,True
2026,SP,250002541147,BARJAS NEGRI,DEPUTADO FEDERAL,PSD,1,0,0,0,0,0,0,False
2026,SP,250002541149,SAULO PEDROSO DE SOUZA,DEPUTADO FEDERAL,PSD,31,26,0,9,9,0,0,True
2026,SP,250002541153,MICHELE VANZELLA,DEPUTADO FEDERAL,PSD,2,0,0,0,0,0,0,False
2026,SP,250002541154,WILLIAM GABRIEL CALLEGARO,DEPUTADO FEDERAL,PSD,3,0,0,0,0,0,0,False
2026,SP,250002541159,ANTONIO JARES MODESTO PEDROSO,DEPUTADO FEDERAL,PSD,3,2,0,1,3,0,0,True
2026,SP,250002541160,LEILIANE RAFAEL DA SILVA,DEPUTADO FEDERAL,PSD,2,0,0,0,0,0,0,False
2026,SP,250002541162,DARIO LUIS SOUZA DA SILVA,DEPUTADO FEDERAL,PSD,1,0,0,0,0,0,0,False
2026,SP,250002541167,MARCELO ALVES GERALDES,DEPUTADO ESTADUAL,MDB,1,0,0,0,0,0,0,False
2026,SP,250002541171,MILTON VIEIRA,DEPUTADO ESTADUAL,UNIÃO,2,2,0,0,0,0,0,False
2026,SP,250002541303,TARCISIO GOMES DE FREITAS,GOVERNADOR,REPUBLICANOS,6,3,0,0,0,0,0,False
2026,SP,250002541310,JULIO SERSON,2º SUPLENTE,PP,1,0,0,0,0,0,0,False
2026,SP,250002541311,JOSE VICENTE SANTINI,1º SUPLENTE,REPUBLICANOS,5,0,0,0,0,0,0,False
2026,SP,250002541846,RUI ALVES SOUZA JUNIOR,DEPUTADO ESTADUAL,REPUBLICANOS,1,0,0,0,0,0,0,False
2026,SP,250002541847,JORGE WILSON GONCALVES DE MATTOS,DEPUTADO ESTADUAL,REPUBLICANOS,6,1,0,0,0,0,0,False
2026,SP,250002541848,LUCAS DE OLIVEIRA CARDOSO,DEPUTADO ESTADUAL,REPUBLICANOS,6,6,0,2,1,0,0,True
2026,SP,250002541849,ROGERIO PEDROSO DE PADUA JUNIOR,DEPUTADO ESTADUAL,REPUBLICANOS,1,0,0,0,0,0,0,False
2026,SP,250002541850,PAULO HENRIQUE MIYASIRO DE ABREU,DEPUTADO ESTADUAL,REPUBLICANOS,2,2,0,1,1,0,0,True
2026,SP,250002541852,HENRIQUE FERNANDES DE OLIVEIRA,DEPUTADO ESTADUAL,REPUBLICANOS,5,5,0,4,4,0,0,True
2026,SP,250002541853,PAULO SERGIO DA ROCHA,DEPUTADO ESTADUAL,REPUBLICANOS,4,3,0,0,0,0,0,False
2026,SP,250002541859,MAYRA ROSANNA GAMA DE ARAUJO SILVA DA COSTA,DEPUTADO ESTADUAL,REPUBLICANOS,1,1,0,0,0,0,0,False
2026,SP,250002541862,FÁBIO LUIZ DE ARRUDA GARCIA,DEPUTADO ESTADUAL,REPUBLICANOS,2,1,0,0,0,0,0,False
2026,SP,250002541864,RENATA TORRES DE SENE,DEPUTADO ESTADUAL,REPUBLICANOS,4,2,0,0,0,0,0,False
2026,SP,250002541868,AMILTON AUGUSTO DA SILVA JUNIOR,DEPUTADO ESTADUAL,REPUBLICANOS,5,1,0,0,0,0,0,False
2026,SP,250002541869,CRISTIANY DE CASTRO,DEPUTADO ESTADUAL,REPUBLICANOS,1,1,0,1,1,0,0,True
2026,SP,250002541870,BRUNA DIAS FURLAN VICENTE,DEPUTADO ESTADUAL,REPUBLICANOS,4,2,0,0,0,0,0,False
2026,SP,250002541871,GLAUCIA BERENICE SANTOS DA SILVA,DEPUTADO ESTADUAL,REPUBLICANOS,1,1,0,0,0,0,0,False
2026,SP,250002541873,SEBASTIÃO DOS SANTOS FILHO,DEPUTADO ESTADUAL,REPUBLICANOS,2,1,0,1,1,0,0,True
2026,SP,250002541875,MARCUS VINICIUS PARENTE QUERIDO AZEVEDO,DEPUTADO ESTADUAL,REPUBLICANOS,1,0,0,0,0,0,0,False
2026,SP,250002541876,MARIA CONSTANTINO EMIDIO,DEPUTADO ESTADUAL,REPUBLICANOS,1,1,0,0,0,0,0,False
2026,SP,250002541877,MARIA DAS GRACAS GONÇALVES OLIVEIRA,DEPUTADO ESTADUAL,REPUBLICANOS,7,5,0,1,1,0,0,True
2026,SP,250002541879,ROBSON CRISTIANO DE SOUZA,DEPUTADO ESTADUAL,REPUBLICANOS,2,1,0,0,0,0,0,False
2026,SP,250002541880,DENNIS DA SILVA GUERRA,DEPUTADO ESTADUAL,REPUBLICANOS,2,2,0,1,1,0,0,True
2026,SP,250002541881,THIAGO SOUZA SANTOS,DEPUTADO ESTADUAL,REPUBLICANOS,1,1,0,1,5,0,0,True
2026,SP,250002541882,TRUDPERT ALLAN LEITE RIESTERER,DEPUTADO ESTADUAL,REPUBLICANOS,1,1,0,1,1,0,0,True
2026,SP,250002541883,JOSE BERNARDO ORTIZ MONTEIRO JUNIOR,DEPUTADO ESTADUAL,REPUBLICANOS,13,6,0,0,0,0,0,False
2026,SP,250002541885,EDNA BEZERRA SAMPAIO FERNANDES,DEPUTADO ESTADUAL,REPUBLICANOS,1,0,0,0,0,0,0,False
2026,SP,250002541890,NATALIA APARECIDA MARES BURIAN,DEPUTADO ESTADUAL,REPUBLICANOS,1,0,0,0,0,0,0,False
2026,SP,250002541891,SYLVIA MÁRCIA CARUSO,DEPUTADO ESTADUAL,REPUBLICANOS,3,2,0,0,0,0,0,False
2026,SP,250002541892,DANIELE KARINE DIAS DE OLIVEIRA,DEPUTADO ESTADUAL,REPUBLICANOS,3,0,0,0,0,0,0,False
2026,SP,250002541893,ABELARDO WANDERLINO DA COSTA NETO,DEPUTADO ESTADUAL,REPUBLICANOS,2,1,0,1,1,0,0,True
2026,SP,250002541894,PETALA GONÇALVES LACERDA,DEPUTADO ESTADUAL,REPUBLICANOS,2,1,0,0,0,0,0,False
2026,SP,250002541897,ELIZANGELA SOUSA DA SILVA,DEPUTADO ESTADUAL,REPUBLICANOS,2,2,0,0,0,0,0,False
2026,SP,250002541901,JOSÉ MINATTI JUNIOR,DEPUTADO ESTADUAL,REPUBLICANOS,5,4,0,4,4,0,0,True
2026,SP,250002541902,GILMACI DOS SANTOS BARBOSA,DEPUTADO ESTADUAL,REPUBLICANOS,2,2,0,0,0,0,0,False
2026,SP,250002541903,LUIZ CARLOS GONDIM TEIXEIRA,DEPUTADO ESTADUAL,REPUBLICANOS,2,1,0,0,0,0,0,False
2026,SP,250002541904,RICARDO MOLINA DIAS,DEPUTADO ESTADUAL,REPUBLICANOS,1,1,0,0,0,0,0,False
2026,SP,250002541905,GILBERTO OLIVEIRA DA SILVA,DEPUTADO ESTADUAL,REPUBLICANOS,1,1,0,1,3,0,0,True
2026,SP,250002541907,CELSO NEULAND RUSSOMANNO,DEPUTADO ESTADUAL,REPUBLICANOS,4,2,0,0,0,0,0,False
2026,SP,250002541909,WANDEMBERG MARQUES DA SILVA,DEPUTADO ESTADUAL,REPUBLICANOS,7,5,0,5,5,0,0,True
2026,SP,250002544320,DANILO ERRERIA CORTEZ DE SOUZA,DEPUTADO FEDERAL,PODE,1,1,0,0,0,0,0,False
2026,SP,250002544328,JULIANA EUGENIA FRANCISCO SILVA,DEPUTADO FEDERAL,PODE,1,1,0,0,0,0,0,False
2026,SP,250002544331,RICARDO FABRIZIO PACHECO DE OLIVEIRA,DEPUTADO FEDERAL,PODE,1,0,0,0,0,0,0,False
2026,SP,250002544333,DANIEL ARAUJO NEVES SANTIAGO LIMA,DEPUTADO FEDERAL,PODE,1,1,0,1,1,0,0,True
2026,SP,250002544338,PAULO SERGIO ABOU ANNI,DEPUTADO FEDERAL,PODE,1,0,0,0,0,0,0,False
2026,SP,250002544343,JEFFERSON SANTOS DA SILVA,DEPUTADO FEDERAL,PODE,2,0,0,0,0,0,0,False
2026,SP,250002544344,LUIZ CARLOS DE PAULA,DEPUTADO FEDERAL,PODE,1,0,0,0,0,0,0,False
2026,SP,250002544345,RITA DE CASSIA DE ANDRADE SOUZA,DEPUTADO FEDERAL,PODE,2,1,0,0,0,0,0,False
2026,SP,250002544348,GEOVANI ROGÉRIO RUFINO VIEIRA,DEPUTADO FEDERAL,PODE,12,4,0,0,0,0,0,False
2026,SP,250002544350,CAIO CESAR MACHADO DA CUNHA,DEPUTADO FEDERAL,PODE,2,1,0,0,0,0,0,False
2026,SP,250002544351,PAULO ROMEIRO DE ALMEIDA SOARES,DEPUTADO FEDERAL,PODE,1,0,0,0,0,0,0,False
2026,SP,250002544353,PAULO SERGIO OLIVEIRA,DEPUTADO FEDERAL,PODE,1,0,0,0,0,0,0,False
2026,SP,250002544359,KAROLINA OLIVEIRA DA SILVA,DEPUTADO FEDERAL,PODE,2,1,0,0,0,0,0,False
2026,SP,250002544363,JUAREZ JUVENCIO DOS SANTOS,DEPUTADO FEDERAL,PODE,1,0,0,0,0,0,0,False
2026,SP,250002544367,EDNA FLOR,DEPUTADO FEDERAL,PODE,1,1,0,1,1,0,0,True
2026,SP,250002544513,MANOEL DE SOUZA PEREIRA,1º SUPLENTE,UP,1,1,0,0,0,0,0,False
2026,SP,250002544514,MARCIO ALVES DOS SANTOS,SENADOR,UP,1,1,0,1,1,0,0,True
2026,SP,250002544516,MAÍRA DIAS DE SOUZA,SENADOR,UP,6,1,0,0,0,0,0,False
2026,SP,250002544518,RENATO RODRIGUES DE MELO,1º SUPLENTE,UP,2,1,0,0,0,0,0,False
2026,SP,250002544673,GERALDO ARISTIDES RUFINO,SENADOR,PODE,11,9,0,6,6,0,0,True
2026,SP,250002544833,LUCIANA CHRISTINA DE SOUSA OLIVEIRA GARCIA,DEPUTADO FEDERAL,PODE,4,0,0,0,0,0,0,False
2026,SP,250002544834,DAVID BEZERRA RIBEIRO SOARES,DEPUTADO FEDERAL,PODE,2,0,0,0,0,0,0,False
2026,SP,250002544836,FRANCINETO LUZ DE AGUIAR,DEPUTADO FEDERAL,PODE,4,0,0,0,0,0,0,False
2026,SP,250002544912,VIVIAN MENDES DA SILVA,GOVERNADOR,UP,2,0,0,0,0,0,0,False
2026,SP,250002544992,LEONARDO CALICCHIO,DEPUTADO ESTADUAL,MISSÃO,1,1,0,0,0,0,0,False
2026,SP,250002544993,LUIS FERNANDO ACUÑA ARANIBAR,DEPUTADO ESTADUAL,MISSÃO,1,1,0,0,0,0,0,False
2026,SP,250002544994,ISABELLA ALVES RODRIGUES,DEPUTADO ESTADUAL,MISSÃO,2,0,0,0,0,0,0,False
2026,SP,250002544995,MATHEUS NASCIMENTO PEREIRA,DEPUTADO ESTADUAL,MISSÃO,2,0,0,0,0,0,0,False
2026,SP,250002544996,INGRID LUANA CARDOSO,DEPUTADO ESTADUAL,MISSÃO,1,1,0,0,0,0,0,False
2026,SP,250002544997,EDUARDO GABRIEL LIMA,DEPUTADO ESTADUAL,MISSÃO,1,1,0,0,0,0,0,False
2026,SP,250002544998,ISIS LOPES DELBONI,DEPUTADO ESTADUAL,MISSÃO,1,0,0,0,0,0,0,False
2026,SP,250002544999,JULIANA SACCARDO,DEPUTADO ESTADUAL,MISSÃO,1,1,0,0,0,0,0,False
2026,SP,250002545000,KAREN GREGORIS DUARTE,DEPUTADO ESTADUAL,MISSÃO,1,1,0,0,0,0,0,False
2026,SP,250002545001,JÉSSYCA JONAS SALUSTIANO,DEPUTADO ESTADUAL,MISSÃO,1,0,0,0,0,0,0,False
2026,SP,250002545002,NICOLY SANTOS BEZERRA,DEPUTADO ESTADUAL,MISSÃO,1,0,0,0,0,0,0,False
2026,SP,250002545003,CHARLES RIBEIRO,DEPUTADO ESTADUAL,MISSÃO,1,1,0,0,0,0,0,False
2026,SP,250002545004,DIEGO ALVES DE MIRANDA,DEPUTADO ESTADUAL,MISSÃO,3,2,0,0,0,0,0,False
2026,SP,250002545005,BRUNO BRAZ DE JESUS,DEPUTADO ESTADUAL,MISSÃO,1,1,0,0,0,0,0,False
2026,SP,250002545006,KAROLINA HALLER DE CERQUEIRA,DEPUTADO ESTADUAL,MISSÃO,2,1,0,0,0,0,0,False
2026,SP,250002545007,MARIA DE FÁTIMA PACHECO DE SOUZA,DEPUTADO ESTADUAL,MISSÃO,1,1,0,0,0,0,0,False
2026,SP,250002545008,RAPHAELA SPACCASASSI D ITRI,DEPUTADO ESTADUAL,MISSÃO,1,1,0,0,0,0,0,False
2026,SP,250002545009,CAIO CESAR RIBEIRO DE SANTANA,DEPUTADO ESTADUAL,MISSÃO,3,1,0,1,1,0,0,True
2026,SP,250002545010,EVANDRO GARCIA ALBUQUERQUE ORLANDINO,DEPUTADO ESTADUAL,MISSÃO,2,1,0,0,0,0,0,False
2026,SP,250002545011,RAFAEL LUSTOZA VIEIRA,DEPUTADO ESTADUAL,MISSÃO,2,0,0,0,0,0,0,False
2026,SP,250002545012,CLAUDIA FIGUEIREDO CUNHA BUENO,DEPUTADO ESTADUAL,MISSÃO,2,1,0,0,0,0,0,False
2026,SP,250002545013,RICARDO NERY DA CUNHA,DEPUTADO ESTADUAL,MISSÃO,1,1,0,0,0,0,0,False
2026,SP,250002545014,TATIEH PADUA FONSECA,DEPUTADO ESTADUAL,MISSÃO,1,1,0,0,0,0,0,False
2026,SP,250002545016,ÍTALO GABRIEL MOREIRA,DEPUTADO ESTADUAL,MISSÃO,2,1,0,0,0,0,0,False
2026,SP,250002545017,TAMIRIS SILVA DE GODOY,DEPUTADO ESTADUAL,MISSÃO,3,1,0,0,0,0,0,False
2026,SP,250002545018,ALEXANDRE MITSUO MIZOBE DE RIBEIRO,DEPUTADO ESTADUAL,MISSÃO,2,1,0,0,0,0,0,False
2026,SP,250002545019,ALINE FLORES DANTAS,DEPUTADO ESTADUAL,MISSÃO,4,2,0,0,0,0,0,False
2026,SP,250002545020,CAROLINE APARECIDA BATISTA PINTO,DEPUTADO ESTADUAL,MISSÃO,2,1,0,0,0,0,0,False
2026,SP,250002545021,FERNANDA DE PAULA SCHMITT,DEPUTADO ESTADUAL,MISSÃO,1,0,0,0,0,0,0,False
2026,SP,250002545022,GIULLIA LUNA,DEPUTADO ESTADUAL,MISSÃO,1,1,0,0,0,0,0,False
2026,SP,250002545023,ENZO BORGES ZIBELLINI DE OLIVEIRA,DEPUTADO ESTADUAL,MISSÃO,3,3,0,0,0,0,0,False
2026,SP,250002545024,MARCOS AURÉLIO DO NASCIMENTO GONÇALVES,DEPUTADO ESTADUAL,MISSÃO,1,0,0,0,0,0,0,False
2026,SP,250002545025,ANDERSON SOUZA SAPATEIRO,DEPUTADO ESTADUAL,MISSÃO,1,0,0,0,0,0,0,False
2026,SP,250002545026,ANTONIO CARLOS ALVES DA SILVA,DEPUTADO ESTADUAL,MISSÃO,1,1,0,0,0,0,0,False
2026,SP,250002545027,KAREN LORRAYNE LUZ DIAS TAVARES AGUILLAR DE MORAES,DEPUTADO ESTADUAL,MISSÃO,2,1,0,0,0,0,0,False
2026,SP,250002545028,ALEX DOS REIS INHOTA,DEPUTADO ESTADUAL,MISSÃO,1,1,0,0,0,0,0,False
2026,SP,250002545029,DARLAN ALEXANDRE LEAL MONTEIRO,DEPUTADO ESTADUAL,MISSÃO,1,1,0,0,0,0,0,False
2026,SP,250002545030,JONATHAN MATEUS DA SILVA SOARES,DEPUTADO ESTADUAL,MISSÃO,1,1,0,0,0,0,0,False
2026,SP,250002545031,LUCAS DOS SANTOS ALVES,DEPUTADO ESTADUAL,MISSÃO,1,1,0,0,0,0,0,False
2026,SP,250002545032,PAULO AFONSO DOS SANTOS SILVA,DEPUTADO ESTADUAL,MISSÃO,2,0,0,0,0,0,0,False
2026,SP,250002545033,TERESINHA FERRARI,DEPUTADO ESTADUAL,MISSÃO,1,1,0,0,0,0,0,False
2026,SP,250002545034,JOEFERSON DA SILVA MACIEL,DEPUTADO ESTADUAL,MISSÃO,1,0,0,0,0,0,0,False
2026,SP,250002545035,RAFAEL DE ANDRADE GALVÃO MACRIS,DEPUTADO ESTADUAL,MISSÃO,2,1,0,0,0,0,0,False
2026,SP,250002545036,LUÍS FELIPE GALVÃO VALDIVIA,DEPUTADO ESTADUAL,MISSÃO,1,1,0,0,0,0,0,False
2026,SP,250002545037,RAFAEL FRANCISCO FERRAZ MINATOGAWA,DEPUTADO ESTADUAL,MISSÃO,6,3,0,0,0,0,0,False
2026,SP,250002545038,JONAS MARQUES BOTAN,DEPUTADO ESTADUAL,MISSÃO,1,1,0,0,0,0,0,False
2026,SP,250002545039,VINICIUS RODRIGUES CARDOSO,DEPUTADO ESTADUAL,MISSÃO,1,0,0,0,0,0,0,False
2026,SP,250002545040,FORREST GABRIEL TUPAN,DEPUTADO ESTADUAL,MISSÃO,1,1,0,0,0,0,0,False
2026,SP,250002545043,BRUNA DA SILVA LANGE,DEPUTADO ESTADUAL,MISSÃO,1,1,0,0,0,0,0,False
2026,SP,250002545044,TAMIRES RODRIGUES RIBEIRO,DEPUTADO ESTADUAL,MISSÃO,1,0,0,0,0,0,0,False
2026,SP,250002545045,JOÃO PEDRO CARDOSO DE MEDEIROS,DEPUTADO ESTADUAL,MISSÃO,1,1,0,0,0,0,0,False
2026,SP,250002545046,MONIELLE DA SILVA FREITAS,DEPUTADO ESTADUAL,MISSÃO,2,1,0,0,0,0,0,False
2026,SP,250002545047,RENATO DE SOUZA BATTISTA,DEPUTADO ESTADUAL,MISSÃO,2,2,0,0,0,0,0,False
2026,SP,250002545048,WILLIAM HUGO BARBOSA,DEPUTADO ESTADUAL,MISSÃO,3,2,0,0,0,0,0,False
2026,SP,250002545049,PALOMA KAREN LUCIANO BALBINO,DEPUTADO ESTADUAL,MISSÃO,2,2,0,0,0,0,0,False
2026,SP,250002545050,KELLVIN DE LUCAS MAGNO BARBOZA DOS SANTOS,DEPUTADO ESTADUAL,MISSÃO,1,1,0,0,0,0,0,False
2026,SP,250002545051,LUIZ CESAR SALLES MOURAO,DEPUTADO ESTADUAL,MISSÃO,1,0,0,0,0,0,0,False
2026,SP,250002545052,FRANCISCO AILTON SIQUEIRA DE SOUSA,DEPUTADO ESTADUAL,MISSÃO,5,1,0,0,0,0,0,False
2026,SP,250002545053,MARCOS PINHEIRO DE SOUZA,DEPUTADO ESTADUAL,MISSÃO,3,2,0,0,0,0,0,False
2026,SP,250002545054,BRUNO ALVES DOS SANTOS,DEPUTADO ESTADUAL,MISSÃO,1,1,0,0,0,0,0,False
2026,SP,250002545055,ANTONIA ALDENIZ DE SOUSA SILVA,DEPUTADO ESTADUAL,MISSÃO,1,1,0,0,0,0,0,False
2026,SP,250002545134,ADRIANNY VERCOSA DE OLIVEIRA MACHADO,DEPUTADO ESTADUAL,PODE,6,2,0,0,0,0,0,False
2026,SP,250002545136,JUCIMARA FIGUEIREDO MASCARENHAS,DEPUTADO ESTADUAL,PODE,1,0,0,0,0,0,0,False
2026,SP,250002545138,ANISTALDO LUIZ LOPES DA SILVA,DEPUTADO ESTADUAL,PODE,1,1,0,0,0,0,0,False
2026,SP,250002545143,AMANDA BEATRIZ FOLTRAN GANEM,DEPUTADO ESTADUAL,PODE,5,1,0,0,0,0,0,False
2026,SP,250002545156,ROGERIO LINS WANDERLEY,DEPUTADO ESTADUAL,PODE,1,1,0,0,0,0,0,False
2026,SP,250002545158,CARLOS ALBERTO FERREIRA DE SOUZA,DEPUTADO ESTADUAL,PODE,1,0,0,0,0,0,0,False
2026,SP,250002545159,ROGER FERNANDES GASQUES,DEPUTADO ESTADUAL,PODE,2,0,0,0,0,0,0,False
2026,SP,250002545160,MARIA MOREIRA DE FARIA,DEPUTADO ESTADUAL,PODE,2,2,0,0,0,0,0,False
2026,SP,250002545162,JOSE ROBSON CORINGA BEZERRA,DEPUTADO ESTADUAL,PODE,6,2,0,0,0,0,0,False
2026,SP,250002545164,RODRIGO DE CAMARGOS VAZ DE ALMEIDA,DEPUTADO ESTADUAL,PODE,1,1,0,0,0,0,0,False
2026,SP,250002545165,EDMILSON MARINHO DA SILVA JUNIOR,DEPUTADO ESTADUAL,PODE,1,0,0,0,0,0,0,False
2026,SP,250002545170,CLODOALDO SANTOS DA SILVA,DEPUTADO ESTADUAL,PODE,1,1,0,0,0,0,0,False
2026,SP,250002545172,ALVARO COSTA VIEIRA,DEPUTADO ESTADUAL,PODE,1,1,0,0,0,0,0,False
2026,SP,250002545181,DIOGENES SANTIAGO NETTO,DEPUTADO ESTADUAL,PODE,1,1,0,0,0,0,0,False
2026,SP,250002545182,FABIO JORGE RODRIGUES,DEPUTADO ESTADUAL,PODE,1,1,0,0,0,0,0,False
2026,SP,250002545199,DANIELI CRISTINE GONÇALVES DE SOUZA,DEPUTADO ESTADUAL,PODE,1,0,0,0,0,0,0,False
2026,SP,250002545201,ELOI FRANCISCO BARBOSA,DEPUTADO ESTADUAL,PODE,1,1,0,0,0,0,0,False
2026,SP,250002545207,FABIO FARIA DE SA,DEPUTADO ESTADUAL,PODE,5,2,0,0,0,0,0,False
2026,SP,250002545214,CLAUDIO ROBERTO BARBOSA DE SOUZA,DEPUTADO ESTADUAL,PODE,1,1,0,1,1,0,0,True
2026,SP,250002546610,JULIANA CONSTANTINO DE OLIVEIRA,DEPUTADO FEDERAL,MISSÃO,1,1,0,0,0,0,0,False
2026,SP,250002546611,GUILHERME DA SILVA COUTO,DEPUTADO FEDERAL,MISSÃO,1,0,0,0,0,0,0,False
2026,SP,250002546612,GABRIELA NOVELLI PEREIRA,DEPUTADO FEDERAL,MISSÃO,1,1,0,0,0,0,0,False
2026,SP,250002546613,MARINA LIMA CALIXTO PLANAS,DEPUTADO FEDERAL,MISSÃO,1,1,0,0,0,0,0,False
2026,SP,250002546614,NATALIA DOS SANTOS MINZIO,DEPUTADO FEDERAL,MISSÃO,1,1,0,0,0,0,0,False
2026,SP,250002546615,YASMIN TAMIRES SARRAF,DEPUTADO FEDERAL,MISSÃO,1,1,0,0,0,0,0,False
2026,SP,250002546616,ISABEL CRISTINA ELIAS DE SOUZA OLIVEIRA,DEPUTADO FEDERAL,MISSÃO,1,1,0,0,0,0,0,False
2026,SP,250002546617,STEPHANY PAULA FIGUEREDO DA SILVA,DEPUTADO FEDERAL,MISSÃO,1,0,0,0,0,0,0,False
2026,SP,250002546618,RICARDO AUGUSTO HONÓRIO ALVES,DEPUTADO FEDERAL,MISSÃO,2,1,0,0,0,0,0,False
2026,SP,250002546620,ELIZABETE MERENDA GONÇALVES,DEPUTADO FEDERAL,MISSÃO,1,0,0,0,0,0,0,False
2026,SP,250002546621,KAIO VINICIUS FEITOSA DE SOUZA,DEPUTADO FEDERAL,MISSÃO,1,0,0,0,0,0,0,False
2026,SP,250002546622,BEATRIZ RODRIGUES DA CUNHA COIMBRA,DEPUTADO FEDERAL,MISSÃO,1,1,0,0,0,0,0,False
2026,SP,250002546623,ANDRE DOMINGOS DA PAZ,DEPUTADO FEDERAL,MISSÃO,1,1,0,0,0,0,0,False
2026,SP,250002546624,RENATA MESQUITA FERREIRA DANTAS,DEPUTADO FEDERAL,MISSÃO,1,0,0,0,0,0,0,False
2026,SP,250002546625,KATIA MARIA MANDU DRABER,DEPUTADO FEDERAL,MISSÃO,3,0,0,0,0,0,0,False
2026,SP,250002546626,PAMELA GIEDRE CORRADINI DE SOUZA,DEPUTADO FEDERAL,MISSÃO,2,1,0,0,0,0,0,False
2026,SP,250002546627,DIEGO ALEXANDRE GONZALEZ BENTIM,DEPUTADO FEDERAL,MISSÃO,1,0,0,0,0,0,0,False
2026,SP,250002546628,MARIANO HIROAKI SHIROMA,DEPUTADO FEDERAL,MISSÃO,1,1,0,0,0,0,0,False
2026,SP,250002546632,LUIS GUSTAVO VERDICCHIO BENA,DEPUTADO FEDERAL,MISSÃO,2,0,0,0,0,0,0,False
2026,SP,250002546633,PYETRO HENRICO MARTINS PATERNO,DEPUTADO FEDERAL,MISSÃO,1,1,0,0,0,0,0,False
2026,SP,250002546634,RICARDO OLIVEIRA DE ALMEIDA,DEPUTADO FEDERAL,MISSÃO,1,0,0,0,0,0,0,False
2026,SP,250002546635,VANESSA PEREIRA DUTRA,DEPUTADO FEDERAL,MISSÃO,1,1,0,0,0,0,0,False
2026,SP,250002546636,VICTOR DEREK SANTIAGO CANARIN,DEPUTADO FEDERAL,MISSÃO,1,1,0,0,0,0,0,False
2026,SP,250002546637,ROGÉRIO CHIMIONATO,DEPUTADO FEDERAL,MISSÃO,3,2,0,0,0,0,0,False
2026,SP,250002546638,CRISTIANE PRISCILA NAVARRO,DEPUTADO FEDERAL,MISSÃO,1,0,0,0,0,0,0,False
2026,SP,250002546639,RÂNDALOS DIAS CUSTÓDIO DA CONCEIÇÃO MADEIRA,DEPUTADO FEDERAL,MISSÃO,2,1,0,0,0,0,0,False
2026,SP,250002546640,ANDRÉ DE OLIVEIRA SANTANA JUNIOR,DEPUTADO FEDERAL,MISSÃO,2,1,0,0,0,0,0,False
2026,SP,250002546641,VANESSA PALMIRO,DEPUTADO FEDERAL,MISSÃO,1,0,0,0,0,0,0,False
2026,SP,250002546642,KIM PATROCA KATAGUIRI,DEPUTADO FEDERAL,MISSÃO,1,1,0,0,0,0,0,False
2026,SP,250002546643,MARCEL MACHADO MUSCAT,DEPUTADO FEDERAL,MISSÃO,1,1,0,0,0,0,0,False
2026,SP,250002546644,PAULO CÉSAR DE OLIVEIRA COELHO,DEPUTADO FEDERAL,MISSÃO,3,2,0,0,0,0,0,False
2026,SP,250002546645,CAIO ZANON DE MENDONÇA,DEPUTADO FEDERAL,MISSÃO,1,0,0,0,0,0,0,False
2026,SP,250002546646,MARCOS PAULO DA CUNHA BUGALLO,DEPUTADO FEDERAL,MISSÃO,1,1,0,0,0,0,0,False
2026,SP,250002546647,GABRIEL PIAUHY LIMA DA SILVA,DEPUTADO FEDERAL,MISSÃO,2,2,0,1,1,0,0,True
2026,SP,250002546648,KARINA DOS SANTOS CLARO,DEPUTADO FEDERAL,MISSÃO,1,1,0,0,0,0,0,False
2026,SP,250002546649,JONATHAN DE OLIVEIRA CAMPOS,DEPUTADO FEDERAL,MISSÃO,2,1,0,0,0,0,0,False
2026,SP,250002546650,DOUGLAS SAMIR GARCIA ROCABADO,DEPUTADO FEDERAL,MISSÃO,3,3,0,1,1,0,0,True
2026,SP,250002546651,GERALDO CESAR ALMEIDA,DEPUTADO FEDERAL,MISSÃO,2,1,0,0,0,0,0,False
2026,SP,250002546652,CARLOS SOARES DA SILVA JUNIOR,DEPUTADO FEDERAL,MISSÃO,1,1,0,0,0,0,0,False
2026,SP,250002546653,VANESCA MARCELA ANASTÁCIO ESSU,DEPUTADO FEDERAL,MISSÃO,2,1,0,0,0,0,0,False
2026,SP,250002546654,FELIPE DANIEL SILVA BOLETTI,DEPUTADO FEDERAL,MISSÃO,1,0,0,0,0,0,0,False
2026,SP,250002546655,MAURÍCIO DOMINGUES DA SILVA,DEPUTADO FEDERAL,MISSÃO,2,1,0,1,3,0,0,True
2026,SP,250002546656,LUDYMILLA DIAS DE OLIVEIRA,DEPUTADO FEDERAL,MISSÃO,2,0,0,0,0,0,0,False
2026,SP,250002546657,DANIELE ANTONIA CARVALHO,DEPUTADO FEDERAL,MISSÃO,1,1,0,0,0,0,0,False
2026,SP,250002546658,HÉLIO FRAZZATTI NETO,DEPUTADO FEDERAL,MISSÃO,2,0,0,0,0,0,0,False
2026,SP,250002547454,HELTON MESSIAS,DEPUTADO ESTADUAL,AGIR,6,4,0,0,0,0,0,False
2026,SP,250002547456,ISAAC FERNANDO VIEIRA BERNARDO,DEPUTADO ESTADUAL,AGIR,6,3,0,0,0,0,0,False
2026,SP,250002547458,ERIVALDO SIQUEIRA SANTOS,DEPUTADO ESTADUAL,AGIR,4,0,0,0,0,0,0,False
2026,SP,250002547459,MAURICIO EDUARDO GOULART,DEPUTADO ESTADUAL,AGIR,4,1,0,0,0,0,0,False
2026,SP,250002547460,MARIA DE LOURDES SOARES DO NASCIMENTO,DEPUTADO ESTADUAL,AGIR,5,2,0,0,0,0,0,False
2026,SP,250002547833,THAIS GASPARINI,DEPUTADO FEDERAL,UP,2,1,0,0,0,0,0,False
2026,SP,250002547835,DANIELLY MILENA OLIVEIRA DOS SANTOS,DEPUTADO FEDERAL,UP,2,1,0,0,0,0,0,False
2026,SP,250002547836,JOSÉ SILVA LIMA,DEPUTADO ESTADUAL,DEMOCRATA,1,1,0,0,0,0,0,False
2026,SP,250002547855,ELIAS DOS SANTOS BITENCOURT,DEPUTADO FEDERAL,DEMOCRATA,1,1,0,1,1,0,0,True
2026,SP,250002547856,RICARDO CREPALDI,DEPUTADO FEDERAL,DEMOCRATA,1,1,0,0,0,0,0,False
2026,SP,250002547965,ANDRÉ LUIZ BARBOSA,DEPUTADO ESTADUAL,PDT,1,0,0,0,0,0,0,False
2026,SP,250002547972,MIRELLE CRISTINA DE ARAUJO BUENO,DEPUTADO ESTADUAL,PDT,3,1,0,0,0,0,0,False
2026,SP,250002547979,TATIANA TIBÉRIO VIANA RIBEIRO,DEPUTADO ESTADUAL,PDT,1,0,0,0,0,0,0,False
2026,SP,250002547990,IGOR HUNGARO,DEPUTADO ESTADUAL,PDT,1,1,0,0,0,0,0,False
2026,SP,250002547993,LUCINEIDE CRUZ ALVES,DEPUTADO ESTADUAL,PDT,2,0,0,0,0,0,0,False
2026,SP,250002547998,FERNANDO PEREIRA SIRCHIA JUNIOR,DEPUTADO ESTADUAL,PDT,1,0,0,0,0,0,0,False
2026,SP,250002548001,LUCIANA ALMEIDA DIAS SAMPAIO,DEPUTADO ESTADUAL,PDT,4,2,0,0,0,0,0,False
2026,SP,250002548004,RONALDO HENRIQUE FERREIRA,DEPUTADO ESTADUAL,PDT,6,3,0,0,0,0,0,False
2026,SP,250002548080,EDJANE LIMA DE SOUSA,GOVERNADOR,AGIR,2,0,0,0,0,0,0,False
2026,SP,250002548134,JOAO CESAR DE MORAES,DEPUTADO ESTADUAL,PL,3,3,0,3,3,0,0,True
2026,SP,250002548135,NILCE NEVES MATTARAGGIA,DEPUTADO ESTADUAL,PL,3,1,0,0,0,0,0,False
2026,SP,250002548161,MARCO ANTONIO BELETTI,DEPUTADO ESTADUAL,AGIR,3,1,0,0,0,0,0,False
2026,SP,250002548162,HELENA NOBUCO SUZUKI TAKADACHI,DEPUTADO ESTADUAL,AGIR,4,3,0,0,0,0,0,False
2026,SP,250002548163,LAERTE LOURENCO DE SOUZA,DEPUTADO ESTADUAL,AGIR,2,2,0,0,0,0,0,False
2026,SP,250002548164,ELIANE MARCIA DOS SANTOS SILVA,DEPUTADO ESTADUAL,AGIR,2,0,0,0,0,0,0,False
2026,SP,250002548165,LUIZ GUSTAVO GONCALVES,DEPUTADO ESTADUAL,AGIR,4,2,0,0,0,0,0,False
2026,SP,250002548166,PEDRO VALENTIM DA SILVA JUNIOR,DEPUTADO ESTADUAL,AGIR,5,3,0,0,0,0,0,False
2026,SP,250002548170,MARCOS RONALDO DIAS,DEPUTADO ESTADUAL,AGIR,2,1,0,0,0,0,0,False
2026,SP,250002548171,JOSE RICARDO DA SILVA,DEPUTADO ESTADUAL,AGIR,4,3,0,0,0,0,0,False
2026,SP,250002548172,SALVADOR FERREIRA DA SILVA JUNIOR,DEPUTADO ESTADUAL,AGIR,4,1,0,0,0,0,0,False
2026,SP,250002548173,ISAIAS SALVIANO,DEPUTADO ESTADUAL,AGIR,5,1,0,0,0,0,0,False
2026,SP,250002548174,MARCIO ROBERTO GARCIA LARRANHAGA,DEPUTADO ESTADUAL,AGIR,3,0,0,0,0,0,0,False
2026,SP,250002548175,EMILSON DOS REIS FORTUNATO SANTOS,DEPUTADO ESTADUAL,AGIR,4,2,0,0,0,0,0,False
2026,SP,250002548176,MARIA SOLANGE PEDRO SILVA,DEPUTADO ESTADUAL,AGIR,4,2,0,0,0,0,0,False
2026,SP,250002548177,JEFFERSON ELOY,DEPUTADO ESTADUAL,AGIR,5,2,0,0,0,0,0,False
2026,SP,250002548178,ANDREA LETICIA DE SOUZA,DEPUTADO ESTADUAL,AGIR,5,3,0,0,0,0,0,False
2026,SP,250002548179,PEDRO JOSÉ NOGUEIRA,DEPUTADO ESTADUAL,AGIR,4,1,0,0,0,0,0,False
2026,SP,250002548180,SILVIO MARCELINO,DEPUTADO ESTADUAL,AGIR,5,3,0,0,0,0,0,False
2026,SP,250002548339,EDIVALDO MARCELO ABENÇOADO DOS SANTOS LEAL,DEPUTADO FEDERAL,PL,2,2,0,2,1,0,0,True
2026,SP,250002548468,DANIEL MONTEIRO COSTA MUNDURUKU,DEPUTADO FEDERAL,PDT,6,6,0,0,0,0,0,False
2026,SP,250002548470,ELISANGELA MARIA COSTA DE ARAÚJO,DEPUTADO FEDERAL,PDT,3,1,0,0,0,0,0,False
2026,SP,250002548476,NASAR MOHAMAD BOUZKEN,DEPUTADO FEDERAL,PDT,1,1,0,0,0,0,0,False
2026,SP,250002548477,RAFAEL JOAQUIM FRANCO DE MELLO,DEPUTADO FEDERAL,PDT,2,1,0,0,0,0,0,False
2026,SP,250002548479,NILSON BONOME,DEPUTADO FEDERAL,PDT,5,4,0,1,1,0,0,True
2026,SP,250002548480,ORLANDO VALERIO RODRIGUES SALLES,DEPUTADO FEDERAL,PDT,5,2,0,0,0,0,0,False
2026,SP,250002548482,JOSUÉ ALVES MACEDO,DEPUTADO FEDERAL,PDT,5,3,0,0,0,0,0,False
2026,SP,250002548489,ANTONIO MÁRIO DE PAULA FERREIRA IELO,DEPUTADO FEDERAL,PDT,1,1,0,0,0,0,0,False
2026,SP,250002548492,GILSON DA ROCHA CARDOSO,DEPUTADO FEDERAL,PDT,1,1,0,1,1,0,0,True
2026,SP,250002548493,ELZA ALVES DE CARVALHO,DEPUTADO FEDERAL,PDT,1,0,0,0,0,0,0,False
2026,SP,250002548494,LUCINETHE JARDIM,DEPUTADO FEDERAL,PDT,1,0,0,0,0,0,0,False
2026,SP,250002548496,ROBLEZ JORGE DOS SANTOS,DEPUTADO FEDERAL,PDT,1,0,0,0,0,0,0,False
2026,SP,250002548500,KELI CRISTINA ALMEIDA DA LUZ,DEPUTADO FEDERAL,PDT,1,1,0,0,0,0,0,False
2026,SP,250002548507,TAMIR FELIPE BARCELAR E SANTOS,DEPUTADO FEDERAL,PDT,1,1,0,0,0,0,0,False
2026,SP,250002548509,RONALDO FERNANDEZ TOMÉ,DEPUTADO FEDERAL,PDT,1,1,0,1,8,0,0,True
2026,SP,250002548512,HERBERT MAXIMO NUNES,DEPUTADO FEDERAL,PDT,2,2,0,1,9,0,0,True
2026,SP,250002548516,WANDER KAZUMI OKUMURA,DEPUTADO FEDERAL,PDT,1,1,0,0,0,0,0,False
2026,SP,250002548518,TEHUAN REIS FERNANDES ALVES LOPES,DEPUTADO FEDERAL,PDT,1,0,0,0,0,0,0,False
2026,SP,250002548861,MARIA HELENA DA SILVA RAMALHO,DEPUTADO ESTADUAL,PSDB,1,1,0,0,0,0,0,False
2026,SP,250002548864,FRANCISCO DOUGLAS SANTOS CAMPOS,DEPUTADO ESTADUAL,PSDB,2,2,0,1,1,0,0,True
2026,SP,250002548870,JAIRO DA SILVA ALVES,DEPUTADO ESTADUAL,PSDB,5,2,0,0,0,0,0,False
2026,SP,250002548873,GILVANE ALVES DE LIMA,DEPUTADO ESTADUAL,PSDB,1,1,0,0,0,0,0,False
2026,SP,250002548876,LUCIANO RODRIGUES DE AQUINO,DEPUTADO ESTADUAL,PSDB,3,3,0,2,2,0,0,True
2026,SP,250002548879,CARLOS AUGUSTO ABRANCHES,DEPUTADO ESTADUAL,CIDADANIA,2,2,0,0,0,0,0,False
2026,SP,250002548880,IVANI ALMEIDA DA SILVA,DEPUTADO ESTADUAL,PSDB,2,2,0,1,1,0,0,True
2026,SP,250002548885,ANISTELA RIOS DE BARROS FELIX PEREIRA,DEPUTADO ESTADUAL,CIDADANIA,1,0,0,0,0,0,0,False
2026,SP,250002548888,ANDRE GUSTAVO BANDEIRA,DEPUTADO ESTADUAL,PSDB,1,1,0,0,0,0,0,False
2026,SP,250002548890,MARCIO PASCHOAL GIUDICIO,DEPUTADO ESTADUAL,CIDADANIA,1,0,0,0,0,0,0,False
2026,SP,250002548891,EDSON ALMEIDA DA SILVA,DEPUTADO ESTADUAL,PSDB,1,1,0,1,1,0,0,True
2026,SP,250002548893,EDIVALDO SILVA MEIRA,DEPUTADO ESTADUAL,PSDB,2,1,0,0,0,0,0,False
2026,SP,250002548897,FABIO KLEIN BORNIA,DEPUTADO ESTADUAL,PSDB,1,1,0,1,1,0,0,True
2026,SP,250002548898,CLAUDIO GASPAR DOTTORI,DEPUTADO ESTADUAL,PSDB,5,4,0,4,3,0,0,True
2026,SP,250002548902,ROSA PAULA MOISEIS,DEPUTADO ESTADUAL,CIDADANIA,5,4,0,0,0,0,0,False
2026,SP,250002548903,FABIO PEREIRA MARCONDES,DEPUTADO ESTADUAL,PSDB,1,1,0,1,1,0,0,True
2026,SP,250002548906,VANESSA BORGES LINO RODRIGUES,DEPUTADO ESTADUAL,PSDB,3,1,0,0,0,0,0,False
2026,SP,250002548909,DERIONÉRIO OLIVEIRA DE ASSIS,DEPUTADO ESTADUAL,PSDB,3,2,0,0,0,0,0,False
2026,SP,250002548912,RODOLFO SILVA DONETTI,DEPUTADO ESTADUAL,CIDADANIA,2,1,0,0,0,0,0,False
2026,SP,250002548915,CARLOS TEIXEIRA FILHO,DEPUTADO ESTADUAL,PSDB,1,0,0,0,0,0,0,False
2026,SP,250002548918,THIAGO HENRIQUE DIAS SERPA DE OLIVEIRA,DEPUTADO ESTADUAL,PSDB,1,0,0,0,0,0,0,False
2026,SP,250002550046,YANN CRISTIAN SILVA SANTOS RODRIGUES,DEPUTADO ESTADUAL,PSDB,12,1,0,0,0,0,0,False
2026,SP,250002550054,LUCAS LIANDRO GONDARIZ CORREA,DEPUTADO ESTADUAL,PSDB,2,2,0,2,1,0,0,True
2026,SP,250002550064,GIDEÃO GUILHERME MARQUES SOARES,DEPUTADO ESTADUAL,PSDB,1,1,0,1,1,0,0,True
2026,SP,250002550069,MIRIAN FERREIRA DE BARROS ALVES,DEPUTADO ESTADUAL,PSDB,3,1,0,0,0,0,0,False
2026,SP,250002550231,RENATO MATHEUS MIRANDA DE ALMEIDA,DEPUTADO ESTADUAL,AVANTE,9,9,0,5,5,0,0,True
2026,SP,250002550243,ELAINE CRISTINA RODRIGUES,DEPUTADO ESTADUAL,AVANTE,5,5,0,3,3,0,0,True
2026,SP,250002550246,ANDRÉ LUÍS DOS SANTOS,DEPUTADO ESTADUAL,AVANTE,1,1,0,0,0,0,0,False
2026,SP,250002550248,SÉRGIO PANIS FILHO,DEPUTADO ESTADUAL,AVANTE,1,1,0,1,3,0,0,True
2026,SP,250002550349,FELIPE AUGUSTO,DEPUTADO FEDERAL,PSDB,22,13,0,8,8,0,0,True
2026,SP,250002550350,GABRIELA MARIA DA SILVA,DEPUTADO FEDERAL,PSDB,2,0,0,0,0,0,0,False
2026,SP,250002550352,MARCO AURÉLIO DE LIMA KUROVSKI,DEPUTADO FEDERAL,PSDB,2,2,0,2,1,0,0,True
2026,SP,250002550356,CLAUDETE FERREIRA DA SILVA,DEPUTADO FEDERAL,CIDADANIA,2,2,0,0,0,0,0,False
2026,SP,250002550358,JULIANA CHRISTINE PEREIRA BEJES,DEPUTADO FEDERAL,PSDB,5,3,0,0,0,0,0,False
2026,SP,250002550359,ALEXSANDRO RIBEIRO TEIXEIRA,DEPUTADO FEDERAL,PSDB,3,3,0,2,2,0,0,True
2026,SP,250002550367,PAULO ROBERTO CAVALCANTE,DEPUTADO FEDERAL,PSDB,4,4,0,2,2,0,0,True
2026,SP,250002550369,ABEL DINIZ FIEL,DEPUTADO FEDERAL,PSDB,1,1,0,1,1,0,0,True
2026,SP,250002550374,EDUARDO CRISTIANO RIJO PINTO,DEPUTADO FEDERAL,PSDB,3,0,0,0,0,0,0,False
2026,SP,250002550375,EDISON FERNANDO DA SILVA,DEPUTADO FEDERAL,PSDB,2,2,0,0,0,0,0,False
2026,SP,250002550377,JACKSON DE JESUS,DEPUTADO FEDERAL,PSDB,1,1,0,0,0,0,0,False
2026,SP,250002550380,LUIZ HENRIQUE MITSUNAGA,DEPUTADO FEDERAL,PSDB,1,1,0,0,0,0,0,False
2026,SP,250002550385,JEFFERSON AUGUSTO FARIA,DEPUTADO FEDERAL,PSDB,2,2,0,1,1,0,0,True
2026,SP,250002550387,MARCIO REIS DOS SANTOS,DEPUTADO FEDERAL,PSDB,2,2,0,2,1,0,0,True
2026,SP,250002550391,NELSON DABUS NETO,DEPUTADO FEDERAL,PSDB,3,0,0,0,0,0,0,False
2026,SP,250002550397,VLADIMIR ALVES DE SOUZA,DEPUTADO FEDERAL,PSDB,3,3,0,1,1,0,0,True
2026,SP,250002550398,JOAO PEREIRA LIMA JUNIOR,DEPUTADO FEDERAL,PSDB,1,0,0,0,0,0,0,False
2026,SP,250002550400,EVERTON LUIZ COSTA DOS SANTOS,DEPUTADO FEDERAL,PSDB,1,1,0,1,1,0,0,True
2026,SP,250002550401,FRANKLIN KILBERT KARBSTEIN,DEPUTADO FEDERAL,PSDB,1,1,0,0,0,0,0,False
2026,SP,250002550402,LIVIA APARECIDA NEVES DE PAULA EDUARDO,DEPUTADO FEDERAL,PSDB,1,0,0,0,0,0,0,False
2026,SP,250002550404,ERLON CHAVES DE CASTRO,DEPUTADO FEDERAL,PSDB,1,1,0,0,0,0,0,False
2026,SP,250002550405,JOSE ROBERTO DE CASTRO,DEPUTADO FEDERAL,PSDB,6,4,0,0,0,0,0,False
2026,SP,250002550410,RENATA RODRIGUES DE OLIVEIRA,DEPUTADO FEDERAL,PSDB,5,3,0,0,0,0,0,False
2026,SP,250002550411,LUIS ROBERTO PORTINHO RODOVALHO,DEPUTADO FEDERAL,PSDB,3,1,0,0,0,0,0,False
2026,SP,250002550413,PATRICIA GOMES DA SILVA,DEPUTADO FEDERAL,PSDB,1,1,0,0,0,0,0,False
2026,SP,250002550417,RICARDO NUNES SAAD,DEPUTADO FEDERAL,PSDB,2,2,0,2,1,0,0,True
2026,SP,250002550682,FREDERICO BRAUN DAVILA,1º SUPLENTE,NOVO,1,0,0,0,0,0,0,False
2026,SP,250002550861,MARCOS FERREIRA COSTA,DEPUTADO ESTADUAL,NOVO,2,2,0,0,0,0,0,False
2026,SP,250002550862,DANYELLE CARVALHO DA MOTTA,DEPUTADO ESTADUAL,NOVO,1,1,0,0,0,0,0,False
2026,SP,250002551049,MANOEL JARDIM GOMES,DEPUTADO FEDERAL,AVANTE,1,0,0,0,0,0,0,False
2026,SP,250002551053,APARECIDO SARAIVA DA ROCHA,DEPUTADO FEDERAL,AVANTE,1,0,0,0,0,0,0,False
2026,SP,250002551057,JOSE AMARO DA SILVA,DEPUTADO FEDERAL,AVANTE,5,4,0,3,3,0,0,True
2026,SP,250002551074,ANTONIO GILBERTO DA SILVA,DEPUTADO FEDERAL,AVANTE,2,2,0,2,16,0,0,True
2026,SP,250002551082,ALEXANDRE COBRA CYRINO NICOLIELLO VÊNCIO,DEPUTADO FEDERAL,AVANTE,1,1,0,0,0,0,0,False
2026,SP,250002551085,LUIZ PAULO MADALHANO MAGALHÃES,DEPUTADO FEDERAL,AVANTE,1,1,0,0,0,0,0,False
2026,SP,250002551086,MARCO ANTONIO DE PAULA,DEPUTADO FEDERAL,AVANTE,6,6,0,4,4,0,0,True
2026,SP,250002551088,NÁDIA DORR ESTOLASKI,DEPUTADO FEDERAL,AVANTE,1,1,0,1,1,0,0,True
2026,SP,250002551093,MANOEL CORREIA,DEPUTADO FEDERAL,AVANTE,1,1,0,1,1,0,0,True
2026,SP,250002551096,ANDRE EDUARDO RIBEIRO,DEPUTADO FEDERAL,AVANTE,6,5,0,2,2,0,0,True
2026,SP,250002551101,ELIANE REGINA DOS SANTOS,DEPUTADO FEDERAL,AVANTE,1,1,0,1,5,0,0,True
2026,SP,250002551105,PAULO ROGERIO DOS SANTOS,DEPUTADO FEDERAL,AVANTE,3,2,0,2,2,0,0,True
2026,SP,250002551106,ELAINE APARECIDA MOURA GUEDES,DEPUTADO FEDERAL,AVANTE,2,0,0,0,0,0,0,False
2026,SP,250002551236,ELTON JOHN DE CASTRO PASSOS,DEPUTADO ESTADUAL,AVANTE,1,1,0,1,1,0,0,True
2026,SP,250002551506,ANTONIO FERNANDES DOS SANTOS NETO,2º SUPLENTE,PDT,8,8,0,5,5,0,0,True
2026,SP,250002551644,IDAIR DOS SANTOS NASCIMENTO,DEPUTADO FEDERAL,AGIR,1,0,0,0,0,0,0,False
2026,SP,250002551729,DANYLO AMILCAR QUIRINO SALVADOR,DEPUTADO ESTADUAL,PSOL,4,2,0,0,0,0,0,False
2026,SP,250002552152,VINÍCIUS JARDIM CARVALHO,2º SUPLENTE,PCB,1,0,0,0,0,0,0,False
2026,SP,250002552153,PETTER MAAHS DA SILVA,SENADOR,PCB,2,1,0,0,0,0,0,False
2026,SP,250002552370,ALAN GOMES FERREIRA,2º SUPLENTE,CIDADANIA,4,3,0,1,1,0,0,True
2026,SP,250002552371,FABIO DOS SANTOS LOPES,1º SUPLENTE,CIDADANIA,1,0,0,0,0,0,0,False
2026,SP,250002552372,MARIA CRISTINA DAMASIO DE ALMEIDA,VICE-GOVERNADOR,UP,1,0,0,0,0,0,0,False
2026,SP,250002552506,LUCAS SANTOS DO NASCIMENTO,DEPUTADO ESTADUAL,UP,1,0,0,0,0,0,0,False
2026,SP,250002552613,ALESSANDRO CALLIL DE CASTRO,DEPUTADO FEDERAL,DC,2,2,0,0,0,0,0,False
2026,SP,250002552614,JOSE GERALDO FORTE DOS SANTOS FERNANDES,DEPUTADO FEDERAL,DC,3,2,0,0,0,0,0,False
2026,SP,250002552616,WALTER GUALBERTO DE BRITO,DEPUTADO FEDERAL,DC,1,0,0,0,0,0,0,False
2026,SP,250002552618,ANTONIO ZACARIAS DA SILVA,DEPUTADO FEDERAL,DC,1,1,0,0,0,0,0,False
2026,SP,250002552622,ROSEMARY DA SILVA SANTANA,DEPUTADO FEDERAL,DC,4,2,0,0,0,0,0,False
2026,SP,250002552623,ANTONIO BERALDO ALVES,DEPUTADO FEDERAL,DC,2,1,0,0,0,0,0,False
2026,SP,250002552624,MARIA JOSE DA SILVA,DEPUTADO FEDERAL,DC,4,3,0,0,0,0,0,False
2026,SP,250002552625,KATHERINE DO FORTE SILVA,DEPUTADO FEDERAL,DC,2,1,0,0,0,0,0,False
2026,SP,250002552627,RUBENS RODRIGUES DA SILVA,DEPUTADO FEDERAL,DC,2,2,0,0,0,0,0,False
2026,SP,250002552628,MARISTELA MACHADO LEITE GOMES,DEPUTADO FEDERAL,DC,2,0,0,0,0,0,0,False
2026,SP,250002552629,VERA LUCIA SANTOS DE FRANÇA,DEPUTADO FEDERAL,DC,2,1,0,0,0,0,0,False
2026,SP,250002552631,TIAGO CESAR GONCALVES,DEPUTADO FEDERAL,DC,2,1,0,0,0,0,0,False
2026,SP,250002552637,SIDINEI GIRON,DEPUTADO FEDERAL,DC,5,4,0,1,6,0,0,True
2026,SP,250002552639,NIVALDO LUIS RODRIGUES,DEPUTADO FEDERAL,DC,3,2,0,0,0,0,0,False
2026,SP,250002552640,CARLOS AUGUSTO MENDONÇA DE SOUZA,DEPUTADO FEDERAL,DC,2,0,0,0,0,0,0,False
2026,SP,250002552643,PEDRO GOMES DE ALMEIDA,DEPUTADO FEDERAL,DC,5,4,0,1,1,0,0,True
2026,SP,250002552645,MANOEL DA CRUZ CARLOS VIEIRA,DEPUTADO FEDERAL,DC,2,2,0,0,0,0,0,False
2026,SP,250002552646,MARCIA DAS DORES SILVA,DEPUTADO FEDERAL,DC,2,2,0,1,2,0,0,True
2026,SP,250002552650,SIMONE VIEIRA LIMA,DEPUTADO FEDERAL,DC,2,0,0,0,0,0,0,False
2026,SP,250002552653,PAULO MENDES SOBRAL,DEPUTADO FEDERAL,DC,4,4,0,0,0,0,0,False
2026,SP,250002552656,MARIO CESAR ORSOLAN,DEPUTADO FEDERAL,DC,1,1,0,0,0,0,0,False
2026,SP,250002552657,AMERICO ALEXANDRE CIANFARANI XAVIER,DEPUTADO FEDERAL,DC,4,0,0,0,0,0,0,False
2026,SP,250002552658,MARIA CELESTE JUSTA,DEPUTADO FEDERAL,DC,15,3,0,0,0,0,0,False
2026,SP,250002552659,FABIOLA SANTANA DOS SANTOS,DEPUTADO FEDERAL,DC,3,2,0,0,0,0,0,False
2026,SP,250002552660,CLECIO VIANA DE LIMA,DEPUTADO FEDERAL,DC,1,0,0,0,0,0,0,False
2026,SP,250002552661,ADRIANA APARECIDA BARBOZA RUPER,DEPUTADO FEDERAL,DC,1,1,0,0,0,0,0,False
2026,SP,250002552662,ANDRE COLOSIMO,DEPUTADO FEDERAL,DC,2,1,0,0,0,0,0,False
2026,SP,250002552664,REYNALDO GIRAO,DEPUTADO FEDERAL,DC,1,0,0,0,0,0,0,False
2026,SP,250002552666,ADALBERTO CORRÊA DE AMORIM,DEPUTADO FEDERAL,DC,1,0,0,0,0,0,0,False
2026,SP,250002552674,SERGIO DE MATOS OLIVEIRA,DEPUTADO FEDERAL,DC,8,3,0,0,0,0,0,False
2026,SP,250002552675,ANTONIO RODRIGO BATISTA DE OLIVEIRA MORAES,DEPUTADO FEDERAL,DC,2,2,0,0,0,0,0,False
2026,SP,250002552677,HELIO TELES ALVES,DEPUTADO FEDERAL,DC,3,1,0,0,0,0,0,False
2026,SP,250002552865,ROSEMEIRE GRIGORIO RAMACCIOTTI,DEPUTADO ESTADUAL,MOBILIZA,1,0,0,0,0,0,0,False
2026,SP,250002552873,JULIO AURELIANO DA SILVA,DEPUTADO ESTADUAL,MOBILIZA,3,2,0,0,0,0,0,False
2026,SP,250002552874,LUIZ CARLOS DA SILVA,DEPUTADO ESTADUAL,MOBILIZA,3,2,0,1,1,0,0,True
2026,SP,250002552878,RONALDO FERREIRA DA COSTA,DEPUTADO ESTADUAL,MOBILIZA,2,0,0,0,0,0,0,False
2026,SP,250002552879,CICERO MACEDO DA SILVA,DEPUTADO ESTADUAL,MOBILIZA,1,0,0,0,0,0,0,False
2026,SP,250002552883,CARLOS EDUARDO DA SILVA,DEPUTADO ESTADUAL,MOBILIZA,2,0,0,0,0,0,0,False
2026,SP,250002552887,OSMAR ANGELO,DEPUTADO ESTADUAL,MOBILIZA,5,0,0,0,0,0,0,False
2026,SP,250002552888,MISAEL ARAUJO MARQUES RODRIGUES DA SILVA,DEPUTADO ESTADUAL,MOBILIZA,1,0,0,0,0,0,0,False
2026,SP,250002552904,ALBERTINO DOS SANTOS VIEIRA,DEPUTADO ESTADUAL,MOBILIZA,1,1,0,0,0,0,0,False
2026,SP,250002552905,PATROCINIO RAMOS DA CRUZ NETO,DEPUTADO ESTADUAL,MOBILIZA,2,1,0,0,0,0,0,False
2026,SP,250002552909,EZEQUIEL DE SOUZA DAMASCENO,DEPUTADO ESTADUAL,MOBILIZA,1,1,0,1,5,0,0,True
2026,SP,250002552913,ADAILTON DOS SANTOS DIAS,DEPUTADO ESTADUAL,MOBILIZA,1,0,0,0,0,0,0,False
2026,SP,250002552914,JOSE CANDIDO DA SILVA,DEPUTADO ESTADUAL,MOBILIZA,1,1,0,0,0,0,0,False
2026,SP,250002552919,EDUARDO PEREIRA MARTINS,DEPUTADO ESTADUAL,MOBILIZA,1,1,0,0,0,0,0,False
2026,SP,250002552920,SONIA BANDINI,DEPUTADO ESTADUAL,MOBILIZA,1,0,0,0,0,0,0,False
2026,SP,250002553299,GUILHERME HENRIQUE SILVA MORAIS,DEPUTADO ESTADUAL,AGIR,4,2,0,0,0,0,0,False
2026,SP,250002553325,MARIA DAS DORES SILVA,DEPUTADO ESTADUAL,AGIR,4,3,0,0,0,0,0,False
2026,SP,250002553332,FLAVIA MERCURIO PRATES,DEPUTADO FEDERAL,PCO,1,0,0,0,0,0,0,False
2026,SP,250002553756,EDUARDO ANTONIO DA SILVA PIRES,DEPUTADO ESTADUAL,DC,20,12,0,5,5,0,0,True
2026,SP,250002553757,DEISE RUPER FEITOSA DA SILVA,DEPUTADO ESTADUAL,DC,5,3,0,0,0,0,0,False
2026,SP,250002553758,JOSÉ DOS SANTOS,DEPUTADO ESTADUAL,DC,5,3,0,0,0,0,0,False
2026,SP,250002553759,ELIZABETE DE SANTANA SOUZA JABELUFA,DEPUTADO ESTADUAL,DC,5,3,0,0,0,0,0,False
2026,SP,250002553763,ABMAEL ALONSO ANDRADE LIMA,DEPUTADO ESTADUAL,DC,4,3,0,0,0,0,0,False
2026,SP,250002553769,KLEBER ADELIPIO BARROS SANTOS,DEPUTADO ESTADUAL,DC,2,0,0,0,0,0,0,False
2026,SP,250002553780,ANTONIO VENICIO DE FARIAS,DEPUTADO ESTADUAL,DC,4,3,0,0,0,0,0,False
2026,SP,250002553781,ACASSIO WIRTHMANN DE SOUZA,DEPUTADO ESTADUAL,DC,6,4,0,0,0,0,0,False
2026,SP,250002553789,EDSON FERREIRA DE JESUS,DEPUTADO ESTADUAL,DC,2,1,0,0,0,0,0,False
2026,SP,250002553792,JOÃO BOSCO ESCOBAR MEDINA,DEPUTADO ESTADUAL,DC,4,0,0,0,0,0,0,False
2026,SP,250002553797,JEAN CARLOS HERZOGENRATH DE BRITO,DEPUTADO ESTADUAL,DC,2,0,0,0,0,0,0,False
2026,SP,250002553798,MARCIO DE ANDRADE BARBANTI,DEPUTADO ESTADUAL,DC,9,3,0,0,0,0,0,False
2026,SP,250002553799,JOSÉ DENES DE LIMA,DEPUTADO ESTADUAL,DC,3,1,0,0,0,0,0,False
2026,SP,250002553800,JACKSON GUIMARÃES PAUFERRO,DEPUTADO ESTADUAL,DC,4,3,0,0,0,0,0,False
2026,SP,250002553801,OZIAS ALVES PEREIRA,DEPUTADO ESTADUAL,DC,19,19,0,9,8,0,0,True
2026,SP,250002553802,GABRIEL PEREIRA DE SOUZA LIMA,DEPUTADO ESTADUAL,DC,5,2,0,0,0,0,0,False
2026,SP,250002553806,CLAUDIA FRANCA,DEPUTADO ESTADUAL,DC,4,1,0,0,0,0,0,False
2026,SP,250002553809,ROSANA LARA,DEPUTADO ESTADUAL,DC,5,1,0,0,0,0,0,False
2026,SP,250002553811,FABRICIO DE SOUZA MENEGILDO,DEPUTADO ESTADUAL,DC,5,3,0,0,0,0,0,False
2026,SP,250002553814,GENTIL ALVES DOS SANTOS NETO,DEPUTADO ESTADUAL,DC,5,3,0,0,0,0,0,False
2026,SP,250002553815,JOABE ALMEIDA DOS SANTOS,DEPUTADO ESTADUAL,DC,5,2,0,0,0,0,0,False
2026,SP,250002553817,FABIO DE BARROS FREIRE,DEPUTADO ESTADUAL,DC,5,2,0,0,0,0,0,False
2026,SP,250002553820,ISABEL CRISTINA DA SILVA ALMEIDA,DEPUTADO ESTADUAL,DC,5,1,0,0,0,0,0,False
2026,SP,250002553831,GUILHERME MARQUES DOS SANTOS DE SOUZA,DEPUTADO ESTADUAL,DC,5,1,0,0,0,0,0,False
2026,SP,250002553832,JOSE MAX SANTOS PEREIRA,DEPUTADO ESTADUAL,DC,3,2,0,0,0,0,0,False
2026,SP,250002553833,EZEQUIEL DOS SANTOS,DEPUTADO ESTADUAL,DC,5,3,0,0,0,0,0,False
2026,SP,250002553834,ISABELA LETÍCIA DOS SANTOS GOUVEIA,DEPUTADO ESTADUAL,DC,7,0,0,0,0,0,0,False
2026,SP,250002553835,GERSON DIAS FERREIRA,DEPUTADO ESTADUAL,DC,6,5,0,0,0,0,0,False
2026,SP,250002553837,JOEL SANTANA DA SILVA,DEPUTADO ESTADUAL,DC,5,4,0,0,0,0,0,False
2026,SP,250002553838,JOSÉ CICERO FERREIRA DE LIMA,DEPUTADO ESTADUAL,DC,5,4,0,0,0,0,0,False
2026,SP,250002553842,FRANCISCA DE ASSIS GOMES FERREIRA,DEPUTADO ESTADUAL,DC,6,5,0,0,0,0,0,False
2026,SP,250002553844,HELCIO ALVARES SOARES,DEPUTADO ESTADUAL,DC,5,4,0,0,0,0,0,False
2026,SP,250002553845,DOMINGOS HONORATO DE MEIRA,DEPUTADO ESTADUAL,DC,5,1,0,0,0,0,0,False
2026,SP,250002553928,RICARDO AUGUSTO MANGUE SCHIAVETTO,SENADOR,MISSÃO,5,3,0,1,1,0,0,True
2026,SP,250002553929,GUILHERME MEDON BIANCO FONSECA,1º SUPLENTE,MISSÃO,5,3,0,0,0,0,0,False
2026,SP,250002553930,FABIO RODRIGUES,2º SUPLENTE,MISSÃO,4,2,0,0,0,0,0,False
2026,SP,250002554011,LUCAS MÁXIMO DE JESUS,DEPUTADO FEDERAL,DEMOCRATA,3,1,0,0,0,0,0,False
2026,SP,250002554013,MARIA DA PAZ SANTIAGO DE ARAUJO,DEPUTADO FEDERAL,DEMOCRATA,3,1,0,0,0,0,0,False
2026,SP,250002554016,JOSE CARLOS DE LIMA PEREIRA,DEPUTADO FEDERAL,DEMOCRATA,3,1,0,0,0,0,0,False
2026,SP,250002554021,JEFFERSON APARECIDO DULASTRO SILVA,DEPUTADO FEDERAL,DEMOCRATA,3,2,0,0,0,0,0,False
2026,SP,250002554023,CARLA FERREIRA XAVIER,DEPUTADO FEDERAL,DEMOCRATA,3,1,0,0,0,0,0,False
2026,SP,250002554024,MARCELO MAURO DA SILVA FELIX,DEPUTADO FEDERAL,DEMOCRATA,3,2,0,0,0,0,0,False
2026,SP,250002554027,JOSE APARECIDO ROSA FILHO,DEPUTADO FEDERAL,DEMOCRATA,3,2,0,0,0,0,0,False
2026,SP,250002554030,AURELIA CINAQUI AMARAL,DEPUTADO FEDERAL,DEMOCRATA,3,1,0,0,0,0,0,False
2026,SP,250002554045,GEDEAN GOMES FEITOSA,DEPUTADO ESTADUAL,DEMOCRATA,3,1,0,0,0,0,0,False
2026,SP,250002554046,EDMAR DIAS DE SOUZA,DEPUTADO ESTADUAL,DEMOCRATA,3,1,0,0,0,0,0,False
2026,SP,250002554047,GILMAR DE SOUZA ROCHA,DEPUTADO ESTADUAL,DEMOCRATA,2,1,0,0,0,0,0,False
2026,SP,250002554048,LINDOLFO VICENTE COSTA,DEPUTADO ESTADUAL,DEMOCRATA,2,2,0,0,0,0,0,False
2026,SP,250002554049,ALMIRO RODRIGUES RIBEIRO,DEPUTADO ESTADUAL,DEMOCRATA,3,1,0,0,0,0,0,False
2026,SP,250002554050,MANOEL JOSE DA SILVA,DEPUTADO ESTADUAL,DEMOCRATA,2,2,0,0,0,0,0,False
2026,SP,250002554051,JOSE ROBSON CORDEIRO MELGAÇO,DEPUTADO ESTADUAL,DEMOCRATA,3,1,0,0,0,0,0,False
2026,SP,250002554052,THAINARA DA SILVA GENARI BRAGATTO,DEPUTADO ESTADUAL,DEMOCRATA,3,1,0,0,0,0,0,False
2026,SP,250002554054,SILVANA NUNES PEREIRA,DEPUTADO ESTADUAL,DEMOCRATA,3,0,0,0,0,0,0,False
2026,SP,250002554055,ELIZEU PEREIRA,DEPUTADO ESTADUAL,DEMOCRATA,2,1,0,0,0,0,0,False
2026,SP,250002554056,WALLACE LUÍS DA SILVA ROCHA,DEPUTADO ESTADUAL,DEMOCRATA,3,0,0,0,0,0,0,False
2026,SP,250002554057,THAINA FRANCIELE THOMAZ RODRIGUES,DEPUTADO ESTADUAL,DEMOCRATA,3,0,0,0,0,0,0,False
2026,SP,250002554058,VALERIA APARECIDA FIRMINO,DEPUTADO ESTADUAL,DEMOCRATA,2,1,0,0,0,0,0,False
2026,SP,250002554060,ALLAN GABRIEL ADRIANO DE JESUS SANTOS NEGREIROS,DEPUTADO ESTADUAL,DEMOCRATA,3,1,0,0,0,0,0,False
2026,SP,250002554061,VANESSA APARECIDA ALVES DOS ANJOS,DEPUTADO ESTADUAL,DEMOCRATA,2,1,0,0,0,0,0,False
2026,SP,250002554062,JOÃO PEDRO FURLANETTI BARBOZA,DEPUTADO ESTADUAL,DEMOCRATA,3,2,0,0,0,0,0,False
2026,SP,250002554063,LUCKSON JOSEPH,DEPUTADO ESTADUAL,DEMOCRATA,3,2,0,0,0,0,0,False
2026,SP,250002554075,RICARDO AUGUSTO MANGUE SCHIAVETTO,SENADOR,MISSÃO,5,2,0,1,1,0,0,True
2026,SP,250002554136,GUILHERME MEDON BIANCO FONSECA,1º SUPLENTE,MISSÃO,5,3,0,0,0,0,0,False
2026,SP,250002554143,FABIO RODRIGUES,2º SUPLENTE,MISSÃO,4,3,0,0,0,0,0,False
2026,TO,270002539138,ARENALDO GOMES FERREIRA,2º SUPLENTE,PSOL,1,0,0,0,0,0,0,False
2026,TO,270002539191,ADALTON DA SILVA,DEPUTADO FEDERAL,PSOL,1,0,0,0,0,0,0,False
2026,TO,270002539192,CLEITON VIEIRA DA SILVA,DEPUTADO FEDERAL,PSOL,2,0,0,0,0,0,0,False
2026,TO,270002539195,BENONES DOS SANTOS SOARES,DEPUTADO FEDERAL,PSOL,1,0,0,0,0,0,0,False
2026,TO,270002539196,LILIA BATISTA COSTA,DEPUTADO FEDERAL,REDE,2,0,0,0,0,0,0,False
2026,TO,270002539197,ZAIRA VITOR SILVA,DEPUTADO FEDERAL,REDE,1,0,0,0,0,0,0,False
2026,TO,270002539199,SILVIO DE SOUSA,DEPUTADO ESTADUAL,PSOL,3,0,0,0,0,0,0,False
2026,TO,270002542115,DIVINO JUNIOR DO NASCIMENTO,DEPUTADO FEDERAL,PSDB,1,1,0,0,0,0,0,False
2026,TO,270002542172,EDUARDO SANTOS ANDRADE,DEPUTADO ESTADUAL,PSDB,1,1,0,0,0,0,0,False
2026,TO,270002542175,JULIAM EDUARDO HOLANDA SOARES,DEPUTADO ESTADUAL,PSDB,1,1,0,0,0,0,0,False
2026,TO,270002542183,MARA FELICIA DE CARVALHO UCHÔA COELHO,DEPUTADO ESTADUAL,PSDB,1,1,0,1,1,0,0,True
2026,TO,270002544469,ADIR CARDOSO GENTIL,DEPUTADO FEDERAL,PL,6,2,0,2,2,0,0,True
2026,TO,270002544470,FILIPE MARTINS DOS SANTOS,DEPUTADO FEDERAL,PL,1,0,0,0,0,0,0,False
2026,TO,270002544474,MAURICIO BUFFON,DEPUTADO FEDERAL,PL,4,1,0,0,0,0,0,False
2026,TO,270002544478,ALDAIR DA COSTA SOUSA,DEPUTADO ESTADUAL,PL,4,2,0,1,1,0,0,True
2026,TO,270002544479,CIRILO DOUGLAS PEREIRA AGUIAR,DEPUTADO ESTADUAL,PL,2,1,0,0,0,0,0,False
2026,TO,270002544480,MOISEMAR ALVES MARINHO,DEPUTADO ESTADUAL,PL,1,0,0,0,0,0,0,False
2026,TO,270002544482,MARCUS MARCELO DE BARROS ARAÚJO,DEPUTADO ESTADUAL,PL,2,1,0,0,0,0,0,False
2026,TO,270002544483,DARI FRONZA,DEPUTADO ESTADUAL,PL,9,3,0,2,1,0,0,True
2026,TO,270002544487,ERONICE RODRIGUES LIMA OLIVEIRA,DEPUTADO ESTADUAL,PL,1,1,0,0,0,0,0,False
2026,TO,270002544491,PAULO DE TARCIO GOMES DA SILVA,DEPUTADO ESTADUAL,PL,1,1,0,0,0,0,0,False
2026,TO,270002544492,NILMAR GAVINO RUIZ,DEPUTADO ESTADUAL,PL,3,0,0,0,0,0,0,False
2026,TO,270002544493,ANA CÉLIA DA SILVA,DEPUTADO ESTADUAL,PL,1,0,0,0,0,0,0,False
2026,TO,270002544496,ALAOR OLIVEIRA MIRANDA,DEPUTADO FEDERAL,PT,2,1,0,1,1,0,0,True
2026,TO,270002544498,MARIA ALICE DA SILVA JORGE,DEPUTADO FEDERAL,PV,1,0,0,0,0,0,0,False
2026,TO,270002544501,NARUBIA SILVA WERRERIA,DEPUTADO FEDERAL,PT,2,0,0,0,0,0,0,False
2026,TO,270002544503,CELIO ALVES DE MOURA,DEPUTADO FEDERAL,PT,3,2,0,0,0,0,0,False
2026,TO,270002544505,ABRAAO CAVALCANTE LIMA,DEPUTADO FEDERAL,PDT,3,1,0,0,0,0,0,False
2026,TO,270002544646,OLYNTHO GARCIA DE OLIVEIRA NETO,DEPUTADO ESTADUAL,MDB,1,1,0,0,0,0,0,False
2026,TO,270002544648,TEREZA CRISTINA IBIAPINA DA ROCHA ARAÚJO,DEPUTADO ESTADUAL,MDB,2,1,0,0,0,0,0,False
2026,TO,270002544649,VALDEMAR RODRIGUES LIMA JUNIOR,DEPUTADO ESTADUAL,MDB,4,0,0,0,0,0,0,False
2026,TO,270002546037,SERGIO VIEIRA MARQUES,1º SUPLENTE,PODE,2,0,0,0,0,0,0,False
2026,TO,270002546660,IGOR RAONI ARISTIDES DE MOURA,DEPUTADO ESTADUAL,PT,4,1,0,0,0,0,0,False
2026,TO,270002546671,MERIELE CRISTINA COSTA RODRIGUES DE OLIVEIRA,DEPUTADO ESTADUAL,PV,2,0,0,0,0,0,0,False
2026,TO,270002546902,RONALDO LOPES DA SILVA,DEPUTADO FEDERAL,PSB,2,1,0,0,0,0,0,False
2026,TO,270002546904,HELIO SANTANA ARAUJO,DEPUTADO FEDERAL,PSB,1,0,0,0,0,0,0,False
2026,TO,270002548402,ANTONIO JAIR ABREU FARIAS,DEPUTADO FEDERAL,UNIÃO,7,5,0,2,1,0,0,True
2026,TO,270002548404,MÁRCIO ANTÔNIO BARBOSA DE MENDONÇA,DEPUTADO FEDERAL,UNIÃO,1,1,0,0,0,0,0,False
2026,TO,270002548407,LUANA NUNES GARCIA,DEPUTADO FEDERAL,UNIÃO,7,1,0,0,0,0,0,False
2026,TO,270002548408,ROBERLAN BARBOSA DA SILVA,DEPUTADO FEDERAL,PP,2,1,0,1,5,0,0,True
2026,TO,270002548409,ELI DIAS BORGES,SENADOR,REPUBLICANOS,1,0,0,0,0,0,0,False
2026,TO,270002548411,ELSON RIBEIRO DOS SANTOS,2º SUPLENTE,REPUBLICANOS,4,2,0,1,1,0,0,True
2026,TO,270002548416,INARA MOTA RODRIGUES MACHADO,DEPUTADO ESTADUAL,PODE,2,2,0,0,0,0,0,False
2026,TO,270002548418,ELZA MARIA DE SÁ BRITO,DEPUTADO ESTADUAL,PODE,2,0,0,0,0,0,0,False
2026,TO,270002548421,PAULO GOMES DE SOUZA,DEPUTADO ESTADUAL,PODE,2,0,0,0,0,0,0,False
2026,TO,270002548433,SANDOVAL LOBO CARDOSO,DEPUTADO FEDERAL,PODE,2,0,0,0,0,0,0,False
2026,TO,270002548434,CÉLIO CARMO DE SOUSA,DEPUTADO FEDERAL,PODE,7,7,0,7,6,0,0,True
2026,TO,270002548440,OSEIAS ALVES DOS REIS,DEPUTADO FEDERAL,PODE,1,1,0,0,0,0,0,False
2026,TO,270002548443,FERNANDA CERQUEIRA MARTINS,DEPUTADO ESTADUAL,UNIÃO,1,1,0,0,0,0,0,False
2026,TO,270002548445,LIZONETE NUNES DOS REIS,DEPUTADO ESTADUAL,PP,1,0,0,0,0,0,0,False
2026,TO,270002548452,IVANILSON DA SILVA MARINHO,DEPUTADO ESTADUAL,UNIÃO,3,2,0,0,0,0,0,False
2026,TO,270002548455,VILMA ALVES FEITOZA MARINHO,DEPUTADO ESTADUAL,UNIÃO,1,0,0,0,0,0,0,False
2026,TO,270002548456,VANDELUCIA MONTEIRO DE CASTRO REIS,DEPUTADO ESTADUAL,UNIÃO,2,0,0,0,0,0,0,False
2026,TO,270002548457,LEANDRO CAITANO DOS SANTOS,DEPUTADO ESTADUAL,UNIÃO,1,0,0,0,0,0,0,False
2026,TO,270002548459,WANDERLEY CLAUDINO MILHOMENS,DEPUTADO ESTADUAL,UNIÃO,5,2,0,2,1,0,0,True
2026,TO,270002548460,ISSAM SAADO,DEPUTADO ESTADUAL,UNIÃO,2,1,0,0,0,0,0,False
2026,TO,270002548519,POLIANA RESPLANDES LOPES,DEPUTADO FEDERAL,REPUBLICANOS,1,0,0,0,0,0,0,False
2026,TO,270002548520,ALFREDO FALCÃO COSTA JÚNIOR,DEPUTADO FEDERAL,REPUBLICANOS,2,1,0,0,0,0,0,False
2026,TO,270002548525,LUCAS GOMES PINHEIRO NETO,DEPUTADO FEDERAL,REPUBLICANOS,2,0,0,0,0,0,0,False
2026,TO,270002548526,ROSILENE PEREIRA DE SOUSA CRUZ,DEPUTADO FEDERAL,REPUBLICANOS,2,1,0,0,0,0,0,False
2026,TO,270002550084,ELENIL DA PENHA ALVES DE BRITO,DEPUTADO ESTADUAL,REPUBLICANOS,1,0,0,0,0,0,0,False
2026,TO,270002550085,EDUARDO SILVA MADRUGA,DEPUTADO ESTADUAL,REPUBLICANOS,2,1,0,0,0,0,0,False
2026,TO,270002550088,WELLINGTON FERREIRA DE MEDEIROS,DEPUTADO ESTADUAL,REPUBLICANOS,2,1,0,0,0,0,0,False
2026,TO,270002550093,MAXIANY BRITO AMORIM,DEPUTADO ESTADUAL,REPUBLICANOS,1,1,0,0,0,0,0,False
2026,TO,270002550094,DINAMARCIA LUSTOSA DE SOUZA MIRANDA,DEPUTADO ESTADUAL,REPUBLICANOS,3,3,0,0,0,0,0,False
2026,TO,270002550096,CLEITON CARDOSO DE ALMEIDA,DEPUTADO ESTADUAL,REPUBLICANOS,4,4,0,0,0,0,0,False
2026,TO,270002550458,IVAILDO PEREIRA DA CRUZ,GOVERNADOR,DC,2,2,0,1,1,0,0,True
2026,TO,270002550588,JOSE DE ARIMATEIA PEREIRA,DEPUTADO ESTADUAL,PRD,6,1,0,0,0,0,0,False
2026,TO,270002550589,MANOEL QUEIROZ DOS SANTOS,DEPUTADO ESTADUAL,PRD,3,0,0,0,0,0,0,False
2026,TO,270002550590,VIRGILIO DA SILVA AZEVEDO,DEPUTADO ESTADUAL,SOLIDARIEDADE,2,1,0,0,0,0,0,False
2026,TO,270002550591,GISELE GONCALVES RAMOS REZEK,DEPUTADO ESTADUAL,SOLIDARIEDADE,1,0,0,0,0,0,0,False
2026,TO,270002550592,ROBERTO CESAR FERREIRA DE OLIVEIRA,DEPUTADO ESTADUAL,PRD,5,0,0,0,0,0,0,False
2026,TO,270002550593,ANGELA MARIA SILVA,DEPUTADO ESTADUAL,PRD,3,2,0,0,0,0,0,False
2026,TO,270002550595,HULDA ALVES DA SILVA,DEPUTADO ESTADUAL,PRD,2,0,0,0,0,0,0,False
2026,TO,270002550596,WILSON LUCIMAR ALVES CARVALHO,DEPUTADO ESTADUAL,PRD,3,0,0,0,0,0,0,False
2026,TO,270002550597,LEILA CRISTINA MOREIRA SENN FRANCO ROCHA,DEPUTADO ESTADUAL,PRD,6,2,0,0,0,0,0,False
2026,TO,270002550598,WALTER NUNES VIANA JÚNIOR,DEPUTADO ESTADUAL,PRD,4,1,0,0,0,0,0,False
2026,TO,270002550600,VITOR LUIZ ROMUALDI FLORES,DEPUTADO ESTADUAL,SOLIDARIEDADE,3,0,0,0,0,0,0,False
2026,TO,270002550601,TERCILIANO GOMES ARAUJO,DEPUTADO ESTADUAL,SOLIDARIEDADE,5,2,0,0,0,0,0,False
2026,TO,270002550603,GLEYDSON NATO PEREIRA,DEPUTADO ESTADUAL,PRD,2,0,0,0,0,0,0,False
2026,TO,270002550604,DIAN CARLOS RODRIGUES NETO,DEPUTADO ESTADUAL,SOLIDARIEDADE,3,0,0,0,0,0,0,False
2026,TO,270002550605,BRUNO SOUSA AZEVEDO,DEPUTADO ESTADUAL,PRD,2,0,0,0,0,0,0,False
2026,TO,270002550606,SILVANEY RABELO DA ROCHA,DEPUTADO ESTADUAL,PRD,2,1,0,0,0,0,0,False
2026,TO,270002550607,CIBELE BEZERRA COSTA,DEPUTADO ESTADUAL,SOLIDARIEDADE,4,0,0,0,0,0,0,False
2026,TO,270002550608,ROSIMARIA DE SOUZA SANTOS,DEPUTADO ESTADUAL,PRD,2,0,0,0,0,0,0,False
2026,TO,270002550623,ELMIR JOSE ALVES,DEPUTADO FEDERAL,PRD,3,0,0,0,0,0,0,False
2026,TO,270002552198,SANDRA REGINA FERREIRA COSTA,DEPUTADO FEDERAL,DC,4,3,0,1,1,0,0,True
2026,TO,270002552199,CESAR COSTA DE OLIVEIRA,DEPUTADO FEDERAL,DC,4,1,0,0,0,0,0,False
2026,TO,270002552200,HANGRETTY DA SILVA FERRREIRA DE SÁ,DEPUTADO FEDERAL,DC,1,0,0,0,0,0,0,False
2026,TO,270002552216,RÔMODES LOPES DA SILVA,DEPUTADO ESTADUAL,DC,1,0,0,0,0,0,0,False
2026,TO,270002552217,RAIMUNDO NONATO SOARES RODRIGUES,DEPUTADO ESTADUAL,DC,8,1,0,0,0,0,0,False
2026,TO,270002552219,CINTHIA CRISTINA MOREIRA SIMPLICIO,DEPUTADO ESTADUAL,DC,2,2,0,0,0,0,0,False
2026,TO,270002552221,DIVINO DE FREITAS SOUZA,DEPUTADO ESTADUAL,DC,1,0,0,0,0,0,0,False
2026,TO,270002552968,FLAVIO ALVES BRAGA,SENADOR,DC,4,4,0,0,0,0,0,False
2026,TO,270002552969,ADEVAR JUNIOR BRAGA,1º SUPLENTE,DC,3,0,0,0,0,0,0,False
2026,TO,270002554116,NILMA FERREIRA DE SOUSA,DEPUTADO FEDERAL,PSOL,2,0,0,0,0,0,0,False
